source,target,weight
Alison J Nathan,Ghislaine Maxwell,1187
Ghislaine Maxwell,Jeffrey Epstein,694
Alison Moe,Lara Pomerantz,663
Alison Moe,Maurene Comey,660
Lara Pomerantz,Maurene Comey,608
Andrew Rohrbach,Lara Pomerantz,562
Alison Moe,Andrew Rohrbach,557
Christian R Everdell,Ghislaine Maxwell,539
Alison Moe,Ghislaine Maxwell,512
Andrew Rohrbach,Maurene Comey,497
Ghislaine Maxwell,Maurene Comey,497
Bobbi C Sternheim,Ghislaine Maxwell,479
Ghislaine Maxwell,Lara Pomerantz,475
Ghislaine Maxwell,Jeffrey S Pagliuca,444
Andrew Rohrbach,Ghislaine Maxwell,408
Alison J Nathan,Alison Moe,404
Alison J Nathan,Maurene Comey,403
Alison J Nathan,Christian R Everdell,368
Alison J Nathan,Lara Pomerantz,367
Ghislaine Maxwell,Laura A Menninger,334
Christian R Everdell,Jeffrey S Pagliuca,327
Jeffrey S Pagliuca,Laura A Menninger,313
Alison J Nathan,Andrew Rohrbach,309
Bobbi C Sternheim,Christian R Everdell,307
Alison J Nathan,Bobbi C Sternheim,289
Bobbi C Sternheim,Jeffrey S Pagliuca,282
Christian R Everdell,Laura A Menninger,282
Alison J Nathan,Jeffrey S Pagliuca,271
Lamine N'Diaye,Shirley V Skipper-Scott,260
Bobbi C Sternheim,Laura A Menninger,252
Damian Williams,Lara Pomerantz,239
Andrew Rohrbach,Damian Williams,234
Alison Moe,Damian Williams,233
Damian Williams,Maurene Comey,192
Ray Ormond,Shirley V Skipper-Scott,189
Alison Moe,Bobbi C Sternheim,181
Bobbi C Sternheim,Lara Pomerantz,181
Alison Moe,Christian R Everdell,174
Bobbi C Sternheim,Maurene Comey,174
Christian R Everdell,Maurene Comey,169
Andrew Rohrbach,Bobbi C Sternheim,158
Alison J Nathan,Laura A Menninger,146
Alison Moe,Jeffrey S Pagliuca,146
Alison J Nathan,Jeffrey Epstein,145
Christian R Everdell,Lara Pomerantz,141
Jeffrey Epstein,Sarah Kellen,141
Christian Everdell,Ghislaine Maxwell,138
Jeffrey S Pagliuca,Maurene Comey,137
Alison J Nathan,Christian Everdell,135
Damian Williams,Ghislaine Maxwell,134
Audrey Strauss,Maurene Comey,134
Jeffrey S Pagliuca,Lara Pomerantz,133
Andrew Rohrbach,Christian R Everdell,131
Alison Moe,Audrey Strauss,127
Andrew Rohrbach,Jeffrey S Pagliuca,122
Alison Moe,Christian Everdell,122
Audrey Strauss,Lara Pomerantz,119
Hugh Hurwitz,Ray Ormond,116
Christian Everdell,Lara Pomerantz,115
Andrew Rohrbach,Christian Everdell,114
Christian Everdell,Maurene Comey,113
Ghislaine Maxwell,Jeffrey Pagliuca,112
Lamine N'Diaye,Ray Ormond,112
Ghislaine Maxwell,Mark S Cohen,109
J Ray Ormond,Ray Ormond,104
Alex Rossmiller,Ghislaine Maxwell,103
Christian Everdell,Laura Menninger,103
Christian R Everdell,Mark S Cohen,102
Alex Rossmiller,Alison J Nathan,97
Bobbi Sternheim,Christian Everdell,94
Jeffrey Epstein,Richard M Berman,94
Alison J Nathan,Jeffrey Pagliuca,92
Ghislaine Maxwell,Laura Menninger,92
Jeffrey Epstein,Lee Plourde,92
Bobbi Sternheim,Ghislaine Maxwell,90
Alex Rossmiller,Alison Moe,88
Alex Rossmiller,Maurene Comey,84
Bobbi Sternheim,Lara Pomerantz,83
Bobbi Sternheim,Laura Menninger,82
Alison J Nathan,Bobbi Sternheim,80
Alison J Nathan,Damian Williams,79
Alison Moe,Bobbi Sternheim,79
Charisma Edge,Shirley V Skipper-Scott,79
Andrew Rohrbach,Bobbi Sternheim,78
Alison Moe,Laura Menninger,77
Audrey Strauss,Ghislaine Maxwell,76
Laura A Menninger,Maurene Comey,74
Alison Moe,Jeffrey Pagliuca,73
Jeffrey Epstein,R Alexander Acosta,73
Haley Robson,Jeffrey Epstein,72
J Ray Ormond,Shirley Skipper-Scott,72
Jeffrey Epstein,Lamine N'Diaye,71
Ray Ormond,Shirley Skipper-Scott,71
Bobbi Sternheim,Maurene Comey,70
Andrew Rohrbach,Laura Menninger,69
Lara Pomerantz,Laura Menninger,68
Jeffrey Epstein,Shirley V Skipper-Scott,68
Christian Everdell,Jeffrey Pagliuca,67
Laura Menninger,Maurene Comey,67
Alison J Nathan,Laura Menninger,65
Lara Pomerantz,Laura A Menninger,64
Jeffrey Epstein,Virginia Roberts,63
Charisma Edge,Lamine N'Diaye,63
Alison Moe,Laura A Menninger,62
Andrew Rohrbach,Laura A Menninger,62
Andrew Rohrbach,Audrey Strauss,62
Gerald Lefcourt,Jeffrey Epstein,61
Alison J Nathan,Mark S Cohen,61
Lilly Ann Sanchez,R Alexander Acosta,60
Jeffrey Pagliuca,Laura Menninger,59
Det Joe Recarey,Haley Robson,59
J Ray Ormond,Shirley V Skipper-Scott,59
Amanda Young,Paul Byrne,58
Jeffrey Pagliuca,Maurene Comey,58
Jeffrey Edward Epstein,Lamine N'Diaye,58
Jeffrey S Pagliuca,Mark S Cohen,57
Alex Rossmiller,Christian R Everdell,57
Bobbi C Sternheim,Damian Williams,56
Jeffrey Epstein,Lilly Ann Sanchez,56
Det Joe Recarey,Jeffrey Epstein,56
Laura A Menninger,Mark S Cohen,56
Jeffrey Pagliuca,Lara Pomerantz,55
Gerald Lefcourt,Lilly Ann Sanchez,55
Gerald Lefcourt,R Alexander Acosta,55
Lamine N'Diaye,Lee Plourde,55
Michael Thomas,Tova Noel,55
Bobbi C Sternheim,Mark S Cohen,55
Alison Moe,Jeffrey Epstein,54
Andrew Rohrbach,Jeffrey Pagliuca,54
Christian R Everdell,Damian Williams,52
Bobbi Sternheim,Jeffrey Pagliuca,52
Catherine O'Hagan Wolfe,Ghislaine Maxwell,51
Hugh Hurwitz,Jeffrey Epstein,51
Dave Rodgers,Jeffrey Epstein,51
Alison Moe,Amanda Young,50
Minor Victim-2,Minor Victim-3,50
Jeffrey Epstein,Lanna Belohlavek,50
Damian Williams,Jeffrey S Pagliuca,49
Damian Williams,Laura A Menninger,49
Alison Moe,Paul Byrne,49
Ghislaine Maxwell,Virginia Roberts,49
Jack A Goldberger,Jeffrey Epstein,49
Lee Plourde,Shirley V Skipper-Scott,49
Amanda Young,Maurene Comey,48
Jeffrey Epstein,Larry Visoski,48
Jack A Goldberger,Lanna Belohlavek,48
Jeffrey Epstein,Maurene Comey,46
Alison Moe,Sunny Drescher,46
Amanda Young,Lara Pomerantz,46
Andrew Rohrbach,Sunny Drescher,46
A Marie Villafana,Jeffrey Epstein,46
Det Dawson,Det Joe Recarey,46
Amanda Young,Andrew Rohrbach,45
Amanda Young,Bobbi C Sternheim,45
Bobbi C Sternheim,Sunny Drescher,45
Ghislaine Maxwell,Sunny Drescher,45
Maurene Comey,Sunny Drescher,45
Minor Victim-1,Minor Victim-3,45
A Marie Villafana,R Alexander Acosta,45
Ghislaine Maxwell,Jeff Pagliuca,45
Haley Robson,Sarah Kellen,45
Catherine O'Hagan Wolfe,Debra Ann Livingston,45
Amanda Young,Ghislaine Maxwell,44
Lara Pomerantz,Sunny Drescher,44
Paul Byrne,Sunny Drescher,44
Dave Rodgers,Larry Visoski,44
Alison J Nathan,Audrey Strauss,43
Annie Farmer,Ghislaine Maxwell,43
Amanda Young,Sunny Drescher,43
Andrew Rohrbach,Paul Byrne,43
Bobbi C Sternheim,Paul Byrne,43
Christian R Everdell,Sunny Drescher,43
Ghislaine Maxwell,Paul Byrne,43
Maurene Comey,Paul Byrne,43
Minor Victim-1,Minor Victim-2,43
A Marie Villafana,Gerald Lefcourt,43
Jeff Pagliuca,Laura Menninger,43
Cecilia Steen,Jeffrey E Epstein,43
Charisma Edge,Jeffrey Edward Epstein,43
Charisma Edge,Jeffrey Epstein,43
Amanda Young,Christian R Everdell,42
Alison Moe,Jeff Pagliuca,42
Jeff Pagliuca,Maurene Comey,42
Alex Rossmiller,Jeffrey S Pagliuca,42
Charisma Edge,James Petrucci,42
Charisma Edge,Lee Plourde,42
Christian R Everdell,Paul Byrne,41
Lara Pomerantz,Paul Byrne,41
Christian R Everdell,Mark Stewart Cohen,41
Christian Everdell,Jeff Pagliuca,41
David Oscar Markus,Ghislaine Maxwell,41
Jeffrey Epstein,Ray Ormond,41
Alison J Nathan,Amanda Young,40
Alison J Nathan,Sunny Drescher,40
Damian Williams,Sunny Drescher,40
A Marie Villafana,Lilly Ann Sanchez,40
Nadia Marcinkova,Sarah Kellen,40
Ghislaine Maxwell,Sigrid S Mccawley,39
Jeffrey Epstein,Minor Victim-1,39
Alison J Nathan,Paul Byrne,39
Alison J Nathan,Jeff Pagliuca,39
Jeff Pagliuca,Lara Pomerantz,39
Det Joe Recarey,Sarah Kellen,39
Judge Nathan,Judge Preska,39
Amanda Young,Damian Williams,38
Damian Williams,Paul Byrne,38
Alison J Nathan,Ghislain Maxwell,37
Jeffrey Epstein,Lara Pomerantz,37
Jeffrey S Pagliuca,Sunny Drescher,37
Laura A Menninger,Sunny Drescher,37
Det Joe Recarey,Jeff Epstein,37
Ghislaine Maxwell,Mark Stewart Cohen,37
Judge Pauley,Paul M Daugerdas,36
Audrey Strauss,Damian Williams,36
Larry Visoski,Sarah Kellen,36
Alison Moe,Nicole Simmons,36
Maurene Comey,Nicole Simmons,36
Alison Moe,Ann Lundberg,36
Amanda Young,Jeffrey S Pagliuca,36
Amanda Young,Laura A Menninger,36
Andrew Rohrbach,Ann Lundberg,36
Ann Lundberg,Damian Williams,36
Ann Lundberg,Ghislaine Maxwell,36
Ann Lundberg,Lara Pomerantz,36
Ann Lundberg,Maurene Comey,36
Andrew Rohrbach,Jeff Pagliuca,36
Ghislaine Maxwell,Minor Victim-1,36
James Petrucci,Jeffrey Epstein,36
Christian Everdell,Jeffrey S Pagliuca,36
Alex Rossmiller,Jeffrey Epstein,35
Ghislaine Maxwell,Nicole Simmons,35
Alison J Nathan,Ann Lundberg,35
Amanda Young,Ann Lundberg,35
Ann Lundberg,Bobbi C Sternheim,35
Ann Lundberg,Christian R Everdell,35
Ann Lundberg,Jeffrey S Pagliuca,35
Ann Lundberg,Laura A Menninger,35
Ann Lundberg,Paul Byrne,35
Ann Lundberg,Sunny Drescher,35
Jeffrey S Pagliuca,Paul Byrne,35
Laura A Menninger,Paul Byrne,35
Alison J Nathan,Mark Stewart Cohen,35
Ghislaine Maxwell,Mark Cohen,35
Mark Cohen,Maurene Comey,35
Analisa Torres,Michael Thomas,35
Alison J Nathan,Sigrid S Mccawley,34
Alison J Nathan,Mark Cohen,34
Jeffrey Edward Epstein,Ray Ormond,34
Annie Farmer,Maria Farmer,33
Annie Farmer,Jeffrey Epstein,33
Andrew Rohrbach,Nicole Simmons,33
Lara Pomerantz,Nicole Simmons,33
Laura A Menninger,Mark Stewart Cohen,33
Jeffrey Epstein,Nadia Marcinkova,33
Alison Moe,Mark Cohen,33
Shirley Skipper-Scott,Shirley V Skipper-Scott,33
Bobbi Sternheim,Jeff Pagliuca,33
Ghislaine Maxwell,Virginia Giuffre,32
Jeffrey S Pagliuca,Mark Stewart Cohen,32
G Maxwell,Jeffrey Epstein,32
Analisa Torres,Tova Noel,32
Andrew Rohrbach,Jeffrey Epstein,31
Alison J Nathan,Annie Farmer,31
Bobbi C Sternheim,Christian Everdell,31
Jane Doe,Jeffrey Epstein,31
Ghislaine Maxwell,Minor Victim-2,31
Jeffrey Epstein,Joe Recarey,30
Reid Weingarten,Richard M Berman,30
Ghislaine Maxwell,Minor Victim-3,29
Ghislaine Maxwell,Sophia Papapetru,29
Alison J Nathan,Heriberto Tellez,29
Alan Dershowitz,Jeffrey Epstein,28
Jeffrey Edward Epstein,Lee Plourde,28
Ghislaine Maxwell,Heriberto Tellez,28
Jeffrey Epstein,Reid Weingarten,28
Jeffrey Epstein,Nickie A Altomaro,28
Dave Rodgers,Sarah Kellen,28
Jeffrey Pagliuca,Mark Cohen,27
Bobbi C Sternheim,Sophia Papapetru,27
Det Dawson,Haley Robson,27
James Petrucci,Marti Licon-Vitale,27
Alex Rossmiller,Laura A Menninger,27
Dana Burns,Jeffrey Epstein,27
Alison J Nathan,Virginia Giuffre,26
Jeffrey Epstein,Joseph Recarey,26
Haley Robson,Jeff Epstein,26
James Petrucci,Shirley V Skipper-Scott,26
Alex Rossmiller,Lara Elizabeth Pomerantz,26
Adam Mueller,Ghislaine Maxwell,26
Ghislaine Maxwell,John M Leventhal,25
Audrey Strauss,Jeffrey Epstein,25
Christian Everdell,Damian Williams,25
Alison J Nathan,Sophia Papapetru,25
Ghislaine Maxwell,Sarah Kellen,25
Dave Rodgers,Larry Morrison,25
Ghislaine Maxwell,Judge Nathan,24
Annie Farmer,Virginia Giuffre,24
Christian Everdell,Christian R Everdell,24
Christian R Everdell,Jeffrey Epstein,24
Ghislaine Maxwell,Juan Alessi,24
Damian Williams,Jeffrey Pagliuca,24
Damian Williams,Laura Menninger,24
Haley Robson,Joe Recarey,24
Jeffrey Edward Epstein,Jeffrey Epstein,24
Lamine N'Diaye,Shirley Skipper-Scott,24
Alex Rossmiller,Audrey Strauss,24
Joseph Recarey,Nickie A Altomaro,24
Jeffrey Epstein,Virginia Giuffre,23
Ghislaine Maxwell,Sigrid Mccawley,23
David Boies,Sigrid Mccawley,23
Jeffrey Epstein,Juan Alessi,23
Lamine N'Diaye,Michael Greco,23
James Petrucci,Lee Plourde,23
Ghislaine Maxwell,Maria Farmer,22
Bobbi Sternheim,Damian Williams,22
Jeffrey E Epstein,Lanna Belohlavek,22
Det Sandman,Jeffrey Epstein,22
Bobbi C Sternheim,Heriberto Tellez,22
Ghislaine Maxwell,Lara Elizabeth Pomerantz,22
Alex Rossmiller,Reid Weingarten,22
Alex Rossmiller,Richard M Berman,22
Bobbi Sternheim,Jeffrey S Pagliuca,22
Alison J Nathan,Ghislainc Maxwell,21
Donald Trump,Jeffrey Epstein,21
Brad Edwards,Ghislaine Maxwell,21
Bill Clinton,Jeffrey Epstein,21
David Boies,Ghislaine Maxwell,21
Lamine N'Diaye,Richard M Berman,21
B Bc,Jeffrey Edward Epstein,21
Alex Rossmiller,Alison Gainfort Moe,21
Alex Rossmiller,Mark Cohen,21
Martin Weinberg,Reid Weingarten,21
Martin Weinberg,Richard M Berman,21
Alison J Nathan,George Malinowski,21
Alison J Nathan,Martha Martin,21
Alison Moe,George Malinowski,21
Alison Moe,Martha Martin,21
Andrew Rohrbach,George Malinowski,21
Andrew Rohrbach,Martha Martin,21
Christian Everdell,George Malinowski,21
Christian Everdell,Martha Martin,21
George Malinowski,Ghislaine Maxwell,21
George Malinowski,Lara Pomerantz,21
George Malinowski,Laura Menninger,21
George Malinowski,Martha Martin,21
George Malinowski,Maurene Comey,21
Ghislaine Maxwell,Martha Martin,21
Lara Pomerantz,Martha Martin,21
Laura Menninger,Martha Martin,21
Martha Martin,Maurene Comey,21
Jeffrey Epstein,Larry Morrison,21
Jeffrey Epstein,Judge Nathan,20
Damian Williams,Jeffrey Epstein,20
Elizabeth Loftus,Ghislaine Maxwell,20
Bobbi C Sternheim,Laura Menninger,20
The Court,The Witness,20
Catherine O'Hagan Wolfe,Raymond J Lohier,20
Jack Goldberger,Jeffrey Epstein,20
Jeffrey Epstein,Martin Weinberg,20
Det Dawson,Sarah Kellen,20
Alison Moe,Richard M Berman,20
Altomaro Nickie A,Recarey Joseph,20
Catherine Conrad,Theresa Trzaskoma,19
Bobbi C Sternheim,Jeffrey Pagliuca,19
Natalie Bennett,William O'Donohue,19
Alfredo Rodriguez,Jeffrey Epstein,19
Alex Rossmiller,Geoffrey S Berman,19
Ghislaine Maxwell,Raymond J Lohier,19
Haley Robson,Sgt Frick,19
Det Joe Recarey,Det Sandman,19
Det Dawson,Jeffrey Epstein,19
Jeffrey Epstein,Nada Marcinkova,19
Michael Carvajal,Ray Ormond,19
Alex Rossmiller,Maurene Ryan Comey,19
Christian R Everdell,Jeffrey Pagliuca,19
Ghislaine Maxwell,Paul A Engelmayer,19
Geoffrey S Berman,Richard M Berman,19
Bobbi Sternheim,George Malinowski,19
Bobbi Sternheim,Martha Martin,19
Michael Thomas,Nicolas Roos,19
Dave Rodgers,Nadia Marcinkova,19
Arthur L Aidala,Diana Fabi Samson,18
Arthur L Aidala,Ghislaine Maxwell,18
Arthur L Aidala,John M Leventhal,18
Diana Fabi Samson,Ghislaine Maxwell,18
Alison Moe,Renato Stabile,18
Andrew Rohrbach,Renato Stabile,18
Ghislaine Maxwell,Renato Stabile,18
Bobbi C Sternheim,Jeffrey Epstein,18
Brad Edwards,Jeffrey Epstein,18
Brad Edwards,Stan Pottinger,18
Ghislaine Maxwell,Virginia L Giuffre,18
Barry Krischer,Jeffrey Epstein,18
Charisma Edge,Marti Licon-Vitale,18
G Tali,J Epstein,18
Ray Ormond,Sonya Thompson,18
Ghislaine Maxwell,Ty Gee,18
Alison J Nathan,Lara Elizabeth Pomerantz,18
Alison Moe,Martin Weinberg,18
Michael Thomas,Montell Figgins,18
Altomaro Nickie A,Jeffrey Epstein,18
Elizabeth Stein,Sarah Ransome,17
Ghislaine Maxwell,Sarah Ransome,17
Alison J Nathan,Maria Farmer,17
Annie Farmer,Virginia Roberts,17
Ghislaine Maxwell,Scotty David,17
Maurene Comey,Renato Stabile,17
Bobbi C Sternheim,Mark Stewart Cohen,17
Bennett Gershman,Ryan Hall,17
Jordana H Feldman,Patrick J Smith,17
Bill Clinton,Donald Trump,17
Det Dawson,Nada Marcinkova,17
Det Dawson,Jeff Epstein,17
Jeffrey Edward Epstein,Shirley V Skipper-Scott,17
Colleen Mcmahon,Jeffrey Epstein,17
Adam Mueller,Ty Gee,17
Jeffrey S Pagliuca,Lara Elizabeth Pomerantz,17
Alison Moe,Reid Weingarten,17
Geoffrey S Berman,Jeffrey Epstein,17
Diana Fabi Samson,John M Leventhal,16
Susan Brune,Theresa Trzaskoma,16
David Rodgers,Larry Visoski,16
Alison J Nathan,Sigrid Mccawley,16
Ghislaine Maxwell,Robert Glassman,16
Ghislaine Maxwell,Maureen Comey,16
Alison J Nathan,Renato Stabile,16
Lara Pomerantz,Renato Stabile,16
Elizabeth Loftus,Park Dietz,16
Hall Rcw,Hatters Friedman S,16
Dietz Pe,Park Dietz,16
Minor Victim-3,Minor Victim-4,16
Lesley Groff,Sarah Kellen,16
Barry Krischer,Lanna Belohlavek,16
Alex Rossmiller,Andrew Rohrbach,16
John Wallace,Sophia Papapetru,16
Jeffrey Epstein,Prince Andrew,16
Joe Recarey,Sarah Kellen,16
Jeffrey Epstein,Michael Greco,16
Alison Gainfort Moe,Maurene Ryan Comey,16
Alex Rossmiller,Mark Stewart Cohen,16
Alison J Nathan,Kelly Mcguirk,16
Ghislaine Maxwell,Kelly Mcguirk,16
Larry Morrison,Larry Visoski,16
Alex Rossmiller,Martin Weinberg,16
Jeffrey Epstein,Martin G Weinberg,16
Maurene Comey,Richard M Berman,16
Jeffrey Epstein,Leslie Wexner,16
George Malinowski,Jeff Pagliuca,16
Jeff Pagliuca,Martha Martin,16
Larry Visoski,Nadia Marcinkova,16
Annie Farmer,Sigrid S Mccawley,15
Alison J Nathan,David Boies,15
Alison Moe,Maureen Comey,15
Minor Victim-1,Minor Victim-4,15
Bobbi C Sternheim,Renato Stabile,15
Ghislaine Maxwell,Jordana H Feldman,15
Alison J Nathan,Jordana H Feldman,15
Alison J Nathan,Patrick J Smith,15
Adriana Ross,Nadia Marcinkova,15
Adriana Ross,Sarah Kellen,15
Jane Doe #1,Jane Doe #2,15
Jeffrey Epstein,Kevin Spacey,15
Ghislaine Maxwell,Larry Visoski,15
Dave Rodgers,Ghislaine Maxwell,15
Jack A Goldberger,Jeffrey E Epstein,15
Colleen Mcmahon,Richard M Berman,15
Alison Gainfort Moe,Lara Elizabeth Pomerantz,15
Alex Rossmiller,Lea Harmon,15
Alison Moe,Lea Harmon,15
Christian R Everdell,Mark Cohen,15
G Maxwell,Jeffrey E Epstein,15
Jeffrey S Pagliuca,Laura Menninger,15
David Mullen,Jeffrey Epstein,15
Dana Burns,Sarah Kellen,15
Larry Morrison,Sarah Kellen,15
Jeffrey Epstein,Jordana H Feldman,14
Juan Alessi,Sarah Kellen,14
Maria Farmer,Virginia Giuffre,14
Alison J Nathan,Robert Glassman,14
Andrew Rohrbach,Maureen Comey,14
Ghislaine Maxwell,Virginia Roberts Giuffre,14
Jeffrey Epstein,Maria Farmer,14
Jeffrey Epstein,Sigrid Mccawley,14
Jeffrey Epstein,Judge Berman,14
Renato Stabile,Sunny Drescher,14
Ghislaine Maxwell,Park Dietz,14
Doyle Jm,Loftus Ef,14
Hall Rcw,Jain A,14
Hazelwood Rr,Park Dietz,14
Garry M,Loftus Ef,14
Amanda Kramer,Jeffrey Epstein,14
Amanda Young,Jeffrey Epstein,14
Lesley Groff,Nadia Marcinkova,14
Bill Clinton,Kevin Spacey,14
Alan Dershowitz,Jack Goldberger,14
Catherine O'Hagan Wolfe,Pierre N Leval,14
Catherine O'Hagan Wolfe,Richard J Sullivan,14
Ghislaine Maxwell,Pierre N Leval,14
Ghislaine Maxwell,Richard J Sullivan,14
Pierre N Leval,Raymond J Lohier,14
Pierre N Leval,Richard J Sullivan,14
Raymond J Lohier,Richard J Sullivan,14
Lara Pomerantz,Mark Cohen,14
Det Joe Recarey,Nada Marcinkova,14
Jack A Goldberger,Lanna Leigh Belohlavek,14
Det Dawson,Sgt Frick,14
Det Joe Recarey,Sgt Frick,14
Nada Marcinkova,Sarah Kellen,14
Michael Greco,Richard M Berman,14
Jeffrey Epstein,Lieutenant B,14
Alison Gainfort Moe,Andrew Rohrbach,14
Andrew Rohrbach,Maurene Ryan Comey,14
Alex Rossmiller,Katharine H Parker,14
Ghislaine Maxwell,Katharine H Parker,14
Lara Elizabeth Pomerantz,Laura A Menninger,14
Ghislaine Maxwell,William Juli,14
Jeffrey Epstein,Marc Fernich,14
Marc Fernich,Richard M Berman,14
Alison Moe,Geoffrey S Berman,14
Geoffrey S Berman,Maurene Comey,14
Maurene Comey,Reid Weingarten,14
Jessica Lonergan,Nicolas Roos,14
George Malinowski,Jeffrey S Pagliuca,14
Jeffrey S Pagliuca,Martha Martin,14
Ghislaine Maxwell,Patrick J Smith,14
Nicolas Roos,Rebekah Donaleski,14
Dana Burns,Dave Rodgers,14
Alison J Nathan,Sarah Ransome,13
Elizabeth Stein,Ghislaine Maxwell,13
Ghislaine Maxwell,Prince Andrew,13
Juliette Bryant,Maria Farmer,13
Juliette Bryant,Teresa Helm,13
Maria Farmer,Teresa Helm,13
Maria Farmer,Sarah Ransome,13
David Rodgers,Sarah Kellen,13
Lara Pomerantz,Maureen Comey,13
Alison Moe,Mark Stewart Cohen,13
Ghislaine Maxwell,Ryan Hall,13
Brad Edwards,Jack Scarola,13
Jeffrey Epstein,Minor Victim-3,13
Alison Moe,Ryan Hall,13
Andrew Rohrbach,Ryan Hall,13
Lara Pomerantz,Ryan Hall,13
Maurene Comey,Ryan Hall,13
Davis D,Loftus Ef,13
Ghislaine Maxwell,Rebecca Forman,13
Adriana Ross,Lesley Groff,13
Juan Alessi,Maria Alessi,13
Jeffrey Epstein,Minor Victim-2,13
David Boies,Jeffrey Epstein,13
A Marie Villafaa,R Alexander Acosta,13
Alison J Nathan,David Oscar Markus,13
Gerald B Lefcourt,Lanna Belohlavek,13
Charisma Edge,Ray Ormond,13
B Bc,Jeffrey Epstein,13
Alex Rossmiller,Mark S Cohen,13
Christian Everdell,Laura A Menninger,13
Alison J Nathan,Katharine H Parker,13
Alex Rossmiller,Jeffrey Pagliuca,13
Alex Rossmiller,Kristine Caraannante,13
Alison J Nathan,Kristine Caraannante,13
Alison J Nathan,Lea Harmon,13
Alison Moe,Kristine Caraannante,13
Christian R Everdell,Kristine Caraannante,13
Christian R Everdell,Lea Harmon,13
Ghislaine Maxwell,Kristine Caraannante,13
Ghislaine Maxwell,Lea Harmon,13
Kristine Caraannante,Lea Harmon,13
Kristine Caraannante,Maurene Comey,13
Lea Harmon,Maurene Comey,13
Bobbi C Sternheim,Mark Cohen,13
Alison J Nathan,Catherine O'Hagan Wolfe,13
Catherine O'Hagan Wolfe,Lara Pomerantz,13
Catherine O'Hagan Wolfe,Maurene Comey,13
Alison J Nathan,Kristen Carannante,13
Christian R Everdell,Kelly Mcguirk,13
Ghislaine Maxwell,Kristen Carannante,13
Ghislaine Maxwell,Jos A Cabranes,13
Paul A Engelmayer,Richard M Berman,13
Michael Thomas,Rebekah Donaleski,13
Alison J Nathan,Paula Speer,13
Ghislaine Maxwell,Paula Speer,13
Jeff Pagliuca,Jeffrey S Pagliuca,13
Jeffrey Epstein,Recarey Joseph,13
Catherine Conrad,Judge Pauley,12
Juliette Bryant,Sarah Ransome,12
Sarah Ransome,Teresa Helm,12
Annie Farmer,Sarah Ransome,12
Christian Everdell,Maureen Comey,12
Christian R Everdell,Renato Stabile,12
Damian Williams,Renato Stabile,12
Jeffrey S Pagliuca,Renato Stabile,12
Laura A Menninger,Renato Stabile,12
Amanda Young,Renato Stabile,12
Paul Byrne,Renato Stabile,12
Alison J Nathan,Elizabeth Loftus,12
Hall Rcw,Sorrentino R,12
Hatters Friedman S,Jain A,12
Minor Victim-4,Minor Victim-6,12
Christian Everdell,Jeffrey Epstein,12
Alison Moe,Elizabeth Loftus,12
Andrew Rohrbach,Elizabeth Loftus,12
Elizabeth Loftus,Lara Pomerantz,12
Brad Edwards,Virginia Roberts,12
Jeffrey Epstein,Jeffrey Pagliuca,12
Alison Moe,Jordana H Feldman,12
Alison Moe,Patrick J Smith,12
Andrew Rohrbach,Jordana H Feldman,12
Andrew Rohrbach,Patrick J Smith,12
Jordana H Feldman,Lara Pomerantz,12
Jordana H Feldman,Maurene Comey,12
Lara Pomerantz,Patrick J Smith,12
Maurene Comey,Patrick J Smith,12
Brad Edwards,Sigrid Mccawley,12
Ghislaine Maxwell,Minor Victim-4,12
Barry E Krischer,Lanna Belohlavek,12
Jack A Goldberger,Sandra K Mcsorley,12
Jack A Goldberger,Theodore J Leopold,12
Jeffrey Epstein,Tony Higgins,12
Jeffrey Epstein,Stuart S Mermelstein,12
Guy Fronstin,Jeffrey Epstein,12
Ghislaine Maxwell,Jeffrey E Epstein,12
Michael Carvajal,Sonya Thompson,12
Jeffrey Epstein,Officer B,12
Lieutenant B,Officer B,12
Lara Elizabeth Pomerantz,Maurene Ryan Comey,12
Alison Moe,Mark S Cohen,12
Mark S Cohen,Maurene Comey,12
Lara Elizabeth Pomerantz,Maurene Comey,12
Alison Moe,Catherine O'Hagan Wolfe,12
Lara Pomerantz,Won S Shin,12
Maurene Comey,Won S Shin,12
Kelly Mcguirk,Kristen Carannante,12
Geoffrey S Berman,Reid Weingarten,12
Martin Weinberg,Maurene Comey,12
Alison J Nathan,Rebecca Forman,12
Alison Moe,Sigrid S Mccawley,12
Lara Pomerantz,Sigrid S Mccawley,12
Maurene Comey,Sigrid S Mccawley,12
Jessica Lonergan,Rebekah Donaleski,12
Alison J Nathan,Elizabeth Stein,11
Alison J Nathan,Michelle Healy,11
Juan Alessi,Larry Visoski,11
Ghislaine Maxwell,Robert Maxwell,11
Allison Moe,Maurene Comey,11
Jeffrey Epstein,Jeffrey S Pagliuca,11
Alison J Nathan,Park Dietz,11
Alison J Nathan,Ryan Hall,11
Ghislaine Maxwell,Lisa Rocchio,11
Alison J Nathan,Brad Edwards,11
Brad Edwards,Robert Glassman,11
Jack Scarola,Robert Glassman,11
John Lopez,Robert Kelso,11
Bennett Gershman,Robert Kelso,11
Robert Kelso,Ryan Hall,11
N Bennett,W O'Donohue,11
Dietz P,Park Dietz,11
Amanda Kramer,Stan Pottinger,11
Brad Edwards,Jeffrey S Pagliuca,11
Jeffrey Epstein,William Barr,11
Bobbi C Sternheim,Jeff Pagliuca,11
Alfredo Rodriguez,Ghislaine Maxwell,11
Bradley Edwards,Jeffrey Epstein,11
Alice Fisher,Sigal Mandelker,11
Peter Skinner,Sigrid Mccawley,11
Jeffrey Epstein,Roy Black,11
Christian R Everdell,David Oscar Markus,11
Jeffrey Epstein,Sgt Frick,11
Jeffrey Epstein,Sandra Mcsorley,11
Courtney Wild,Jeffrey Epstein,11
Jeffrey E Epstein,Jeffrey Edward Epstein,11
Day Watch Operations Lieutenant,Evening Watch Operations Lieutenant,11
Marti Licon-Vitale,Shirley V Skipper-Scott,11
Ray Ormond,Us Attorney,11
Jeffrey Pagliuca,Kristine Caraannante,11
Jeffrey Pagliuca,Lea Harmon,11
Alison J Nathan,John Wallace,11
Christian R Everdell,Sophia Papapetru,11
Ghislaine Maxwell,John Wallace,11
Bobbi C Sternheim,Catherine O'Hagan Wolfe,11
Alison Moe,Sophia Papapetru,11
Andrew Rohrbach,Sophia Papapetru,11
Lara Pomerantz,Sophia Papapetru,11
Maurene Comey,Sophia Papapetru,11
Kristine Caraannante,Mark Cohen,11
Lea Harmon,Mark Cohen,11
Marc Fernich,Reid Weingarten,11
Geoffrey S Berman,Martin Weinberg,11
Linda Childs,Michael Thomas,11
Andrew Rohrbach,Sigrid S Mccawley,11
Jessica Lonergan,Michael Thomas,11
Bill Hammond,Jeffrey Epstein,11
Aileen Josephs,Jeffrey Epstein,11
Camille S Biros,Kenneth R Feinberg,10
Carrie Yackee,David Parse,10
Catherine Conrad,David Parse,10
Alexander Hamilton,Alison J Nathan,10
Ghislaine Maxwell,Jane Doe,10
Juan Alessi,Virginia Roberts,10
Sigrid Mccawley,Virginia Giuffre,10
Ann Lundberg,Renato Stabile,10
Gerald Laporte,John Lopez,10
Alison J Nathan,Kimba M Wood,10
Hatters Friedman S,Sorrentino R,10
Jain A,Sorrentino R,10
Lilienfeld So,Loftus Ef,10
Elizabeth Loftus,Maurene Comey,10
Jeffrey Epstein,Stan Pottinger,10
Christian Everdell,Mark Cohen,10
Ghislaine Maxwell,Stephen Rex Brown,10
Barry Krischer,Michael Reiter,10
Alice Fisher,Mark Filip,10
Donald Trump,Kevin Spacey,10
A Marie Villafaa,Lilly Ann Sanchez,10
David Markus,Ghislaine Maxwell,10
Andrew Lourie,Matthew Menchel,10
Celina Midelfart,Jeffrey Epstein,10
Jeffrey Epstein,Shelly Lewis,10
Sky Roberts,Virginia Roberts,10
Jeffrey Epstein,The Court,10
Lanna Belohlavek,Theodore J Leopold,10
Alan Dershowitz,Barry Krischer,10
John Alessi,Marie Alessi,10
Jeffrey Epstein,Lanna Leigh Belohlavek,10
Janusz Banasiak,Jeffrey Epstein,10
Christina Venero,Jeffrey Epstein,10
Epstein Jeffrey Edward,N'Diaye Lamine,10
N'Diaye Lamine,Ray Ormond,10
Hugh Hurwitz,Us Attorney,10
Judge Berman,Warden Petrucci,10
Andrew Rohrbach,Lara Elizabeth Pomerantz,10
Alison Moe,Won S Shin,10
Christian R Everdell,John Wallace,10
Alison Moe,Heriberto Tellez,10
Heriberto Tellez,Lara Pomerantz,10
Heriberto Tellez,Maurene Comey,10
Andrew Rohrbach,Kristen Carannante,10
Christian R Everdell,Kristen Carannante,10
Cecilia Steen,Jeanne Brennan,10
Amanda Young,Marc Fernich,10
Jeffrey Epstein,Paul Byrne,10
Marc Fernich,Martin Weinberg,10
Marc Fernich,Paul Byrne,10
Martin G Weinberg,Richard M Berman,10
Alison J Nathan,Khris Sellin,10
Alison Moe,Khris Sellin,10
Andrew Rohrbach,Khris Sellin,10
Christian Everdell,Khris Sellin,10
Ghislaine Maxwell,Khris Sellin,10
Jeff Pagliuca,Khris Sellin,10
Khris Sellin,Lara Pomerantz,10
Khris Sellin,Maurene Comey,10
Linda Childs,Montell Figgins,10
Analisa Torres,Jessica Lonergan,10
Analisa Torres,Montell Figgins,10
Adriana Mucinska,Jeffrey Epstein,10
David Mullen,Larry Visoski,10
David Mullen,Sarah Kellen,10
Larry Morrison,Nadia Marcinkova,10
Ric L Bradshaw,Sharon R Bock,10
Dana Burns,Ghislaine Maxwell,10
Ghislaine Maxwell,Nadia Marcinkova,10
Camille S Biros,Jordana H Feldman,9
Jordana H Feldman,Kenneth R Feinberg,9
David Parse,Donna Guerin,9
Denis Field,Donna Guerin,9
Catherine Conrad,Susan Brune,9
Prince Andrew,Virginia Giuffre,9
Maria Farmer,Sigrid S Mccawley,9
Annie Farmer,Elizabeth Stein,9
Annie Farmer,Juliette Bryant,9
Annie Farmer,Teresa Helm,9
Sigrid S Mccawley,Virginia Giuffre,9
Alexander Hamilton,Ghislaine Maxwell,9
Alison J Nathan,Kelly Bovino,9
Andrew Rohrbach,Annie Farmer,9
Annie Farmer,Lara Pomerantz,9
Annie Farmer,Maurene Comey,9
Jeffrey Epstein,Minor Victim-4,9
Alison Moe,Ghislain Maxwell,9
Andrew Rohrbach,Ghislain Maxwell,9
Allison Moe,Lara Pomerantz,9
Ghislaine Maxwell,Luc Cohen,9
Elizabeth Loftus,Lisa Rocchio,9
Lisa Rocchio,Park Dietz,9
Ghislaine Maxwell,Todd Spodek,9
Loftus Ef,Loftus Gr,9
Ghislaine Maxwell,Jack Scarola,9
Bill Cosby,Harvey Weinstein,9
Davis D,Doyle Jm,9
Davis D,Garry M,9
Jane Doe-1,Jeffrey Epstein,9
Stan Pottinger,Virginia Roberts,9
Jeffrey S Pagliuca,Patrick J Smith,9
Jane Doe #1,Jane Doe #3,9
Jane Doe #2,Jane Doe #3,9
Amanda Kramer,Ghislaine Maxwell,9
Stan Pottinger,Virginia Giuffre,9
A Marie Villafaa,Jeffrey Epstein,9
Alison J Nathan,David Markus,9
Jay Lefkowitz,Kenneth Starr,9
Jeffrey Epstein,Sandra K Mcsorley,9
Barry E Krischer,Jeffrey E Epstein,9
Darren Indyke,Jeffrey Epstein,9
Lanna Belohlavek,Sandra K Mcsorley,9
Jeffrey Epstein,Tatum Miller,9
Jeffrey Epstein,Theodore J Leopold,9
Jack A Goldberger,Jason S Weiss,9
Jack A Goldberger,Joseph R Atterbury,9
Jason S Weiss,Joseph R Atterbury,9
Greene Linda C,John Alessi,9
Greene Linda C,Melnichok Thomas C,9
Damien Marley,Jack Johnson,9
Damien Marley,John Mayer,9
Damien Marley,Paul Wall,9
Damien Marley,Snoop Dogg,9
Jack Johnson,John Mayer,9
Jack Johnson,Paul Wall,9
Jack Johnson,Snoop Dogg,9
John Mayer,Paul Wall,9
John Mayer,Snoop Dogg,9
Paul Wall,Snoop Dogg,9
Jack A Goldberger,Sandra Mcsorley,9
Guy Fronstin,Lanna Belohlavek,9
Lanna Leigh Belohlavek,Stuart S Mermelstein,9
Jeffrey Epstein,Perry Bard,9
Epstein Jeffrey Edward,Ray Ormond,9
Jeffrey Epstein,Marti Licon-Vitale,9
James Petrucci,Lamine N'Diaye,9
Benedict H Gross,S Allen Counter,9
Christine Murray,Richard M Berman,9
Lee Plourde,Marti Licon-Vitale,9
Jeffrey Epstein,Michael Thomas,9
Christian R Everdell,Heriberto Tellez,9
Heriberto Tellez,Mark S Cohen,9
Mark S Cohen,Sophia Papapetru,9
Christian R Everdell,Lara Elizabeth Pomerantz,9
Alison Moe,Jos A Cabranes,9
Jos A Cabranes,Lara Pomerantz,9
Jos A Cabranes,Maurene Comey,9
Jeanne Brennan,Jeffrey E Epstein,9
Pamela J Bondi,Todd Blanche,9
Cecilia Steen,Jeffrey E Epste N,9
Amanda Young,Martin Weinberg,9
Martin Weinberg,Paul Byrne,9
Martin G Weinberg,Reid Weingarten,9
Laura A Menninger,Sigrid S Mccawley,9
Analisa Torres,Linda Childs,9
Alison Moe,Rebecca Forman,9
Christian Everdell,Rebecca Forman,9
Lara Pomerantz,Rebecca Forman,9
Maurene Comey,Rebecca Forman,9
Montell Figgins,Rebekah Donaleski,9
Alison J Nathan,Michael Mcdaniel,9
Ghislaine Maxwell,Michael Mcdaniel,9
Lara Pomerantz,Michael Mcdaniel,9
Bobbi Sternheim,Khris Sellin,9
Haley Robson,Nickie A Altomaro,9
Dana Burns,Larry Visoski,9
Dave Rodgers,David Mullen,9
Bill Hammond,Dave Rodgers,9
Altomaro Nickie A,Haley Robson,9
David Parse,William H Pauley,8
Bradley J Edwards,Jeffrey Epstein,8
Catherine M Conrad,Theresa Trzaskoma,8
Alison J Nathan,Teresa Helm,8
Alison Moe,Virginia Giuffre,8
Maurene Comey,Virginia Giuffre,8
Nanette Davis,Stanley J Okula,8
Annie Farmer,Juror No,8
Camille S Biros,Jeffrey Epstein,8
Jeffrey Epstein,Kenneth R Feinberg,8
Randy Kim,Theresa Trzaskoma,8
Alison J Nathan,Juliette Bryant,8
Sarah Ransome,Virginia Giuffre,8
Ghislaine Maxwell,Isabel Maxwell,8
Jeffrey Epstein,Sigrid S Mccawley,8
Ghislaine Maxwell,Stephen Flatley,8
Eva Dubin,Ghislaine Maxwell,8
Eva Dubin,Kelly Bovino,8
Eva Dubin,Michelle Healy,8
Kelly Bovino,Michelle Healy,8
Virginia Giuffre,Virginia Roberts,8
Jeffrey Pagliuca,Maureen Comey,8
Ghislaine Maxwell,Leah Saffian,8
Damian Williams,Ghislain Maxwell,8
Ghislain Maxwell,Lara Pomerantz,8
Alison Moe,Camille Delgado,8
Andrew Rohrbach,Camille Delgado,8
Bobbi C Sternheim,Camille Delgado,8
Camille Delgado,Ghislaine Maxwell,8
Camille Delgado,Lara Pomerantz,8
Alison J Nathan,Lisa Rocchio,8
Alison Moe,Todd Spodek,8
Chapman Mj,Hall Rcw,8
Alison J Nathan,Denise L Cote,8
Laura Menninger,Maureen Comey,8
Cooke B,Hall Rcw,8
Cooke B,Jain A,8
Minor Victim-1,Minor Victim-6,8
Hall Rcw,Myers W,8
Dietz Pe,Hazelwood Rr,8
Bernstein Dm,Loftus Ef,8
Garry M,Lilienfeld So,8
Alison Moe,Park Dietz,8
Andrew Rohrbach,Park Dietz,8
Lara Pomerantz,Park Dietz,8
Davis D,Lilienfeld So,8
Doyle Jm,Garry M,8
Alison J Nathan,P Kevin Castel,8
Minor Victim-5,Minor Victim-6,8
Brent English,Claudius English,8
Brent English,Jay Barnes,8
Claudius English,Jay Barnes,8
Hall Rcw,Levine H,8
Alison J Nathan,Nathan Siegel,8
Amanda Kramer,Brad Edwards,8
Brad Edwards,Lara Pomerantz,8
Brad Edwards,Maurene Comey,8
Dan Stein,Virginia Roberts,8
Jeffrey S Pagliuca,Jordana H Feldman,8
Laura Menninger,Mark Cohen,8
Detective Recarey,Jeffrey Epstein,8
Peter Skinner,Stan Pottinger,8
Brad Edwards,Virginia Giuffre,8
Jeffrey E Epstein,Sharon R Bock,8
Brittany Henderson,Jeffrey Epstein,8
Sigrid Mccawley,Stan Pottinger,8
Brad Edwards,David Boies,8
Agent Young,The Court,8
Eva Dubin,Glenn Dubin,8
Jeffrey E Epstein,Jeffrey Epstein,8
G Maxwell,Ghislaine Maxwell,8
Jane Doe,Sarah Kellen,8
Alfredo Rodriguez,Sarah Kellen,8
Haley Robson,Heidi Fleiss,8
Amy Lynn,Beef Knuckles,8
Jason S Weiss,Jeffrey Epstein,8
Jeffrey Epstein,Joseph R Atterbury,8
Beef Knuckles,Princess Jenny,8
Lanna Belohlavek,Michael R Tein,8
Greene Linda C,Juan Alessi,8
John Alessi,Melnichok Thomas C,8
Damien Marley,Mike Jones,8
Jack Johnson,Mike Jones,8
John Mayer,Mike Jones,8
Mike Jones,Paul Wall,8
Mike Jones,Snoop Dogg,8
Lanna Belohlavek,Sandra Mcsorley,8
Daliah Weiss,Janusz Banasiak,8
Juan P Alessi,Susan Shelling,8
Haley Robson,Nada Marcinkova,8
Janusz Banasiak,Nada Marcinkova,8
Colleen Mcmahon,Lamine N'Diaye,8
Colleen Mcmahon,Michael Greco,8
Hugh Hurwitz,Michael Carvajal,8
Jeffrey Pagliuca,Mark S Cohen,8
Alison Moe,Katharine H Parker,8
Katharine H Parker,Mark S Cohen,8
Katharine H Parker,Maurene Comey,8
Bobbi C Sternheim,John Wallace,8
Andrea K Johnstone,Ghislaine Maxwell,8
Adam Mueller,Maurene Comey,8
Andrew Rohrbach,Mark Cohen,8
Jeffrey Pagliuca,Sophia Papapetru,8
David Oscar Markus,Leah S Saffian,8
Ghislaine Maxwell,Won S Shin,8
Andrew Rohrbach,Kelly Mcguirk,8
Ghislaine Maxwell,Richard M Berman,8
Edwina Simmonds,Jeffrey E Epstein,8
Ghislaine Maxwell,Todd Blanche,8
Damian Williams,Won S Shin,8
John M Leventhal,Lara Pomerantz,8
Amanda Young,Reid Weingarten,8
Amanda Young,Richard M Berman,8
Paul Byrne,Reid Weingarten,8
Paul Byrne,Richard M Berman,8
Minor Victim-2,Minor Victim-4,8
Khris Sellin,Laura Menninger,8
Jason Erroy Foy,Linda Childs,8
Jason Erroy Foy,Michael Thomas,8
Jason Erroy Foy,Montell Figgins,8
Jason Erroy Foy,Rebekah Donaleski,8
Linda Childs,Rebekah Donaleski,8
Analisa Torres,Nicolas Roos,8
Nicolas Roos,Tova Noel,8
Christian Everdell,Michael Mcdaniel,8
Alison Moe,Michael Mcdaniel,8
Andrew Rohrbach,Michael Mcdaniel,8
Maurene Comey,Michael Mcdaniel,8
Jessica Lonergan,Montell Figgins,8
Jason E Foy,Tova Noel,8
Bill Clinton,Leslie Wexner,8
Ghislaine Maxwell,Larry Morrison,8
David Mullen,Nadia Marcinkova,8
David Parse,Judge Pauley,7
Ghislaine Maxwell,Teresa Helm,7
Alison J Nathan,Wendy Olson,7
Diana Fabi Samson,Maurene Comey,7
John M Leventhal,Maurene Comey,7
David Parse,Denis Field,7
Alison J Nathan,Examiner Flatley,7
Ghislaine Maxwell,Kelly Bovino,7
Ghislaine Maxwell,Juliette Bryant,7
Elizabeth Stein,Juliette Bryant,7
Elizabeth Stein,Maria Farmer,7
Elizabeth Stein,Teresa Helm,7
Alison J Nathan,Eva Dubin,7
Alison Moe,Annie Farmer,7
Alison Moe,Sarah Ransome,7
Andrew Rohrbach,Sarah Ransome,7
Lara Pomerantz,Sarah Ransome,7
Maurene Comey,Sarah Ransome,7
Ghislain Maxwell,Maurene Comey,7
Jack B Weinstein,Margaret A Berger,7
Allison Moe,Audrey Strauss,7
Jeffrey Epstein,Robert Maxwell,7
Bennett Gershman,Ghislaine Maxwell,7
Andrew Rohrbach,Todd Spodek,7
Lara Pomerantz,Todd Spodek,7
Maurene Comey,Todd Spodek,7
Alison J Nathan,Jack Scarola,7
Alena Lynch,Ghislaine Maxwell,7
Bennett Gershman,John Lopez,7
John Lopez,Ryan Hall,7
Gerald Laporte,Jennifer Naso,7
Gerald Laporte,Robert Kelso,7
Denise L Cote,Kimba M Wood,7
The Court,The Defendant,7
Hall Rcw,Ryan C W Hall,7
N Bennett,W O'Donobue,7
Hazelwood Rr,Warren Ji,7
Park Dietz,Warren Ji,7
Bernstein Dm,Garry M,7
Chen C,Dong Q,7
Chen C,Frenda Sj,7
Chen C,Lin C,7
Chen C,Loftus Ef,7
Chen C,Zhu B,7
Dong Q,Frenda Sj,7
Dong Q,Lin C,7
Dong Q,Loftus Ef,7
Dong Q,Zhu B,7
Frenda Sj,Lin C,7
Frenda Sj,Loftus Ef,7
Frenda Sj,Zhu B,7
Laney C,Loftus Ef,7
Lin C,Loftus Ef,7
Lin C,Zhu B,7
Loftus Ef,Lynn Sj,7
Loftus Ef,Zhu B,7
J Engle,W O'Donohue,7
Park Dietz,Rada Rt,7
Dietz P,Dietz Pe,7
Jeffrey Epstein,Laura A Menninger,7
David Boies,Stan Pottinger,7
Christian R Everdell,Patrick J Smith,7
Alexander Hamilton,Jeffrey S Pagliuca,7
Jeffrey S Pagliuca,Sigrid Mccawley,7
Jane Doe #1,Jane Doe #4,7
Jane Doe #2,Jane Doe #4,7
Jane Doe #3,Jane Doe #4,7
Brad Edwards,Peter Skinner,7
Bradley Edwards,Ghislaine Maxwell,7
Jeffrey Epstein,Julie K Brown,7
Jeffrey Epstein,Peter Skinner,7
Jeffrey Epstein,Stephen Rex Brown,7
Alice Fisher,Andrew Oosterbaan,7
Andrew Oosterbaan,Mark Filip,7
John Roth,Mark Filip,7
Mark Filip,Sigal Mandelker,7
Ghislaine Maxwell,Paul Cassell,7
Jane Doe 1,Jane Doe 2,7
David Boies,Peter Skinner,7
Paul Cassell,Sigrid Mccawley,7
Alan Dershowitz,Gerald Lefcourt,7
Gerald Lefcourt,Jack Goldberger,7
Brad Edwards,Paul Cassell,7
Alex Acosta,Jay Lefkowitz,7
Jane Doe 3,Jane Doe 4,7
Guy Lewis,Jay Lefkowitz,7
A Marie Villafaa,Roy Black,7
R Alexander Acosta,Roy Black,7
Lanna Belohlavek,Sharon R Bock,7
David Rodgers,Jeffrey Epstein,7
Ghislaine Maxwell,Harry Beller,7
G Maxwell,Isabel Maxwell,7
Chris Tucker,Kevin Spacey,7
Adriana Mucinska,Sarah Kellen,7
Princess Jenny,Shaun Nedwick,7
Alfredo Rodriguez,Jose Alessi,7
Jeffrey Epstein,Jose Alessi,7
Alan Dershowitz,Daliah Weiss,7
Jack A Goldberger,Michael R Tein,7
John Alessi,Juan Alessi,7
Juan Alessi,Marie Alessi,7
Det Dawson,Janusz Banasiack,7
Det Joe Recarey,Janusz Banasiack,7
Janusz Banasiack,Jeff Epstein,7
Jeffrey Epstein,Johanna Sjoberg,7
Alan Dershowitz,Guy Fronstin,7
Jeffrey Epstein,John Alessi,7
Greene Linda C,Jeffrey Epstein,7
Jeffrey E Epstein,Lanna Leigh Belohlavek,7
Jack A Goldberger,Jeffrey M Herman,7
Evening Watch Operations Lieutenant,Morning Watch Lieutenant,7
Jeffrey Edward Epstein,Reyes Efrain,7
Hugh Hurwitz,L Cristina Griffith,7
Colleen Mcmahon,Edward Friedland,7
Edward Friedland,Jeffrey Epstein,7
Edward Friedland,Lamine N'Diaye,7
Edward Friedland,Michael Greco,7
Edward Friedland,Richard M Berman,7
James Petrucci,Ray Ormond,7
Lamine N'Diaye,Michael J Fitzpatrick,7
Michael Greco,Michael J Fitzpatrick,7
Christine Murray,Lamine N'Diaye,7
Kevin Pistro,Ray Ormond,7
Hugh Hurwitz,Kevin Pistro,7
Jeffrey Epstein,Kevin Pistro,7
Benedict H Gross,Jonathan David Farley,7
Jonathan David Farley,S Allen Counter,7
Hugh Hurwitz,Kenneth Hyle,7
Alex Rossmiller,Christian Everdell,7
David Oscar Markus,Lara Pomerantz,7
David Oscar Markus,Maurene Comey,7
Heriberto Tellez,John Wallace,7
Heriberto Tellez,Sophia Papapetru,7
John Wallace,Mark S Cohen,7
Ghislaine Maxwell,Lawrence Vogelman,7
Annie Farmer,Darren K Indyke,7
Annie Farmer,Debra C Freeman,7
Darren K Indyke,Debra C Freeman,7
Catherine O'Hagan Wolfe,Heriberto Tellez,7
Audrey Strauss,Karl Metzner,7
Alison J Nathan,Darren K Indyke,7
Alison J Nathan,Won S Shin,7
Alexander Rossmiller,Maurene R Comey,7
J Epstein,Jeffrey E Epstein,7
Jay Clayton,Pamela J Bondi,7
Jay Clayton,Todd Blanche,7
Andrew Rohrbach,John M Leventhal,7
Jeffrey Epstein,Marc Allan Fernich,7
Alison J Nathan,Moya Goretti,7
Ghislaine Maxwell,Moya Goretti,7
Jeff Pagliuca,Rebecca Forman,7
Alison J Nathan,Todd Spodek,7
Analisa Torres,Rebekah Donaleski,7
Jason Erroy Foy,Jessica Lonergan,7
Jason Erroy Foy,Nicolas Roos,7
Jessica Lonergan,Linda Childs,7
Linda Childs,Nicolas Roos,7
Montell Figgins,Nicolas Roos,7
Det Caristo,Jeffrey Epstein,7
Bill Clinton,Ghislaine Maxwell,7
Detective Pagan,Jeffrey Epstein,7
Barry Krischer,Jack Goldberger,7
Dave Rodgers,Larry Visoaki,7
Jeffrey Epstein,Larry Visoaki,7
Larry Morrison,Larry Visoaki,7
Daliah M Weiss,Sharon R Bock,7
David Parse,Paul Shechtman,6
Paul Shechtman,William H Pauley,6
David Parse,Stanley J Okula,6
Judge Pauley,Laurie Edelstein,6
Catherine Conrad,David Benhamou,6
David Benhamou,Theresa Trzaskoma,6
Sigrid S Mccawley,Teresa Helm,6
Phil Allen,William H Pauley,6
Alan Dershowitz,Ghislaine Maxwell,6
Alison Moe,Arthur L Aidala,6
Alison Moe,Diana Fabi Samson,6
Alison Moe,John M Leventhal,6
Arthur L Aidala,Maurene Comey,6
Nanette Davis,Paul Shechtman,6
Nanette Davis,William H Pauley,6
Paul Shechtman,Stanley J Okula,6
Preet Bharara,Stanley J Okula,6
Stanley J Okula,William H Pauley,6
Ghislaine Maxwell,Robert Y Lewis,6
Ghislaine Maxwell,Juror No,6
David Rodgers,Juan Alessi,6
Elizabeth Stein,Virginia Giuffre,6
Ghislaine Maxwell,Lucia Osborne-Crowley,6
Juliette Bryant,Sigrid S Mccawley,6
David Parse,Theresa Trzaskoma,6
Ghislaine Maxwell,Todd A Spodek,6
Prince Andrew,Virginia Roberts,6
Bobbi C Sternheim,Maureen Comey,6
Theresa Parse,William H Pauley,6
Andrew Rohrbach,Maria Farmer,6
Lara Pomerantz,Maria Farmer,6
Maria Farmer,Maurene Comey,6
Donald Trump,Ghislaine Maxwell,6
Jeffrey Epstein,Scotty David,6
Bridget Rodgers,William H Pauley,6
Bobbi C Sternheim,Leah Saffian,6
Catherine Conrad,Paul M Daugerdas,6
Christian Everdell,Renato Stabile,6
Ghislaine Maxwell,Harvey Weinstein,6
Mark Stewart Cohen,Maurene Comey,6
David Rogers,Jeffrey Epstein,6
Alison J Nathan,Joseph Pecorino,6
Joseph Pecorino,Wendy Olson,6
Amanda Young,Brad Edwards,6
Keating Jp,Loftus Ef,6
Claudius English,Minor Victim-7,6
Alison Moe,Bennett Gershman,6
Andrew Rohrbach,Bennett Gershman,6
Bennett Gershman,Lara Pomerantz,6
Bennett Gershman,Maurene Comey,6
Jennifer Naso,Robert Kelso,6
Goodman J,Loftus Ef,6
Greene E,Loftus Ef,6
Cooke B,Hatters Friedman S,6
Cooke B,Sorrentino R,6
Cooke B,Wagoner R,6
Hall Rcw,Wagoner R,6
Hatters Friedman S,Wagoner R,6
Jain A,Wagoner R,6
John Lopez,Stephen Flatley,6
Abraham J,Blakey Re,6
Abraham J,Hall Rcw,6
Abraham J,Pacheco Ca,6
Blakey Re,Hall Rcw,6
Blakey Re,Pacheco Ca,6
Hall Rcw,Pacheco Ca,6
Hall Rcw,Platt De,6
Hatters Friedman S,Myers W,6
Jain A,Myers W,6
Chapman M,Hall Rcw,6
Martell Da,Park Dietz,6
Lilienfeld So,Patihis L,6
Loftus Ef,Patihis L,6
Bill Cosby,Ghislaine Maxwell,6
Maurene Comey,Park Dietz,6
Alison J Nathan,Juan Alessi,6
Hall Rcw,Tolou-Shams M,6
Hatters Friedman S,Levine H,6
Hatters Friedman S,Tolou-Shams M,6
Hall Rcw,Wall B,6
Hatters Friedman S,Wall B,6
Minor Victim-3,Minor Victim-6,6
Bernstein Dm,Davis D,6
Baker Sp,Park Dietz,6
Amanda Kramer,Lara Pomerantz,6
Amanda Kramer,Maurene Comey,6
Christian R Everdell,Jordana H Feldman,6
Laura A Menninger,Patrick J Smith,6
Bobbi Sternheim,Jeffrey Epstein,6
Jeffrey Epstein,Laura Menninger,6
Judge Nathan,Maurene Comey,6
Dan Mangan,Dareh Gregorian,6
Andy Lourie,Jeff Sloman,6
Lanna Belohlavek,Michael Reiter,6
Jack Goldberger,Kenneth Starr,6
Jeffrey Epstein,Vicky Ward,6
Jeffrey Epstein,Julie Brown,6
Brad Edwards,Maria Farmer,6
Jane Doe,Jane Doe 2,6
Amanda Kramer,Virginia Giuffre,6
Ghislaine Maxwell,Stanley Pottinger,6
Amanda Kramer,Peter Skinner,6
Bradley J Edwards,Brittany Henderson,6
Alex Acosta,Jeff Sloman,6
A Marie Villafaa,Gerald Lefcourt,6
Andrew C Lourie,Jeffrey H Sloman,6
Andrew C Lourie,Matthew I Menchel,6
Jeffrey Epstein,Jeffrey H Sloman,6
Jeffrey H Sloman,Matthew I Menchel,6
Jeffrey H Sloman,R Alexander Acosta,6
Jeffrey Epstein,Larry Keller,6
Guy Lewis,Kenneth Starr,6
Guy Lewis,Lilly Ann Sanchez,6
Jay Lefkowitz,Lilly Ann Sanchez,6
Kenneth Starr,Lilly Ann Sanchez,6
Jeffrey Epstein,Kenneth Starr,6
Audrey Strauss,Christian Everdell,6
Audrey Strauss,Mark Cohen,6
Jean Luc Brunel,Jeffrey Epstein,6
Judge Nathan,Virginia Roberts,6
Frances Jardine,Jeffrey Epstein,6
Kimberly Meder,Stephen Flatley,6
Jeffrey Epstein,Mark Epstein,6
Jeffrey Epstein,Sergeant Dawson,6
Bill Clinton,Prince Andrew,6
Jeffrey Epstein,Y. Doe,6
Haley Robson,Jane Doe,6
Bob Marley,Princess Jenny,6
Alfredo Rodriguez,Joe Recarey,6
Joe Recarey,Jose Alessi,6
Jose Alessi,Sarah Kellen,6
Jeffrey Epstein,Jeffrey Herman,6
Beef Knuckles,Lord Of The Fire,6
Alan Dershowitz,Lanna Belohlavek,6
Daliah Weiss,Lanna Belohlavek,6
Det Sandman,Haley Robson,6
Haley Robson,Lanna Belohlavek,6
Jeffrey Epstein,Michael R Tein,6
Haley Robson,Tony Higgins,6
Benjamin Bryan,David A Cruz,6
Benjamin Bryan,Paul J Abrams,6
Benjamin Bryan,William L Tucker,6
David A Cruz,Paul J Abrams,6
David A Cruz,William L Tucker,6
Paul J Abrams,William L Tucker,6
Daliah Weiss,Guy Fronstin,6
Jeff Epstein,Sgt Frick,6
Mary Williams,Stacey Taylor,6
Alan Dershowitz,Haley Robson,6
Alan Dershowitz,Sarah Kellen,6
Guy Fronstin,Nada Marcinkova,6
Christina Venero,Janusz Banasaik,6
Christina Venero,Perry Bard,6
Janusz Banasaik,Jeffrey Epstein,6
Janusz Banasaik,Perry Bard,6
Day Watch Operations Lieutenant,Morning Watch Lieutenant,6
L Cristina Griffith,Ray Ormond,6
Jeffrey Epstein,Shirley Skipper Scott,6
Day Watch Operations Lieutenant,Morning Watch Operations Lieutenant,6
Evening Watch Operations Lieutenant,Morning Watch Operations Lieutenant,6
C Edge,Judge Berman,6
Ray Ormon,Shirley Skipper-Scott,6
Hugh J Hurwitz,Jeffrey Epstein,6
J Petrucci,Jeffrey Epstein,6
Andre Matevousian,Michael Carvajal,6
Christine Murray,Jeffrey Epstein,6
Jeffrey Epstein,Nancy Ayers,6
B Bc,Lieutenant B,6
Jeffrey Epstein,Sonya Thompson,6
John Csakany,Lamine N'Diaye,6
John Csakany,Michael Greco,6
John Csakany,Michael J Fitzpatrick,6
Jeffrey Epstein,Ron Desantis,6
Bernie Madoff,Marc Dreier,6
Bill Cosby,Keith Raniere,6
Harvey Weinstein,Keith Raniere,6
Adam Mueller,Nicole Simmons,6
Andrea K Johnstone,John S Davis,6
Ghislaine Maxwell,John S Davis,6
Debra Ann Livingston,Ghislaine Maxwell,6
Defendant'S Husband,Defendant'S Spouse,6
Defense Counsel,Potential Defense Witnesses,6
Alison Gainfort Moe,Ghislaine Maxwell,6
Darren K Indyke,Ghislaine Maxwell,6
Darren K Indyke,Richard D Kahn,6
Alison Moe,Karl Metzner,6
Karl Metzner,Lara Pomerantz,6
Karl Metzner,Maurene Comey,6
Barack Obama,Richard J Durbin,6
Ghislaine Maxwell,Leah S Saffian,6
Audrey Strauss,Minor Victim-2,6
Jeffrey Epstein,The Defendant,6
Catherine O'Hagan Wolfe,Christian R Everdell,6
Cecilia Steen,G Maxwell,6
Cecilia Steen,Peg Ugland,6
Jeffrey E Epstein,Peg Ugland,6
Jeffrey Epstein,Paul A Engelmayer,6
Paul A Engelmayer,Todd Blanche,6
Andrew Rohrbach,Diana Fabi Samson,6
Andrew Rohrbach,Won S Shin,6
Damian Williams,Diana Fabi Samson,6
Diana Fabi Samson,Lara Pomerantz,6
Jeffrey E Epstein,Larry Visoski,6
Alan Dershowitz,Larry Summers,6
James L Brochin,Jeffrey Epstein,6
Deborah Anaya,Jeffrey Epstein,6
Alison J Nathan,Debra C Freeman,6
Alison J Nathan,L Menninger,6
Annie Farmer,L Menninger,6
Darren K Indyke,L Menninger,6
Debra C Freeman,L Menninger,6
Alison G Moe,Jeffrey Epstein,6
Alison Moe,Moya Goretti,6
Andrew Rohrbach,Moya Goretti,6
Andrew Rohrbach,Rebecca Forman,6
Lara Pomerantz,Moya Goretti,6
Laura Menninger,Rebecca Forman,6
Maurene Comey,Moya Goretti,6
Alison J Nathan,Paula Speers,6
Alison Moe,Paula Speers,6
Andrew Rohrbach,Paula Speers,6
Bobbi Sternheim,Paula Speers,6
Christian Everdell,Paula Speers,6
Ghislaine Maxwell,Paula Speers,6
Jeff Pagliuca,Paula Speers,6
Lara Pomerantz,Paula Speers,6
Laura Menninger,Paula Speers,6
Maurene Comey,Paula Speers,6
Andrew Rohrbach,Virginia Giuffre,6
Lara Pomerantz,Virginia Giuffre,6
Jessica Lonergan,Tova Noel,6
Alison J Nathan,Goretti Moya,6
Ghislaine Maxwell,Goretti Moya,6
George Malinowski,Khris Sellin,6
Khris Sellin,Martha Martin,6
Michael Thomas,Montel Figgins,6
Analisa Torres,Douglas Mitchell,6
Analisa Torres,Jason Erroy Foy,6
Douglas Mitchell,Jason Erroy Foy,6
Douglas Mitchell,Jessica Lonergan,6
Douglas Mitchell,Linda Childs,6
Douglas Mitchell,Michael Thomas,6
Douglas Mitchell,Montell Figgins,6
Douglas Mitchell,Nicolas Roos,6
Douglas Mitchell,Rebekah Donaleski,6
Alena Lynch,Alison J Nathan,6
Alison Moe,Paula Speer,6
Andrew Rohrbach,Paula Speer,6
Bobbi Sternheim,Paula Speer,6
Christian Everdell,Paula Speer,6
Jeff Pagliuca,Paula Speer,6
Lara Pomerantz,Paula Speer,6
Laura Menninger,Paula Speer,6
Maurene Comey,Paula Speer,6
Alison Moe,Elizabeth Stein,6
Andrew Rohrbach,Elizabeth Stein,6
Elizabeth Stein,Lara Pomerantz,6
Elizabeth Stein,Maurene Comey,6
Alison J Nathan,Carol Ganley,6
Alison Moe,Carol Ganley,6
Andrew Rohrbach,Carol Ganley,6
Carol Ganley,Ghislaine Maxwell,6
Carol Ganley,Lara Pomerantz,6
Carol Ganley,Maurene Comey,6
Alison J Nathan,David E Mccraw,6
Alison Moe,David E Mccraw,6
Andrew Rohrbach,David E Mccraw,6
Christian Everdell,Sigrid S Mccawley,6
David E Mccraw,Ghislaine Maxwell,6
David E Mccraw,Lara Pomerantz,6
David E Mccraw,Maurene Comey,6
Alexander Hamilton,Alison Moe,6
Alexander Hamilton,Andrew Rohrbach,6
Alexander Hamilton,Lara Pomerantz,6
Alexander Hamilton,Maurene Comey,6
Analisa Torres,Jason E Foy,6
Alison Moe,Nathan Siegel,6
Andrew Rohrbach,Nathan Siegel,6
Ghislaine Maxwell,Nathan Siegel,6
Lara Pomerantz,Nathan Siegel,6
Maurene Comey,Nathan Siegel,6
Altomaro Nickie A,Recary Joseph,6
Dana Burns,David Mullen,6
Daliah Weiss,Haley Robson,6
Dana Burns,Larry Morrison,6
Jeffrey Epstein,Mark Zeff,6
Jeffrey E Epstein,Jeffrey M Herman,6
Jeffrey M Herman,Lanna Leigh Belohlavek,6
Kevin Spacey,Leslie Wexner,6
Douglas Schoettle,Mark Zeff,6
Jeffrey Epstein,Michael Reiter,6
Jeffrey Epstein,Rush Limbaugh,6
Det Krauel,Nickie A Altomaro,6
Jeff Williams,Jeffrey Epstein,6
Alfredo Rodriguez,Juan Alessi,6
Aileen Josephs,La Tosha Lowe,6
Donald Trump,Leslie Wexner,6
Ghislaine Maxwell,Leslie Wexner,6
Jeffrey Epstein,Lana Belohlavek,6
David Mullen,Ghislaine Maxwell,6
Daniel Estes,Janusz Banasiak,6
Daniel Estes,Mark Zeff,6
Janusz Banasiak,Mark Zeff,6
Haley Robson,Recarey Joseph,6
Aileen Josephs,Barry Krischer,6
Alan Dershowitz,Virginia Giuffre,5
Denis Field,Paul Daugerdas,5
Donna Guerin,Paul Daugerdas,5
Juliette Bryant,Virginia Giuffre,5
Teresa Helm,Virginia Giuffre,5
Annie Farmer,David Boies,5
Annie Farmer,Sigrid Mccawley,5
Justice Blackmun,Justice Brennan,5
Alison Nathan,Ghislaine Maxwell,5
Alison J Nathan,Todd A Spodek,5
Laura Menninger,Virginia Giuffre,5
David Parse,Paul M Daugerdas,5
Daniel Bates,Ghislaine Maxwell,5
Daniel Bates,Laura Collins,5
Ghislaine Maxwell,Laura Collins,5
Catherine M Conrad,Judge Pauley,5
Bobbi C Sternheim,Sarah Ransome,5
Jack B Weinstein,Joseph M Mclaughlin,5
Joseph M Mclaughlin,Margaret A Berger,5
Jeffrey Epstein,Sarah Ransome,5
Catherine M Conrad,Paul M Daugerdas,5
Annie Farmer,Prince Andrew,5
Jeffrey Epstein,Les Wexner,5
Isabel Maxwell,Jeffrey Epstein,5
Alison J Nathan,Camille Delgado,5
Camille Delgado,Christian R Everdell,5
Camille Delgado,Damian Williams,5
Camille Delgado,Jeffrey S Pagliuca,5
Camille Delgado,Laura A Menninger,5
Camille Delgado,Maurene Comey,5
Alison J Nathan,Bennett Gershman,5
Bennett Gershman,Elizabeth Loftus,5
Elizabeth Loftus,Ryan Hall,5
Maria Farmer,Virginia Roberts,5
Alison J Nathan,Chief Judge Mcmahon,5
Cimberly Espinosa,Larry Visoski,5
Amanda Young,Jason Richards,5
Bennett Gershman,Gerald Laporte,5
Gerald Laporte,Ryan Hall,5
Jeffrey S Pagliuca,Jennifer Naso,5
Jennifer Naso,John Lopez,5
Greene S,Hogan D,5
Greene S,Mcelvaney R,5
Hogan D,Mcelvaney R,5
Doyle Jm,Loftus Gr,5
Goodman J,Greene E,5
J Engle,W O'Donobue,5
Friedman S,Hall Rcw,5
Hazelwood Rr,Martell Da,5
Bernstein Dm,Chen C,5
Bernstein Dm,Dong Q,5
Bernstein Dm,Frenda Sj,5
Bernstein Dm,Laney C,5
Bernstein Dm,Lilienfeld So,5
Bernstein Dm,Lin C,5
Bernstein Dm,Zhu B,5
Chen C,Laney C,5
Chen C,Nichols Rm,5
Dong Q,Laney C,5
Dong Q,Nichols Rm,5
Frenda Sj,Laney C,5
Frenda Sj,Nichols Rm,5
Garry M,Laney C,5
Laney C,Lin C,5
Laney C,Zhu B,5
Lilienfeld So,Lynn Sj,5
Lilienfeld So,Merckelbach H,5
Lin C,Nichols Rm,5
Loftus Ef,Merckelbach H,5
Loftus Ef,Nichols Rm,5
Lynn Sj,Merckelbach H,5
Lynn Sj,Patihis L,5
Merckelbach H,Patihis L,5
Nichols Rm,Zhu B,5
Davis D,Dysart Je,5
Davis D,Grady Rh,5
Doyle Jm,Dysart Je,5
Dysart Je,Loftus Ef,5
Grady Rh,Loftus Ef,5
Burgess Aw,Dietz Pe,5
Burgess Aw,Hazelwood Rr,5
Burgess Aw,Park Dietz,5
Howe Ml,Loftus Ef,5
Bernstein Dm,Doyle Jm,5
Davis D,Laney C,5
Elizabeth Loftus,Jeffrey S Pagliuca,5
Ghislaine Maxwell,Michael Dawson,5
Dietz Pe,Rada Rt,5
Dietz Pe,Sadoff Rl,5
Park Dietz,Sadoff Rl,5
Conte J R,Groth A N,5
Gerald Laporte,Stephen Flatley,5
Jeffrey Epstein,Pete Skinner,5
Lara Pomerantz,Virginia Roberts,5
Maurene Comey,Virginia Roberts,5
Pete Skinner,Virginia Roberts,5
Alison J Nathan,Maurene R Comey,5
Christian R Everdell,Maurene R Comey,5
Ghislaine Maxwell,Maurene R Comey,5
Jeffrey S Pagliuca,Maurene R Comey,5
Laura A Menninger,Maurene R Comey,5
Christine N Walz,Sanford L Bohrer,5
Bruck M,Ceci S J,5
Christine N Walz,Ghislaine Maxwell,5
Ghislaine Maxwell,Julie Brown,5
Jeffrey S Pagliuca,Robert Glassman,5
Bobbi C Sternheim,Patrick J Smith,5
Jordana H Feldman,Laura A Menninger,5
Chen C,Davis D,5
Davis D,Dong Q,5
Davis D,Frenda Sj,5
Davis D,Lin C,5
Davis D,Zhu B,5
Brad Edwards,Paul G Cassell,5
Bradley Edwards,Sigrid Mccawley,5
Amanda Kramer,Annie Farmer,5
Amanda Kramer,Maria Farmer,5
Annie Farmer,Brad Edwards,5
Ghislaine Maxwell,Jean Luc Brunel,5
Ghislaine Maxwell,Peter Skinner,5
Donald Trump,Julie K Brown,5
Amanda Kramer,Sigrid Mccawley,5
David Boies,Paul Cassell,5
Paul Cassell,Virginia Giuffre,5
Ben Sasse,Jane Doe 1,5
Anita Kumar,Ashley Collman,5
Anita Kumar,Cynthia Mcfadden,5
Anita Kumar,Emily Peck,5
Anita Kumar,Jeffrey Epstein,5
Anita Kumar,Julie K Brown,5
Ashley Collman,Cynthia Mcfadden,5
Ashley Collman,Emily Peck,5
Ashley Collman,Jeffrey Epstein,5
Ashley Collman,Julie K Brown,5
Cynthia Mcfadden,Emily Peck,5
Cynthia Mcfadden,Jeffrey Epstein,5
Cynthia Mcfadden,Julie K Brown,5
Emily Peck,Jeffrey Epstein,5
Emily Peck,Julie K Brown,5
Ken Starr,Martin Weinberg,5
Alan Dershowitz,Donald Trump,5
Kevin Spacey,Nicole Janok,5
Jay Lefkowitz,Ken Starr,5
Jay Lefkowitz,Martin Weinberg,5
G Maxwell,Virginia Roberts,5
Bill Cosby,Jeffrey Epstein,5
David Markus,Lara Pomerantz,5
Barry E Krischer,Damaris Pina,5
Damaris Pina,Jeffrey E Epstein,5
Judge Mcmahon,Tiffany Days,5
Andrew Lourie,Jeffrey Sloman,5
Jeffrey Sloman,Matthew Menchel,5
Alison J Nathan,Prince Andrew,5
Alison G Moe,Amanda Young,5
Audrey Strauss,Laura A Menninger,5
G Maxwell,Ron Burckle,5
Isabel Maxwell,Ron Burckle,5
Donald Trump,Prince Andrew,5
A Farmer,The Court,5
Donald Trump,Larry Visoski,5
Jane'S Mother,Jeffrey Epstein,5
Emmy Taylor,Jeffrey Epstein,5
A Farmer,Jeffrey Epstein,5
Joseph Recarey,Nada Marcinkova,5
Jeffrey E Epstein,Sandra K Mcsorley,5
Det Dawson,Heidi Fleiss,5
Det Joe Recarey,Heidi Fleiss,5
Det Sandman,Sarah Kellen,5
Benjamin Skyler Bryan,Caristo Nicholas,5
Benjamin Skyler Bryan,Oregero Laura D,5
Caristo Nicholas,Oregero Laura D,5
Jason S Weiss,Lanna Belohlavek,5
Joseph R Atterbury,Lanna Belohlavek,5
Greene Linda C,Marie Alessi,5
Det Joe Recarey,Tony Higgins,5
Sgt Frick,Tony Higgins,5
Adam D Horowitz,Jeffrey M Herman,5
Adam D Horowitz,Stuart S Mermelstein,5
Jeffrey Epstein,Jeffrey M Herman,5
Jeffrey M Herman,Stuart S Mermelstein,5
Bob Marley,Damien Marley,5
Bob Marley,Jack Johnson,5
Bob Marley,John Mayer,5
Bob Marley,Paul Wall,5
Bob Marley,Snoop Dogg,5
Beef Knuckles,Pimp Juice,5
Beef Knuckles,Mike Chaos,5
Jeffrey Edward Epstein,Michael David Friedman,5
Jeffrey Edward Epstein,Rosalie Friedman,5
Jeffrey Edward Epstein,Valdson Vieira Cotrin,5
Michael David Friedman,Rosalie Friedman,5
Michael David Friedman,Valdson Vieira Cotrin,5
Rosalie Friedman,Valdson Vieira Cotrin,5
Beef Knuckles,Isn'T It Ironic,5
Mary Williams,Veronica Montanez,5
Stacey Taylor,Veronica Montanez,5
Joseph Recarey,Sarah Kellen,5
Beef Knuckles,Deus Ex Machina,5
Beef Knuckles,Purple Stuff In My Cup,5
Guy Fronstin,Haley Robson,5
Guy Fronstin,Sarah Kellen,5
Johanna Sjoberg,Perry Bard,5
Lamine N'Diay,Shirley V Skipper-Scott,5
Lamine N'Diaye,Ray Ormon,5
Hugh J Hurwitz,J Petrucci,5
J Petrucci,J Ray Ormond,5
J Ray Ormond,Jeffrey Epstein,5
Adam Johnson,Jeffrey Epstein,5
Christine Murray,Michael Greco,5
Darrin Howard,Judge Berman,5
Judge Berman,Judge Sullivan,5
Jeffrey Epstein,Tova Noel,5
James Petrucci,Richard M Berman,5
Benedict H Gross,Jeffrey Edward Epstein,5
Jeffrey Edward Epstein,Jonathan David Farley,5
Jeffrey Edward Epstein,S Allen Counter,5
Lee Plourde,Nancy Ayers,5
Ghislaine Maxwell,Loretta A Preska,5
Alison Moe,David Oscar Markus,5
Alison Gainfort Moe,Alison J Nathan,5
Alison Gainfort Moe,Katharine H Parker,5
Katharine H Parker,Lara Elizabeth Pomerantz,5
Mark Cohen,Sophia Papapetru,5
Ghislaine Maxwell,Karl Metzner,5
Adam Mueller,Lara Pomerantz,5
Alex Rossmiller,Laura Menninger,5
Alexander Rossmiller,Alison J Moe,5
Alison J Moe,Maurene R Comey,5
Annie Farmer,Jane Doe,5
Debra C Freeman,Jeffrey Epstein,5
Dave Rodgers,Jeanne Brennan,5
Dave Rodgers,Jeffrey E Epstein,5
Jeanne Brennan,Jeffrey E Epste N,5
Jeffrey E Epstein,Larry Morrison,5
Cecilia Steen,J Ruan,5
David Muller,Sarah Kellen,5
David Rodgers,Sophie Biddle,5
Catherine O'Hagan Wolfe,Jos A Cabranes,5
Alison J Nathan,Arthur L Aidala,5
Alison J Nathan,Diana Fabi Samson,5
Alison J Nathan,John M Leventhal,5
Alison J Nathan,Jos A Cabranes,5
Andrew Rohrbach,Arthur L Aidala,5
Andrew Rohrbach,Jos A Cabranes,5
Arthur L Aidala,Damian Williams,5
Arthur L Aidala,Jos A Cabranes,5
Arthur L Aidala,Lara Pomerantz,5
Arthur L Aidala,Won S Shin,5
Damian Williams,John M Leventhal,5
Damian Williams,Jos A Cabranes,5
Diana Fabi Samson,Jos A Cabranes,5
Diana Fabi Samson,Won S Shin,5
John M Leventhal,Jos A Cabranes,5
John M Leventhal,Won S Shin,5
Jos A Cabranes,Won S Shin,5
Darren K Indyke,Jeffrey Epstein,5
James L Brochin,Michael Campion Miller,5
James L Brochin,Michael Gerard Scavelli,5
Jeffrey Epstein,Martin Gary Weinberg,5
Jeffrey Epstein,Michael Campion Miller,5
Jeffrey Epstein,Michael Gerard Scavelli,5
Marc Allan Fernich,Martin Gary Weinberg,5
Marc Allan Fernich,Reid Weingarten,5
Michael Campion Miller,Michael Gerard Scavelli,5
Darren Indyke,Deborah Anaya,5
Alex Rossmiller,Amanda Young,5
Alex Rossmiller,Marc Fernich,5
Alex Rossmiller,Paul Byrne,5
Alison Moe,Marc Fernich,5
Geoffrey S Berman,Martin G Weinberg,5
Geoffrey S Berman,Maurene R Comey,5
Jeffrey Epstein,Maurene R Comey,5
Alexander Rossmiller,Geoffrey S Berman,5
Alexander Rossmiller,Jeffrey Epstein,5
Alison G Moe,Marc Fernich,5
Alison G Moe,Richard M Berman,5
James Brochin,Jeffrey Epstein,5
James Brochin,Marc Fernich,5
James Brochin,Reid Weingarten,5
James Brochin,Richard M Berman,5
Marc Allan Fernich,Richard M Berman,5
Christian Everdell,Mark S Cohen,5
Kenneth E Brown,Linda Childs,5
Kenneth E Brown,Michael Thomas,5
David Boies,Sigrid S Mccawley,5
Bobbi C Sternheim,Rebecca Forman,5
Bobbi Sternheim,Rebecca Forman,5
Audrey Strauss,Jessica Lonergan,5
Jeffrey S Pagliuca,Rebecca Forman,5
Goretti Moya,Lara Pomerantz,5
Geoffrey S Berman,Michael Thomas,5
Geoffrey S Berman,Nicolas Roos,5
Geoffrey S Berman,Rebekah Donaleski,5
Geoffrey S Berman,Tova Noel,5
Montel Figgins,Nicolas Roos,5
Bobbi Sternheim,Michael Mcdaniel,5
Bobbi Sternheim,Sigrid S Mccawley,5
Jeff Pagliuca,Michael Mcdaniel,5
Laura Menninger,Michael Mcdaniel,5
Hillary Clinton,Jeffrey Epstein,5
Altomaro Nickie A,Roy Black,5
Altomaro Nickie A,Sarah Kellen,5
Recarey Joseph,Sarah Kellen,5
David Mullen,Larry Morrison,5
Jeffrey Epstein,Theodore Leopold,5
Chris Tucker,Jeffrey Epstein,5
Nada Marcinkova,Nickie A Altomaro,5
Alan Dershowitz,Rush Limbaugh,5
Bill Hammond,Sarah Kellen,5
Det Dicks,Det Krauel,5
Det Dicks,Sgt Frick,5
Det Krauel,Sgt Frick,5
Nickie A Altomaro,Sgt Frick,5
Det Recarey,Jeffrey Epstein,5
Altomaro Nickie A,Janusz Banasiak,5
Barry Krischer,Rush Limbaugh,5
Larry Keller,Michael Reiter,5
Jeff Williams,Nickie A Altomaro,5
Alfredo Rodriguez,Haley Robson,5
Jack Goldberger,Sarah Kellen,5
Larry Visoaki,Sarah Kellen,5
Asa Daliah Weiss,Juan Alessi,5
Asa Daliah Weiss,Maria Alessi,5
Daliah M Weiss,Maria Alessi,5
Alan Dershowitz,Martin Nowak,5
Jeffrey Epstein,Larry Summers,5
Jeffrey Epstein,Martin Nowak,5
Larry Summers,Martin Nowak,5
Judge Pauley,Stanley J Okula,4
Carrie Yackee,John Beery,4
Carrie Yackee,Matt Coleman,4
Catherine Conrad,Laurie Edelstein,4
David Parse,Matt Coleman,4
Catherine Conrad,Catherine M Conrad,4
Linda Rs,Richard D,4
Andrew Miller,James Yetter,4
Andrew Miller,Paul Daugerdas,4
Andrew Miller,William H Pauley,4
James Yetter,Paul Daugerdas,4
James Yetter,William H Pauley,4
Paul Daugerdas,William H Pauley,4
Laurie Edelstein,Susan Brune,4
Susan Brune,Theresa Trzskoma,4
David K Parse,Nanette Davis,4
David K Parse,Preet Bharara,4
David K Parse,Stanley J Okula,4
David K Parse,William H Pauley,4
Nanette Davis,Preet Bharara,4
Preet Bharara,William H Pauley,4
D Luban,Stephen Gillers,4
Alison J Nathan,Robert Y Lewis,4
Robert Y Lewis,Sarah Ransome,4
Lucia Osborne-Crowley,Scotty David,4
Alison Moe,John Lopez,4
Andrew Rohrbach,John Lopez,4
John Lopez,Lara Pomerantz,4
John Lopez,Maurene Comey,4
David Parse,Raymond Craig Brubaker,4
Donna Guerin,Robert Greisman,4
Catherine Conrad,Frank Rosa,4
Abbe David Lowell,Joel B Rudin,4
Michael Franck,Stephen Gillers,4
Annie Farmer,Ghislain Maxwell,4
Annie Farmer,Scotty David,4
Ghislain Maxwell,Scotty David,4
Gus J Solomon,Stephen Gillers,4
Norman Dorsen,Stephen Gillers,4
Annie Farmer,Lucia Osborne-Crowley,4
Sarah Ransome,Sigrid S Mccawley,4
Sarah Kellen,Ted Waitt,4
Alison Moe,Robert Kelso,4
Andrew Rohrbach,Robert Kelso,4
Ghislaine Maxwell,Robert Kelso,4
Lara Pomerantz,Robert Kelso,4
Maurene Comey,Robert Kelso,4
Catherine Conrad,Randy Kim,4
Alison J Nathan,Bin Laden,4
Alison Nathan,Scotty David,4
Jeremy Peterson,Saddam Hussein,4
Catherine Conrad,Robert Conrad,4
Randy Kim,Susan Brune,4
Carrie Yackee,Michael Toporek,4
Carrie Yackee,Nicole Bencik,4
Carrie Yackee,Sheila D Denzler,4
David K Parse,Paul M Daugerdas,4
Donna Guerin,Paul M Daugerdas,4
Nicole Bencik,Sheila D Denzler,4
Alison Moe,Juliette Bryant,4
Alison Moe,Maria Farmer,4
Alison Moe,Teresa Helm,4
Andrew Rohrbach,Juliette Bryant,4
Andrew Rohrbach,Teresa Helm,4
Juliette Bryant,Lara Pomerantz,4
Juliette Bryant,Maurene Comey,4
Lara Pomerantz,Teresa Helm,4
Maurene Comey,Teresa Helm,4
Randy Kim,Viviann Stapp,4
Alison J Nathan,Stephen Flatley,4
Craig Brubaker,William H Pauley,4
Alison J Nathan,Sarah Kellen,4
Kendra Melrose,Randy Kim,4
Paul M Daugerdas,William H Pauley,4
Craig Brubaker,Donna Guerin,4
Elizabeth Stein,Jeffrey Epstein,4
Catherine Conrad,Juror No,4
Ghislaine Maxwell,Ian Maxwell,4
Ghislaine Maxwell,Kevin Maxwell,4
Henry J Miller,Stephen Gillers,4
Kenneth Norwick,William H Pauley,4
Alison Moe,Todd A Spodek,4
Bobbi C Sternheim,Todd A Spodek,4
Lara Pomerantz,Todd A Spodek,4
Maurene Comey,Todd A Spodek,4
Ghislaine Maxwell,Jeffery Epstein,4
Joseph Recarey,Michael Casey,4
Alison Moe,Laura Pomerantz,4
Andrew Rohrbach,Laura Pomerantz,4
Christian Everdell,Laura Pomerantz,4
Ghislaine Maxwell,Laura Pomerantz,4
Jeffrey Pagliuca,Laura Pomerantz,4
Laura Menninger,Laura Pomerantz,4
Laura Menninger,Renato Stabile,4
Harvey Weinstein,Jeffrey Epstein,4
Andrew Rohrbach,Mark Stewart Cohen,4
Lara Pomerantz,Mark Stewart Cohen,4
Bennett Gershman,Lisa Rocchio,4
Bennett Gershman,Park Dietz,4
Lisa Rocchio,Ryan Hall,4
Park Dietz,Ryan Hall,4
Christian Everdell,Todd Spodek,4
Ghislaine Maxwell,Vernon S Broderick,4
Bobbi C Sternheim,Elizabeth Stein,4
Ghislaine Maxwell,John Lopez,4
Alberto Pinto,Jeffrey Epstein,4
Jeffrey Epstein,Michael Casey,4
Keating Jp,Loftus Gr,4
Damian Williams,Ryan Hall,4
Bennett Gershman,Jennifer Naso,4
Bobbi C Sternheim,Ryan Hall,4
Jeffrey S Pagliuca,Ryan Hall,4
Jennifer Naso,Ryan Hall,4
Alison J Nathan,Minor Victim-3,4
Best Cl,Kilpatrick Dg,4
Best Cl,Resnick Hs,4
Best Cl,Saunders Be,4
Bruck M,Greene S,4
Bruck M,Gulbrandsen W,4
Bruck M,Hershkowitz I,4
Bruck M,Hogan D,4
Bruck M,Lanes O,4
Bruck M,Lindblad F,4
Bruck M,London K,4
Bruck M,Mcelvaney R,4
Bruck M,Mossige S,4
Bruck M,Reichelt S,4
Greene S,Gulbrandsen W,4
Greene S,Hershkowitz I,4
Greene S,Lanes O,4
Greene S,Lindblad F,4
Greene S,London K,4
Greene S,Mossige S,4
Greene S,Reichelt S,4
Gulbrandsen W,Hershkowitz I,4
Gulbrandsen W,Hogan D,4
Gulbrandsen W,Lanes O,4
Gulbrandsen W,Lindblad F,4
Gulbrandsen W,London K,4
Gulbrandsen W,Mcelvaney R,4
Gulbrandsen W,Mossige S,4
Gulbrandsen W,Reichelt S,4
Hershkowitz I,Hogan D,4
Hershkowitz I,Lanes O,4
Hershkowitz I,Lindblad F,4
Hershkowitz I,London K,4
Hershkowitz I,Mcelvaney R,4
Hershkowitz I,Mossige S,4
Hershkowitz I,Reichelt S,4
Hogan D,Lanes O,4
Hogan D,Lindblad F,4
Hogan D,London K,4
Hogan D,Mossige S,4
Hogan D,Reichelt S,4
Kilpatrick Dg,Resnick Hs,4
Kilpatrick Dg,Saunders Be,4
Lanes O,Lindblad F,4
Lanes O,London K,4
Lanes O,Mcelvaney R,4
Lanes O,Mossige S,4
Lanes O,Reichelt S,4
Lindblad F,London K,4
Lindblad F,Mcelvaney R,4
Lindblad F,Mossige S,4
Lindblad F,Reichelt S,4
London K,Mcelvaney R,4
London K,Mossige S,4
London K,Reichelt S,4
Mcelvaney R,Mossige S,4
Mcelvaney R,Reichelt S,4
Mossige S,Reichelt S,4
Resnick Hs,Saunders Be,4
Goodman J,Loftus Gr,4
Greene E,Loftus Gr,4
Loftus Ef,Schooler Jw,4
Cooke B,Ellis R,4
Cooke B,Packer S,4
Cooke B,Tamburello A,4
Ellis R,Hall Rcw,4
Ellis R,Hatters Friedman S,4
Ellis R,Jain A,4
Ellis R,Sorrentino R,4
Ellis R,Wagoner R,4
Hall Rcw,Packer S,4
Hall Rcw,Scott C,4
Hall Rcw,Tamburello A,4
Hatters Friedman S,Scott C,4
Jain A,Packer S,4
Jain A,Scott C,4
Jain A,Tamburello A,4
Packer S,Sorrentino R,4
Packer S,Tamburello A,4
Scott C,Sorrentino R,4
Sorrentino R,Tamburello A,4
Sorrentino R,Wagoner R,4
Jeffrey Epstein,Jessica Engle,4
Bill Clinton,Gerry Edelman,4
Bill Clinton,Jeffery Epstein,4
Bill Clinton,Leon Festinger,4
Bill Clinton,Steve Bannon,4
Gerry Edelman,Jeffery Epstein,4
Gerry Edelman,Leon Festinger,4
Gerry Edelman,Steve Bannon,4
Jeffery Epstein,Jeffrey Epstein,4
Jeffery Epstein,Leon Festinger,4
Jeffery Epstein,Steve Bannon,4
Leon Festinger,Steve Bannon,4
Minor Victim-3,Minor Victims,4
Abraham J,Hazard Sc,4
Abraham J,Marriner B,4
Abraham J,Platt De,4
Abraham J,Rich W,4
Abraham J,Ryan C W Hall,4
Abraham J,Sarmiento B,4
Abraham J,Tseng T,4
Blakey Re,Hazard Sc,4
Blakey Re,Marriner B,4
Blakey Re,Platt De,4
Blakey Re,Rich W,4
Blakey Re,Ryan C W Hall,4
Blakey Re,Sarmiento B,4
Blakey Re,Tseng T,4
Hall Rcw,Hazard Sc,4
Hall Rcw,Marriner B,4
Hall Rcw,Rich W,4
Hall Rcw,Sarmiento B,4
Hall Rcw,Tardif I,4
Hall Rcw,Tseng T,4
Hazard Sc,Marriner B,4
Hazard Sc,Pacheco Ca,4
Hazard Sc,Rich W,4
Hazard Sc,Ryan C W Hall,4
Hazard Sc,Sarmiento B,4
Hazard Sc,Tseng T,4
Marriner B,Pacheco Ca,4
Marriner B,Rich W,4
Marriner B,Ryan C W Hall,4
Marriner B,Sarmiento B,4
Marriner B,Tseng T,4
Pacheco Ca,Platt De,4
Pacheco Ca,Rich W,4
Pacheco Ca,Ryan C W Hall,4
Pacheco Ca,Sarmiento B,4
Pacheco Ca,Tseng T,4
Rich W,Ryan C W Hall,4
Rich W,Sarmiento B,4
Rich W,Tseng T,4
Ryan C W Hall,Sarmiento B,4
Ryan C W Hall,Tardif I,4
Ryan C W Hall,Tseng T,4
Sarmiento B,Tseng T,4
Candilis P,Hall Rcw,4
Candilis P,Jain A,4
Candilis P,Kolla N,4
Candilis P,Robert Wesley,4
Candilis P,Sorrentino R,4
Glezer A,Hall Rcw,4
Glezer A,Hatters Friedman S,4
Glezer A,Jain A,4
Glezer A,Sorrentino R,4
Glezer A,Wisner K,4
Hall Rcw,Kaufman A,4
Hall Rcw,Kenedi C,4
Hall Rcw,Knoll J,4
Hall Rcw,Kolla N,4
Hall Rcw,Mossman D,4
Hall Rcw,Robert Wesley,4
Hall Rcw,Wisner K,4
Hatters Friedman S,Kaufman A,4
Hatters Friedman S,Kenedi C,4
Hatters Friedman S,Knoll J,4
Hatters Friedman S,Mossman D,4
Hatters Friedman S,Wisner K,4
Jain A,Kaufman A,4
Jain A,Kolla N,4
Jain A,Mossman D,4
Jain A,Robert Wesley,4
Jain A,Wisner K,4
Kaufman A,Mossman D,4
Kaufman A,Myers W,4
Kaufman A,Sorrentino R,4
Kenedi C,Knoll J,4
Kolla N,Robert Wesley,4
Kolla N,Sorrentino R,4
Mossman D,Myers W,4
Mossman D,Sorrentino R,4
Myers W,Sorrentino R,4
Robert Wesley,Sorrentino R,4
Sorrentino R,Wisner K,4
Appleby B,Hall Rcw,4
Claudius English,Minor Victim-1,4
Jane Doe-4,Kimba M Wood,4
Claudius English,Minor Victim-5,4
Minor Victim-4,Minor Victim-5,4
Martell Da,Warren Ji,4
Bernstein Dm,Kaasa So,4
Bruck M,Garry M,4
Chen C,Garry M,4
Chen C,Lilienfeld So,4
Chen C,Lynn Sj,4
Chen C,Merckelbach H,4
Chen C,Patihis L,4
Dong Q,Garry M,4
Dong Q,Lilienfeld So,4
Dong Q,Lynn Sj,4
Dong Q,Merckelbach H,4
Dong Q,Patihis L,4
Fenn Km,Loftus Ef,4
Frenda Sj,Garry M,4
Frenda Sj,Lilienfeld So,4
Frenda Sj,Lynn Sj,4
Frenda Sj,Merckelbach H,4
Frenda Sj,Patihis L,4
Garry M,Kaasa So,4
Garry M,Lin C,4
Garry M,Lynn Sj,4
Garry M,Zhu B,4
Ho Ly,Lilienfeld So,4
Ho Ly,Loftus Ef,4
Ho Ly,Patihis L,4
Kaasa So,Laney C,4
Kaasa So,Loftus Ef,4
Laney C,Lilienfeld So,4
Laney C,Nichols Rm,4
Lilienfeld So,Lin C,4
Lilienfeld So,Nichols Rm,4
Lilienfeld So,Zhu B,4
Lin C,Lynn Sj,4
Lin C,Merckelbach H,4
Lin C,Patihis L,4
Loftus Ef,Stark Cel,4
Lynn Sj,Nichols Rm,4
Lynn Sj,Zhu B,4
Merckelbach H,Nichols Rm,4
Merckelbach H,Zhu B,4
Nichols Rm,Patihis L,4
Patihis L,Zhu B,4
Davis D,Patihis L,4
Doyle Jm,Lilienfeld So,4
Dysart Je,Garry M,4
Grady Rh,Lilienfeld So,4
Grady Rh,Patihis L,4
Alex Rossmiller,Ted Diskant,4
Alison Moe,Ted Diskant,4
Garry M,Lynn S J,4
Alison J Nathan,William Walters,4
Kimba M Wood,P Kevin Castel,4
P Kevin Castel,William Walters,4
Claudius English,Minor Victim-6,4
Anna E Jaffe,Caron Zlotnick,4
Anna E Jaffe,Emily R Dworkin,4
Anna E Jaffe,Meredith Warshaw,4
Anna E Jaffe,Michele Bedard-Gilligan,4
Anna E Jaffe,Skye Fitzpatrick,4
Caron Zlotnick,Emily R Dworkin,4
Caron Zlotnick,Meredith Warshaw,4
Caron Zlotnick,Michele Bedard-Gilligan,4
Caron Zlotnick,Skye Fitzpatrick,4
Emily R Dworkin,Meredith Warshaw,4
Emily R Dworkin,Michele Bedard-Gilligan,4
Emily R Dworkin,Skye Fitzpatrick,4
Meredith Warshaw,Michele Bedard-Gilligan,4
Meredith Warshaw,Skye Fitzpatrick,4
Michele Bedard-Gilligan,Skye Fitzpatrick,4
Day T,Hall Rcw,4
Day T,Myers W,4
Hall Rcw,Kaye N,4
Jain A,Levine H,4
Jain A,Tolou-Shams M,4
Kaye N,Levine H,4
Levine H,Sorrentino R,4
Myers W,Tolou-Shams M,4
Sorrentino R,Tolou-Shams M,4
Davis D,Howe Ml,4
Davis D,Lynn Sj,4
Davis D,Merckelbach H,4
Grady Rh,Howe Ml,4
Loftus Ef,Wells Gl,4
Cooke B,Piel J,4
Cooke B,Wall B,4
Hall Rcw,Piel J,4
Hatters Friedman S,Piel J,4
Jain A,Piel J,4
Jain A,Wall B,4
Levine H,Wall B,4
Piel J,Wagoner R,4
Piel J,Wall B,4
Wagoner R,Wall B,4
Jeffrey Epstein,William O'Donohue,4
Jessica Engle,William O'Donohue,4
Denise L Cote,P Kevin Castel,4
Bernstein Dm,Dysart Je,4
Doyle Jm,Laney C,4
Cochrane Ti,Day Tr,4
Cochrane Ti,Hall Rcw,4
Cochrane Ti,Le T,4
Cochrane Ti,Myers W,4
Day Tr,Hall Rcw,4
Day Tr,Le T,4
Day Tr,Myers W,4
Hall Rcw,Le T,4
Hall Rcw,Myers Wc,4
Hatters Friedman S,Myers Wc,4
Le T,Myers W,4
Myers Wc,Tolou-Shams M,4
Goodman J,Wagenaar Wa,4
Loftus Ef,Wagenaar Wa,4
Brent English,Geoffrey S Berman,4
Brent English,Minor Victim-7,4
Claudius English,Geoffrey S Berman,4
Geoffrey S Berman,Jay Barnes,4
Jay Barnes,Minor Victim-7,4
Hall Rcw,Yang S,4
Levine H,Yang S,4
Hall Rcw,Kass E,4
Hall Rcw,Levin A,4
Laporte G,Stephens J,4
Brad Edwards,Sean Watson,4
Kilpatrick D G,Resnick H S,4
Abraham J,Dunlap Pk,4
Blakey Re,Dunlap Pk,4
Dunlap Pk,Hall Rcw,4
Dunlap Pk,Pacheco Ca,4
Dm Hughes,Lisa Marie Rocchio,4
Amanda Kramer,Amanda Young,4
Amanda Kramer,Pete Skinner,4
Amanda Kramer,Steve Anthony,4
Amanda Kramer,Virginia Roberts,4
Amanda Young,Pete Skinner,4
Amanda Young,Stan Pottinger,4
Amanda Young,Steve Anthony,4
Amanda Young,Virginia Roberts,4
Brad Edwards,Pete Skinner,4
Brad Edwards,Steve Anthony,4
Jeffrey Epstein,Steve Anthony,4
Lara Pomerantz,Pete Skinner,4
Lara Pomerantz,Stan Pottinger,4
Lara Pomerantz,Steve Anthony,4
Maurene Comey,Pete Skinner,4
Maurene Comey,Stan Pottinger,4
Maurene Comey,Steve Anthony,4
Pete Skinner,Stan Pottinger,4
Pete Skinner,Steve Anthony,4
Stan Pottinger,Steve Anthony,4
Steve Anthony,Virginia Roberts,4
Alison G Moe,Maurene R Comey,4
Christine N Walz,Cynthia A Gierhart,4
Cynthia A Gierhart,Sanford L Bohrer,4
Bruck M,Finkelhor D,4
Ceci S J,Finkelhor D,4
Dan Stein,David Boies,4
David Boies,Virginia Roberts,4
Hall Rcw,Strauss A,4
Alison J Nathan,Matthew Russell Lee,4
Alison J Nathan,Christine N Walz,4
Alison J Nathan,Sanford L Bohrer,4
Ghislaine Maxwell,Sanford L Bohrer,4
Jack Scarola,Jeffrey S Pagliuca,4
Bobbi C Sternheim,Jordana H Feldman,4
Mark Stewart Cohen,Patrick J Smith,4
Dvoskin Ja,Park Dietz,4
Dan Stein,Sean Watson,4
Sean Watson,Virginia Roberts,4
Gregory Cj,Lisa Marie Rocchio,4
Feldman J,Garry M,4
Feldman J,Loftus Ef,4
Park Dietz,Resnick Pj,4
Berliner L,Blake R H,4
Berliner L,Brown S,4
Berliner L,Browne K,4
Berliner L,Christiansen J R,4
Berliner L,Conte J R,4
Berliner L,Craven S,4
Berliner L,Elliott M,4
Berliner L,Gilchrist E,4
Berliner L,Gillespie A,4
Berliner L,Howitt D,4
Berliner L,Kilcoyne J,4
Berliner L,Leberg E,4
Berliner L,Smith T,4
Berliner L,Wolf S,4
Blake R H,Brown S,4
Blake R H,Browne K,4
Blake R H,Christiansen J R,4
Blake R H,Conte J R,4
Blake R H,Craven S,4
Blake R H,Elliott M,4
Blake R H,Gilchrist E,4
Blake R H,Gillespie A,4
Blake R H,Howitt D,4
Blake R H,Kilcoyne J,4
Blake R H,Leberg E,4
Blake R H,Smith T,4
Blake R H,Wolf S,4
Brown S,Browne K,4
Brown S,Christiansen J R,4
Brown S,Conte J R,4
Brown S,Craven S,4
Brown S,Elliott M,4
Brown S,Gilchrist E,4
Brown S,Gillespie A,4
Brown S,Howitt D,4
Brown S,Kilcoyne J,4
Brown S,Leberg E,4
Brown S,Smith T,4
Brown S,Wolf S,4
Browne K,Christiansen J R,4
Browne K,Conte J R,4
Browne K,Craven S,4
Browne K,Elliott M,4
Browne K,Gilchrist E,4
Browne K,Gillespie A,4
Browne K,Howitt D,4
Browne K,Kilcoyne J,4
Browne K,Leberg E,4
Browne K,Smith T,4
Browne K,Wolf S,4
Christiansen J R,Conte J R,4
Christiansen J R,Craven S,4
Christiansen J R,Elliott M,4
Christiansen J R,Gilchrist E,4
Christiansen J R,Gillespie A,4
Christiansen J R,Howitt D,4
Christiansen J R,Kilcoyne J,4
Christiansen J R,Leberg E,4
Christiansen J R,Smith T,4
Christiansen J R,Wolf S,4
Conte J R,Craven S,4
Conte J R,Elliott M,4
Conte J R,Gilchrist E,4
Conte J R,Gillespie A,4
Conte J R,Howitt D,4
Conte J R,Kilcoyne J,4
Conte J R,Leberg E,4
Conte J R,Smith T,4
Conte J R,Wolf S,4
Craven S,Elliott M,4
Craven S,Gilchrist E,4
Craven S,Gillespie A,4
Craven S,Howitt D,4
Craven S,Kilcoyne J,4
Craven S,Leberg E,4
Craven S,Smith T,4
Craven S,Wolf S,4
Elliott M,Gilchrist E,4
Elliott M,Gillespie A,4
Elliott M,Howitt D,4
Elliott M,Kilcoyne J,4
Elliott M,Leberg E,4
Elliott M,Smith T,4
Elliott M,Wolf S,4
Gilchrist E,Gillespie A,4
Gilchrist E,Howitt D,4
Gilchrist E,Kilcoyne J,4
Gilchrist E,Leberg E,4
Gilchrist E,Smith T,4
Gilchrist E,Wolf S,4
Gillespie A,Howitt D,4
Gillespie A,Kilcoyne J,4
Gillespie A,Leberg E,4
Gillespie A,Smith T,4
Gillespie A,Wolf S,4
Howitt D,Kilcoyne J,4
Howitt D,Leberg E,4
Howitt D,Smith T,4
Howitt D,Wolf S,4
Kilcoyne J,Leberg E,4
Kilcoyne J,Smith T,4
Kilcoyne J,Wolf S,4
Leberg E,Smith T,4
Leberg E,Wolf S,4
Smith T,Wolf S,4
Alison Moe,Judge Nathan,4
Judge Nathan,Lara Pomerantz,4
A Marie Villafana,Lilly Ann Sangrez,4
Jeffrey Epstein,Lilly Ann Sangrez,4
Lilly Ann Sangrez,R Alexander Acosta,4
N Bennett,Van Dam,4
Bobbi Sternheim,Lisa Rocchio,4
Bobbi Sternheim,Mark Cohen,4
Christian Everdell,Lisa Rocchio,4
Laura Menninger,Lisa Rocchio,4
Brad Edwards,Meredith Schultz,4
Meredith Schultz,Sigrid Mccawley,4
Ghislaine Maxwell,Vicky Ward,4
Eric Holder,Jon Kyl,4
Leah Saffian,Sophia Papapetru,4
Laura A Menninger,Virginia L Giuffre,4
Alice Fisher,Jack Goldberger,4
Alice Fisher,Kenneth Starr,4
Bradley Edwards,David Boies,4
Jeffrey Epstein,Michele Dargan,4
Alex Rossmiller,Allison Moe,4
Allison Moe,Jeffrey S Pagliuca,4
Andrew Rohrbach,Brad Edwards,4
Annie Farmer,Jeffrey S Pagliuca,4
Jeffrey S Pagliuca,Maria Farmer,4
Peter Skinner,Virginia Giuffre,4
Alice Fisher,Andrew Lourie,4
Alice Fisher,John Roth,4
Andrew Lourie,Andrew Oosterbaan,4
Andrew Lourie,John Roth,4
Andrew Lourie,Mark Filip,4
Andrew Lourie,Sigal Mandelker,4
Andrew Oosterbaan,John Roth,4
Andrew Oosterbaan,Sigal Mandelker,4
John Roth,Sigal Mandelker,4
Ghislaine Maxwell,Jane Doe #3,4
Ghislaine Maxwell,Stan Pottinger,4
Brad Edwards,Stanley Pottinger,4
Paul Cassell,Peter Skinner,4
Jeffrey Epstein,Virginia L Giuffre,4
Jeffrey Epstein,Landon Thomas,4
Jane Doe 1,Jane Doe 3,4
Jane Doe 1,Jane Doe 4,4
Jane Doe 2,Jane Doe 3,4
Jane Doe 2,Jane Doe 4,4
Alan Dershowitz,Larry Keller,4
Donald Trump,Nicole Janok,4
Alexander Acosta,Andrew Lourie,4
Alexander Acosta,Matthew Menchel,4
Andrew Lourie,Jeff Sloman,4
Andrew Lourie,Jeffrey Epstein,4
Jeff Sloman,Jeffrey Epstein,4
Jeff Sloman,Matthew Menchel,4
Jeffrey Epstein,Matthew Menchel,4
Jay Lefkowitz,Jeffrey Epstein,4
Guy Lewis,Martin Weinberg,4
David Boies,Virginia Giuffre,4
Alison J Nathan,Peter Skinner,4
Alex Acosta,Jeffrey Epstein,4
Alex Acosta,Ken Starr,4
Barry E Krischer,Sharon R Bock,4
Damaris Pina,Lanna Belohlavek,4
Damaris Pina,Sharon R Bock,4
Dana Burns,David Rodgers,4
A Marie Villafaa,Andrew Lourie,4
A Marie Villafaa,Gerald B Lefcourt,4
A Marie Villafaa,Jeffrey Sloman,4
A Marie Villafaa,Matthew Menchel,4
Andrew Lourie,Gerald B Lefcourt,4
Andrew Lourie,Lilly Ann Sanchez,4
Andrew Lourie,R Alexander Acosta,4
Andrew Lourie,Roy Black,4
Gerald B Lefcourt,Jeffrey Sloman,4
Gerald B Lefcourt,Lilly Ann Sanchez,4
Gerald B Lefcourt,Matthew Menchel,4
Gerald B Lefcourt,R Alexander Acosta,4
Gerald B Lefcourt,Roy Black,4
Jeffrey Sloman,Lilly Ann Sanchez,4
Jeffrey Sloman,R Alexander Acosta,4
Jeffrey Sloman,Roy Black,4
Lilly Ann Sanchez,Matthew Menchel,4
Lilly Ann Sanchez,Roy Black,4
Matthew Menchel,R Alexander Acosta,4
Matthew Menchel,Roy Black,4
Leslie Wexner,Prince Andrew,4
Jean Luc Brunel,Nadia Marcinkova,4
Jean Luc Brunel,Sarah Kellen,4
Amanda Young,Maurene R Comey,4
Audrey Strauss,Christian R Everdell,4
Audrey Strauss,Jeffrey S Pagliuca,4
Audrey Strauss,Maurene R Comey,4
Ghislaine Maxwell,Joseph Pecorino,4
Ghislaine Maxwell,Wendy Olson,4
Juan Alessi,Sergeant Dawson,4
Darren Indyke,Jeff Schantz,4
Eva Dubin,Selena Dubin,4
Glenn Dubin,Selena Dubin,4
Eva Anderson,Eva Dubin,4
Eva Anderson,Glenn Dubin,4
Jack Scarola,Sarah Kellen,4
Eva Dubin,Jeffrey Epstein,4
Henry Drecky,Marvin Minsky,4
Donald Trump,Mike Wallace,4
Jeffrey Epstein,Mike Wallace,4
David Mulligan,Janice Swain,4
Celina Midelfart,Shelly Lewis,4
Ghislaine Maxwell,Shelly Lewis,4
Ghislaine Maxwell,Professor Loftus,4
Bobbi Sternheim,Maureen Comey,4
Mark Epstein,Prince Andrew,4
Annette Badger,Jeffrey Epstein,4
Annette Badger,Joseph Recarey,4
Cimberly Espinosa,Elizabeth Loftus,4
Jeffrey Epstein,Tony Figueroa,4
Tony Figueroa,Virginia Roberts,4
Janusz Banasiak,Joseph Recarey,4
Jeffrey Epstein,Nicole Hesse,4
Juan Alessi,Sky Roberts,4
Ivan Fisher,Jeffrey Epstein,4
Cim Espinosa,Larry Visoski,4
Gill Velez,Sky Roberts,4
Annie Farmer,Judge Nathan,4
Casey Wasserman,Ghislaine Maxwell,4
Casey Wasserman,Jeffrey Epstein,4
Amy Lynn,Princess Jenny,4
Amy Lynn,Shaun Nedwick,4
Alan Dershowitz,Joseph Recarey,4
Byron Elrod,Christopher Bryant,4
Byron Elrod,Detective Allen,4
Byron Elrod,Sgt Thompson,4
Christopher Bryant,Detective Allen,4
Christopher Bryant,Sgt Thompson,4
Detective Allen,Sgt Thompson,4
Bill Clint,Bob Marley,4
Bill Clint,Marilyn Monroe,4
Bob Marley,Marilyn Monroe,4
Det Joe Recarey,Tatum Miller,4
Heidi Fleiss,Sgt Frick,4
Jack A Goldberger,Jeffrey Herman,4
Jeffrey Herman,Lanna Belohlavek,4
Jeffrey Herman,Theodore J Leopold,4
Bill Riley,Mary Parker,4
Bill Riley,Steve Kiraly,4
Mary Parker,Steve Kiraly,4
Amy Lynn,Lord Of The Fire,4
Beef Knuckles,Lisa Ethel,4
Lisa Ethel,Princess Jenny,4
Jane Doe,Theodore J Leopold,4
Haley Robson,Jack A Goldberger,4
Elmer Gudger,Greene Linda C,4
Elmer Gudger,John Alessi,4
Elmer Gudger,Juan Alessi,4
Elmer Gudger,Marie Alessi,4
Elmer Gudger,Melnichok Thomas C,4
Juan Alessi,Melnichok Thomas C,4
Marie Alessi,Melnichok Thomas C,4
Adam D Horowitz,Jeffrey Epstein,4
Det Dawson,Linda C Greene,4
Donald Dement,Greg Parkinson,4
Donald Dement,Sarah Kellen,4
Greg Parkinson,Sarah Kellen,4
Beef Knuckles,Bob Marley,4
Beef Knuckles,Cypress Hill,4
Beef Knuckles,Damien Marley,4
Beef Knuckles,Jack Johnson,4
Beef Knuckles,John Mayer,4
Beef Knuckles,No Doubt,4
Beef Knuckles,Paul Wall,4
Beef Knuckles,Radio Head,4
Beef Knuckles,Snoop Dogg,4
Beef Knuckles,The Smashing Pumpkins,4
Beef Knuckles,The Strokes,4
Beef Knuckles,The White Stripes,4
Bob Marley,Cypress Hill,4
Bob Marley,Mike Jones,4
Bob Marley,No Doubt,4
Bob Marley,Radio Head,4
Bob Marley,The Smashing Pumpkins,4
Bob Marley,The Strokes,4
Bob Marley,The White Stripes,4
Cypress Hill,Damien Marley,4
Cypress Hill,Jack Johnson,4
Cypress Hill,John Mayer,4
Cypress Hill,No Doubt,4
Cypress Hill,Paul Wall,4
Cypress Hill,Radio Head,4
Cypress Hill,Snoop Dogg,4
Cypress Hill,The Smashing Pumpkins,4
Cypress Hill,The Strokes,4
Cypress Hill,The White Stripes,4
Damien Marley,No Doubt,4
Damien Marley,Radio Head,4
Damien Marley,The Smashing Pumpkins,4
Damien Marley,The Strokes,4
Damien Marley,The White Stripes,4
Jack Johnson,No Doubt,4
Jack Johnson,Radio Head,4
Jack Johnson,The Smashing Pumpkins,4
Jack Johnson,The Strokes,4
Jack Johnson,The White Stripes,4
John Mayer,No Doubt,4
John Mayer,Radio Head,4
John Mayer,The Smashing Pumpkins,4
John Mayer,The Strokes,4
John Mayer,The White Stripes,4
No Doubt,Paul Wall,4
No Doubt,Radio Head,4
No Doubt,Snoop Dogg,4
No Doubt,The Smashing Pumpkins,4
No Doubt,The Strokes,4
No Doubt,The White Stripes,4
Paul Wall,Radio Head,4
Paul Wall,The Smashing Pumpkins,4
Paul Wall,The Strokes,4
Paul Wall,The White Stripes,4
Radio Head,Snoop Dogg,4
Radio Head,The Smashing Pumpkins,4
Radio Head,The Strokes,4
Radio Head,The White Stripes,4
Snoop Dogg,The Smashing Pumpkins,4
Snoop Dogg,The Strokes,4
Snoop Dogg,The White Stripes,4
The Smashing Pumpkins,The Strokes,4
The Smashing Pumpkins,The White Stripes,4
The Strokes,The White Stripes,4
Beef Knuckles,Eazzy Mutha Fuckin E,4
Eazzy Mutha Fuckin E,Pimp Juice,4
Jane Doe No. 3,Jeffrey Epstein,4
Daliah Weiss,Michael Salnick,4
Jeffrey Epstein,Mary Alessi,4
Juan Alessi,Mary Alessi,4
Barry E Krischer,Jeffrey Epstein,4
Lanna Belohlavek,Sarah Kellen,4
Greene Linda C,Mike Friedman,4
Greene Linda C,Rosalie Friedman,4
Jeffrey Epstein,Melnichok Thomas C,4
Jeffrey Epstein,Mike Friedman,4
Jeffrey Epstein,Rosalie Friedman,4
John Alessi,Mike Friedman,4
John Alessi,Rosalie Friedman,4
Melnichok Thomas C,Mike Friedman,4
Melnichok Thomas C,Rosalie Friedman,4
Mike Friedman,Rosalie Friedman,4
Amy Lynn,Deus Ex Machina,4
Cecilia Steen,Jeffrey Epstein,4
Jack A Goldberger,Stuart S Mermelstein,4
Greg Parkinson,Juan P Alessi,4
Alan Dershowitz,Janusz Banasiak,4
Alan Dershowitz,Lana Belohlavic,4
Alan Dershowitz,Nada Marcinkova,4
Guy Fronstin,Janusz Banasiak,4
Guy Fronstin,Lana Belohlavic,4
Haley Robson,Janusz Banasiak,4
Haley Robson,Lana Belohlavic,4
Janusz Banasiak,Lana Belohlavic,4
Janusz Banasiak,Sarah Kellen,4
Lana Belohlavic,Nada Marcinkova,4
Lana Belohlavic,Sarah Kellen,4
Burfield Kurt,Caristo Nicholas,4
Burfield Kurt,Oregero Laura,4
Caristo Nicholas,Oregero Laura,4
Alfredo Rodriguez,Jeffrey E Epstein,4
Lamine N'Diaye Petrucci,Shirley V Skipper-Scott,4
Hugh Hurwitz,Ormond Ray,4
Lamine N'Diay,Ray Ormond,4
Ray Ormon,Shirley V Skipper-Scott,4
Lamine N'Diaye,Shirley V Skipper-Scot,4
Lamine N'Diaye,Shirley V Skipper,4
James C Wills,Jeffrey Epstein,4
D Shinn,Hugh J Hurwitz,4
D Shinn,J Petrucci,4
D Shinn,J Ray Ormond,4
D Shinn,Jeffrey Epstein,4
D Shinn,M D Carvajal,4
D Shinn,N C English,4
Hugh J Hurwitz,J Ray Ormond,4
Hugh J Hurwitz,M D Carvajal,4
Hugh J Hurwitz,N C English,4
J Petrucci,M D Carvajal,4
J Petrucci,N C English,4
J Ray Ormond,M D Carvajal,4
J Ray Ormond,N C English,4
Jeffrey Epstein,M D Carvajal,4
Jeffrey Epstein,N C English,4
M D Carvajal,N C English,4
Benedict H Gross,Jeffrey Epstein,4
Jeffrey Epstein,S Allen Counter,4
J Ray Ormond,Lamine N'Diaye,4
Jeffrey Epstein,Warden N'Diaye,4
Lee Plourde,Shirley Skipper Scott,4
Christine Murray,James Petrucci,4
Christine Murray,Lee Plourde,4
Lee Plourde,Richard M Berman,4
Chief Psychologist,Warden N'Diaye,4
Jeffrey Epstein,Ric Bradshaw,4
Ric Bradshaw,Ron Desantis,4
B Bc,Officer B,4
Bill Cosby,Jeffrey Edward Epstein,4
Jeffrey Epstein,Michael Baden,4
Lee Plourde,Michael Baden,4
Electronics Technician,Sis Lieutenant,4
Benedict H Gross,Lamine N'Diaye,4
Benedict H Gross,Lee Plourde,4
Benedict H Gross,Shirley V Skipper-Scott,4
Jonathan David Farley,Lamine N'Diaye,4
Jonathan David Farley,Lee Plourde,4
Jonathan David Farley,Shirley V Skipper-Scott,4
Lamine N'Diaye,S Allen Counter,4
Lee Plourde,S Allen Counter,4
S Allen Counter,Shirley V Skipper-Scott,4
Jeffrey Epstein,Michael Carvajal,4
Kevin Pistro,Michael Carvajal,4
Catherine O'Hagan Wolfe,Ghislain Maxwell,4
Loretta A Preska,Virginia L Giuffre,4
Alison J Nathan,Allison Moe,4
Jeffrey S Pagliuca,Mark Cohen,4
Jeffrey Pagliuca,Mark Stewart Cohen,4
Defense Counsel,Defense Expertsadvisors,4
Defense Counsel,Defense Staff,4
Defense Expertsadvisors,Defense Staff,4
Defense Expertsadvisors,Potential Defense Witnesses,4
Defense Staff,Potential Defense Witnesses,4
Lara Elizabeth Pomerantz,Mark Stewart Cohen,4
Alison Moe,Andrea K Johnstone,4
Alison Moe,Janice Bernard,4
Alison Moe,John S Davis,4
Alison Moe,Lawrence Vogelman,4
Alison Moe,Susan Bateman,4
Andrea K Johnstone,Janice Bernard,4
Andrea K Johnstone,Lawrence Vogelman,4
Andrea K Johnstone,Susan Bateman,4
Ghislaine Maxwell,Janice Bernard,4
Ghislaine Maxwell,Susan Bateman,4
Janice Bernard,John S Davis,4
Janice Bernard,Lawrence Vogelman,4
Janice Bernard,Susan Bateman,4
John S Davis,Lawrence Vogelman,4
John S Davis,Susan Bateman,4
Lawrence Vogelman,Susan Bateman,4
Ghislaine Maxwell,Richard D Kahn,4
Alison J Nathan,Maurene Ryan Comey,4
Ghislaine Maxwell,Maurene Ryan Comey,4
Katharine H Parker,Maurene Ryan Comey,4
Audrey Strauss,Maureen Comey,4
Thomas Mckay,Won Shin,4
Darren K Indyke,Jeffrey E Epstein,4
Jane Doe,Richard D Kahn,4
Jeffrey E Epstein,Richard D Kahn,4
Ghislaine Maxwell,William Sweeney,4
Adam Mueller,Alison Moe,4
Adam Mueller,Audrey Strauss,4
Adam Mueller,Jos A Cabranes,4
Adam Mueller,Karl Metzner,4
Adam Mueller,Reena Raggi,4
Adam Mueller,Rosemary S Pooler,4
Alison Moe,Reena Raggi,4
Alison Moe,Rosemary S Pooler,4
Alison Moe,Ty Gee,4
Audrey Strauss,Jos A Cabranes,4
Audrey Strauss,Reena Raggi,4
Audrey Strauss,Rosemary S Pooler,4
Audrey Strauss,Ty Gee,4
Ghislaine Maxwell,Reena Raggi,4
Ghislaine Maxwell,Rosemary S Pooler,4
Jos A Cabranes,Karl Metzner,4
Jos A Cabranes,Reena Raggi,4
Jos A Cabranes,Rosemary S Pooler,4
Jos A Cabranes,Ty Gee,4
Karl Metzner,Reena Raggi,4
Karl Metzner,Rosemary S Pooler,4
Karl Metzner,Ty Gee,4
Lara Pomerantz,Reena Raggi,4
Lara Pomerantz,Rosemary S Pooler,4
Lara Pomerantz,Ty Gee,4
Maurene Comey,Reena Raggi,4
Maurene Comey,Rosemary S Pooler,4
Maurene Comey,Ty Gee,4
Reena Raggi,Rosemary S Pooler,4
Reena Raggi,Ty Gee,4
Rosemary S Pooler,Ty Gee,4
Ghislaine Maxwell,Olivier Laude,4
Jeffrey Epstein,Olivier Laude,4
Andy Stewart,David Rodgers,4
Isabel Maxwell,Jeffrey E Epstein,4
Shelly Lewis,Sophie Biddle,4
Ethel Rosenberg,Julius Rosenberg,4
Jeffrey Epstein,Todd Blanche,4
Richard M Berman,Todd Blanche,4
Jeffrey E Epstein,Nicole Hesse,4
J Ruan,Jeanne Brennan,4
Jay Clayton,Paul A Engelmayer,4
Alison Moe,Robert Glassman,4
Andrew Rohrbach,Robert Glassman,4
Lara Pomerantz,Robert Glassman,4
Maurene Comey,Robert Glassman,4
Gwendolyn Beck,Sophie Biddle,4
Christian R Everdell,David Markus,4
Ghislaine Maxwell,Melissa Madrigal,4
E Simmonds,Jeffrey E Epstein,4
Cecilia Steen,Shannon Healy,4
Jeffrey E Epstein,Shannon Healy,4
Alison Moe,Tom Murray,4
Amanda Young,Tom Murray,4
Jeffrey Epstein,Tom Murray,4
Marc Fernich,Tom Murray,4
Martin Weinberg,Tom Murray,4
Paul Byrne,Tom Murray,4
Reid Weingarten,Tom Murray,4
Richard M Berman,Tom Murray,4
Alison Moe,Michael Miller,4
Jeffrey Epstein,Michael Miller,4
Martin G Weinberg,Maurene R Comey,4
Maurene R Comey,Richard M Berman,4
Michael Miller,Reid Weingarten,4
Michael Miller,Richard M Berman,4
Jeffrey Epstein,Jennifer Gaffney,4
Jeffrey Epstein,L Menninger,4
Laura Menninger,Sigrid S Mccawley,4
Alexander Rossmiller,Marc Fernich,4
Alexander Rossmiller,Martin G Weinberg,4
Alexander Rossmiller,Richard M Berman,4
Geoffrey S Berman,Marc Fernich,4
Catherine O'Hagan Wolfe,Robert A Katzmann,4
Martin Gary Weinberg,Richard M Berman,4
Henry Pitman,Jeffrey Epstein,4
Amanda Young,James Brochin,4
Amanda Young,Michael Miller,4
James Brochin,Martin Weinberg,4
James Brochin,Paul Byrne,4
James L Brochin,Richard M Berman,4
Martin Weinberg,Michael Miller,4
Michael Campion Miller,Richard M Berman,4
Michael Gerard Scavelli,Richard M Berman,4
Michael Miller,Paul Byrne,4
Alison G Moe,Paul Byrne,4
Jeffrey Epstein,Thomas Murray,4
Alex Rossmiller,Sigrid S Mccawley,4
Alison J Nathan,Eve Giniger,4
Alison Moe,Eve Giniger,4
Andrew Rohrbach,Eve Giniger,4
Christian Everdell,Eve Giniger,4
Christian Everdell,Moya Goretti,4
Eve Giniger,Ghislaine Maxwell,4
Eve Giniger,Jeff Pagliuca,4
Eve Giniger,Khris Sellin,4
Eve Giniger,Lara Pomerantz,4
Eve Giniger,Maurene Comey,4
Eve Giniger,Renato Stabile,4
Jeff Pagliuca,Renato Stabile,4
Khris Sellin,Renato Stabile,4
Laura Menninger,Moya Goretti,4
Christian Everdell,Ryan Hall,4
Laura Menninger,Ryan Hall,4
Bobbi C Sternheim,Sigrid S Mccawley,4
Kenneth E Brown,Montell Figgins,4
Andrew Rohrbach,Catherine O'Hagan Wolfe,4
Christian Everdell,Goretti Moya,4
Goretti Moya,Michael Mcdaniel,4
Jason Foy,Michael Thomas,4
Jason Foy,Rebekah Donaleski,4
Jason Foy,Tova Noel,4
Rebekah Donaleski,Tova Noel,4
Alison Moe,Goretti Moya,4
Andrew Rohrbach,Goretti Moya,4
Goretti Moya,Maurene Comey,4
Analisa Torres,Kristen Mckeown,4
Douglas Mitchell,Kristen Mckeown,4
Jason Erroy Foy,Kristen Mckeown,4
Jessica Lonergan,Kristen Mckeown,4
Kristen Mckeown,Linda Childs,4
Kristen Mckeown,Michael Thomas,4
Kristen Mckeown,Montell Figgins,4
Kristen Mckeown,Nicolas Roos,4
Kristen Mckeown,Rebekah Donaleski,4
Bill Richardson,Jeffrey Epstein,4
Alena Lynch,Alison Moe,4
Alena Lynch,Andrew Rohrbach,4
Alena Lynch,Bobbi Sternheim,4
Alena Lynch,Christian Everdell,4
Alena Lynch,Lara Pomerantz,4
Alena Lynch,Maurene Comey,4
Alexander Hamilton,Bobbi Sternheim,4
Alexander Hamilton,Christian Everdell,4
Alexander Hamilton,George Malinowski,4
Alexander Hamilton,Jeff Pagliuca,4
Alexander Hamilton,Laura Menninger,4
Alexander Hamilton,Martha Martin,4
Geoffrey S Berman,Jessica Lonergan,4
Jeffrey Epstein,Mort Zuckerman,4
Jeffrey Epstein,President Clinton,4
Haley Robson,Heidi Fliess,4
Det Caristo,Nickie A Altomaro,4
Det Lee,Haley Robson,4
Lauren Murphy,Nada Marcinkova,4
Adriana Mucinska,Dana Burns,4
Bill Hammond,Dana Burns,4
Bill Hammond,Larry Visoski,4
Mark Zeff,Sarah Kellen,4
Bill Clinton,Chris Tucker,4
Bill Clinton,Robert Maxwell,4
Chris Tucker,Ghislaine Maxwell,4
Chris Tucker,Robert Maxwell,4
Ghislaine Maxwell,Kevin Spacey,4
Jeffrey Epstein,Joe Lieberman,4
Kevin Spacey,Robert Maxwell,4
Jeffrey Epstein,Mike Edmondson,4
Janusz Banasiak,Nickie A Altomaro,4
Heidi Fliess,Sgt Frick,4
Anna Belohlavek,Ric L Bradshaw,4
Anna Belohlavek,Sharon R Bock,4
Det Dicks,Nickie A Altomaro,4
Det Krauel,Joseph Recarey,4
Curtis D Krauel,Jeffrey Epstein,4
Curtis D Krauel,Nickie A Altomaro,4
Detective Pagan,Tony Higgins,4
Jeff Epstein,Sarah Kellen,4
Det Recarey,Jeff Williams,4
Ewan Mcgregor,Garrett Stein,4
Barbara J Burns,Larry Visoski,4
Bill Richardson,Jeffrey E Epstein,4
Altomaro Nickie A,Christina Venero,4
Andrea Musinska,Jeffrey Epstein,4
Andrea Musinska,Nadia Marcinkova,4
Andrea Musinska,Sarah Kellen,4
Aileen Josephs,Lana Belohavek,4
La Tosha Lowe,Lana Belohavek,4
Barry Krischer,Larry Keller,4
B Hammond,Dave Rodgers,4
B Hammond,Jeffrey Epstein,4
Ghislaine Maxwell,Rosa Monckton,4
Jeffrey Epstein,Leah Kleman,4
Jeffrey Epstein,Rosa Monckton,4
Jeffrey Epstein,Jessie Jones,4
Adriana Mucinska,Dave Rodgers,4
Dave Rodgers,David Muller,4
David Muller,Jeffrey Epstein,4
Alfredo Rodriguez,Maria Alessi,4
Haley Robson,Jack Goldberger,4
James Truman,Jeffrey Epstein,4
James Truman,Samantha Boardman,4
Jeffrey Epstein,Samantha Boardman,4
Asa Daliah Weiss,Atty Donnie Murrell,4
Atty Donnie Murrell,Juan Alessi,4
Atty Donnie Murrell,Maria Alessi,4
Beata Banasiak,Janusz Banasiak,4
Detective Pagan,Janusz Banasiak,4
Detective Pagan,Nada Marcinkova,4
Daniel Estes,Douglas Schoettle,4
Daniel Estes,Sara Kellen,4
Daniel Estes,Zara Bailey,4
Douglas Schoettle,Janusz Banasiak,4
Douglas Schoettle,Sara Kellen,4
Douglas Schoettle,Zara Bailey,4
Janusz Banasiak,Sara Kellen,4
Janusz Banasiak,Zara Bailey,4
Mark Zeff,Sara Kellen,4
Mark Zeff,Zara Bailey,4
Sara Kellen,Zara Bailey,4
Det Krauel,Haley Robson,4
Dana Burns,Nadia Marcinkova,4
Kaytlyn Marie,Ugly Ken Hart,4
Ben Affleck,Jeffrey Epstein,4
James Cayne,Jeffrey Epstein,4
Aileen Josephs,Alan Dershowitz,4
Aileen Josephs,Rush Limbaugh,4
Jeff Epstein,Jeffrey Epstein,4
David Rodgers,Haley Robson,4
Kandace Blanchard,Paul Blanchard,4
Ace Greenberg,Ghislaine Maxwell,4
Ace Greenberg,Jeffrey Epstein,4
Joe Pagano,Michael Stroll,4
Adriana Mucinska,Nadia Marcinkova,4
Guy Fronstin,Nickie A Altomaro,4
Andrew Brettler,Ghislaine Maxwell,3
Andrew Brettler,Jeffrey Epstein,3
Andrew Brettler,Judge Kaplan,3
Andrew Brettler,Miss Roberts,3
Ghislaine Maxwell,Judge Kaplan,3
Ghislaine Maxwell,Miss Roberts,3
Jeffrey Epstein,Judge Kaplan,3
Jeffrey Epstein,Miss Roberts,3
Judge Kaplan,Miss Roberts,3
Alan Dershowitz,Maurene Comey,3
Arthur L Aidala,Barry Kamins,3
Arthur L Aidala,Imran H Ansari,3
Barry Kamins,Imran H Ansari,3
Barry Kamins,John M Leventhal,3
Imran H Ansari,John M Leventhal,3
Elizabeth Stein,Robert Y Lewis,3
Damian Williams,John Lopez,3
Ghislaine Maxwell,Lex Wexner,3
Jeffrey Epstein,Lex Wexner,3
Annie Farmer,David Rodgers,3
Annie Farmer,Sarah Kellen,3
Kimberly Espinosa,Larry Visoski,3
Juror No,Scotty David,3
David Parse,Paul Daugerdas,3
Maria Farmer,Sigrid Mccawley,3
Sigrid Mccawley,Sigrid S Mccawley,3
Juror A,Juror B,3
Ghislaine Maxwell,Sheldon Barr,3
Ghislaine Maxwell,Thomas Gardner,3
Sheldon Barr,Thomas Gardner,3
Alison Moe,Stephen Flatley,3
Andrew Rohrbach,Stephen Flatley,3
Lara Pomerantz,Stephen Flatley,3
Maurene Comey,Stephen Flatley,3
Robert Kelso,Stephen Flatley,3
Ghislaine Maxwell,The Defendant,3
Ghislaine Maxwell,The Marshal,3
The Defendant,The Marshal,3
Ghislaine Maxwell,Michelle Healy,3
Alison Nathan,Moira Penza,3
Alison J Nathan,Jesse M Furman,3
Judge Lewis Kaplan,Laura Menninger,3
Judge Lewis Kaplan,Prince Andrew,3
Judge Lewis Kaplan,Virginia Giuffre,3
Judge Lewis Kaplan,Virginia Roberts,3
Laura Menninger,Prince Andrew,3
Laura Menninger,Virginia Roberts,3
Ian Maxwell,Kevin Maxwell,3
Paul M Daugerdas,Robert Greisman,3
Daniel Bates,Jeffrey Epstein,3
Daniel Bates,Scotty David,3
Ghislaine Maxwell,Prince Harry,3
Jeffrey Epstein,Laura Collins,3
Laura Collins,Scotty David,3
Alison J Nathan,Leah Saffian,3
Laura Menninger,Leah Saffian,3
Jeffrey S Pagliuca,Stephen Flatley,3
Kelly Bovino,Laura A Menninger,3
Allison Moe,Andrew Rohrbach,3
Allison Moe,Ghislaine Maxwell,3
Allison Moe,Jeffrey Epstein,3
Amy Stevens,Anne Frank,3
Amy Stevens,Luc Cohen,3
Amy Stevens,Noeleen Walder,3
Amy Stevens,Sarah Palin,3
Amy Stevens,Scotty David,3
Anne Frank,Luc Cohen,3
Anne Frank,Noeleen Walder,3
Anne Frank,Sarah Palin,3
Anne Frank,Scotty David,3
Luc Cohen,Noeleen Walder,3
Luc Cohen,Sarah Palin,3
Luc Cohen,Scotty David,3
Noeleen Walder,Sarah Palin,3
Noeleen Walder,Scotty David,3
Sarah Palin,Scotty David,3
Larry Visoski,Nicole Hesse,3
David Rodgers,United States,3
Larry Visoski,United States,3
Sarah Kellen,United States,3
Abbe David Lowell,Christopher D Man,3
Christopher D Man,Joel B Rudin,3
Roger Salhi,Sally Markham,3
Alison J Nathan,Andrew Rohrback,3
Alison Moe,Andrew Rohrback,3
Andrew Rohrback,Bobbi C Sternheim,3
Andrew Rohrback,Christian Everdell,3
Andrew Rohrback,Damian Williams,3
Andrew Rohrback,Ghislaine Maxwell,3
Andrew Rohrback,Lara Pomerantz,3
Andrew Rohrback,Maurene Comey,3
Donald Trump,Emmy Taylor,3
Epstein'S Mother,Joseph Recarey,3
Epstein'S Mother,Michael Casey,3
Joseph Recarey,Juan Alessi,3
Amanda Young,Christian Everdell,3
Amanda Young,Laura Menninger,3
Christian Everdell,Sunny Drescher,3
Jeffrey Pagliuca,Sunny Drescher,3
Laura Menninger,Sunny Drescher,3
Laura Pomerantz,Maurene Comey,3
Elizabeth Stein,Virginia Roberts,3
Juliette Bryant,Virginia Roberts,3
Sarah Ransome,Virginia Roberts,3
Teresa Helm,Virginia Roberts,3
Alison J Nathan,Virginia Roberts,3
Alison Moe,Wendy Olsen,3
Andrew Rohrbach,Wendy Olsen,3
Lara Pomerantz,Wendy Olsen,3
Maurene Comey,Wendy Olsen,3
Bobbi C Sternheim,Todd Spodek,3
Alison J Nathan,Wendy Olsen,3
Ghislaine Maxwell,Wendy Olsen,3
Bradley J Edwards,Paul G Cassell,3
Ghislaine Maxwell,Lucia Osborn-Croweley,3
Cimberly Espinosa,Sarah Kellen,3
Ghislaine Maxwell,Judge Berman,3
Ghislaine Maxwell,Ted Waitt,3
Alexander Hamilton,Brad Edwards,3
Alexander Hamilton,Jack Scarola,3
Alexander Hamilton,Robert Glassman,3
Annie Farmer,The Court,3
Gerald Laporte,Ghislaine Maxwell,3
Ghislaine Maxwell,Jennifer Naso,3
Bruck M,Ceci Sj,3
Greene S,Priebe G,3
Hogan D,Priebe G,3
Mcelvaney R,Priebe G,3
Doyle Jm,Goodman J,3
Doyle Jm,Greene E,3
Goodman J,Schooler Jw,3
Goodman J,Wilson L,3
Greene E,Schooler Jw,3
Greene E,Wilson L,3
Loftus Ef,Wilson L,3
Schooler Jw,Wilson L,3
Ken Lanning,Park Dietz,3
Alison Moe,Jeffery Pagliuca,3
Andrew Rohrbach,Jeffery Pagliuca,3
Bobbi C Sternheim,Jeffery Pagliuca,3
Camille Delgado,Christian Everdell,3
Camille Delgado,Jeffery Pagliuca,3
Camille Delgado,Laura Menninger,3
Camille Delgado,Maureen Comey,3
Christian Everdell,Jeffery Pagliuca,3
Ghislaine Maxwell,Jeffery Pagliuca,3
Jeffery Pagliuca,Lara Pomerantz,3
Jeffery Pagliuca,Laura Menninger,3
Jeffery Pagliuca,Maureen Comey,3
Friedman S,Hatters Friedman S,3
Elizabeth Broderick,Park Dietz,3
Dietz Pe,Martell Da,3
Dietz Pe,Warren Ji,3
Gudjonsson G H,Loftus E F,3
Crowder Jd,Park Dietz,3
Hazelwood Rr,Ressler Rk,3
Park Dietz,Ressler Rk,3
Bernstein Dm,Fenn Km,3
Bernstein Dm,Mantonakis A,3
Bernstein Dm,Moyzis Rk,3
Bernstein Dm,Newman Ej,3
Bernstein Dm,Nichols Rm,3
Bernstein Dm,Stark Cel,3
Bernstein Dm,Wells G L,3
Bruck M,Lilienfeld So,3
Bruck M,Loftus Ef,3
Bruck M,Lynn Sj,3
Chen C,Fenn Km,3
Chen C,Ho Ly,3
Chen C,Kaasa So,3
Chen C,Mantonakis A,3
Chen C,Moyzis Rk,3
Chen C,Newman Ej,3
Chen C,Stark Cel,3
Dong Q,Fenn Km,3
Dong Q,Ho Ly,3
Dong Q,Kaasa So,3
Dong Q,Mantonakis A,3
Dong Q,Moyzis Rk,3
Dong Q,Newman Ej,3
Dong Q,Stark Cel,3
Fenn Km,Frenda Sj,3
Fenn Km,Garry M,3
Fenn Km,Lilienfeld So,3
Fenn Km,Lin C,3
Fenn Km,Lynn Sj,3
Fenn Km,Merckelbach H,3
Fenn Km,Patihis L,3
Fenn Km,Stark Cel,3
Fenn Km,Zhu B,3
Frenda Sj,Ho Ly,3
Frenda Sj,Kaasa So,3
Frenda Sj,Mantonakis A,3
Frenda Sj,Moyzis Rk,3
Frenda Sj,Newman Ej,3
Frenda Sj,Stark Cel,3
Garry M,Giesbrecht T,3
Garry M,Ho Ly,3
Garry M,Mantonakis A,3
Garry M,Merckelbach H,3
Garry M,Newman Ej,3
Garry M,Nichols Rm,3
Garry M,Patihis L,3
Garry M,Wells G L,3
Giesbrecht T,Merckelbach H,3
Ho Ly,Lin C,3
Ho Ly,Lynn Sj,3
Ho Ly,Merckelbach H,3
Ho Ly,Nichols Rm,3
Ho Ly,Zhu B,3
Kaasa So,Lilienfeld So,3
Kaasa So,Lin C,3
Kaasa So,Mantonakis A,3
Kaasa So,Newman Ej,3
Kaasa So,Nichols Rm,3
Kaasa So,Zhu B,3
Laney C,Lynn Sj,3
Laney C,Mantonakis A,3
Laney C,Merckelbach H,3
Laney C,Moyzis Rk,3
Laney C,Newman Ej,3
Laney C,Patihis L,3
Laney C,Stark Cel,3
Lilienfeld So,Stark Cel,3
Lilienfeld So,Wells G L,3
Lin C,Mantonakis A,3
Lin C,Moyzis Rk,3
Lin C,Newman Ej,3
Lin C,Stark Cel,3
Loftus Ef,Mantonakis A,3
Loftus Ef,Moyzis Rk,3
Loftus Ef,Newman Ej,3
Loftus Ef,Wells G L,3
Lynn Sj,Stark Cel,3
Mantonakis A,Newman Ej,3
Mantonakis A,Nichols Rm,3
Mantonakis A,Zhu B,3
Merckelbach H,Stark Cel,3
Moyzis Rk,Stark Cel,3
Moyzis Rk,Zhu B,3
Newman Ej,Nichols Rm,3
Newman Ej,Zhu B,3
Patihis L,Stark Cel,3
Stark Cel,Zhu B,3
Ghislaine Maxwell,Hannibal Lecter,3
Bowman-Fowler N,Davis D,3
Bowman-Fowler N,Doyle Jm,3
Bowman-Fowler N,Dysart Je,3
Bowman-Fowler N,Loftus Ef,3
Davis D,Peterson T,3
Doyle Jm,Peterson T,3
Dysart Je,Peterson T,3
Jamieson A,Moenssens Aa,3
Loftus Ef,Peterson T,3
Delphine Collin-Vzina,Ramona Alaggia,3
Delphine Collin-Vzina,Rusan Lateef,3
Ramona Alaggia,Rusan Lateef,3
Loftus E F,Merckelbach H,3
Dietz P,Hazelwood Rr,3
Dietz P,Martell Da,3
Dietz Pe,Spitzer Rl,3
Park Dietz,Spitzer Rl,3
Friedman Sh,Hall Rcw,3
Butler B,Davis D,3
Butler B,Grady Rh,3
Butler B,Howe Ml,3
Butler B,Klemfuss Jz,3
Butler B,Lilienfeld So,3
Butler B,Loftus Ef,3
Butler B,Lynn Sj,3
Butler B,Merckelbach H,3
Butler B,Patihis L,3
Butler B,Wang J,3
Davis D,Klemfuss Jz,3
Davis D,Wang J,3
Grady Rh,Klemfuss Jz,3
Grady Rh,Lynn Sj,3
Grady Rh,Merckelbach H,3
Grady Rh,Wang J,3
Howe Ml,Klemfuss Jz,3
Howe Ml,Lilienfeld So,3
Howe Ml,Lynn Sj,3
Howe Ml,Merckelbach H,3
Howe Ml,Patihis L,3
Howe Ml,Wang J,3
Klemfuss Jz,Lilienfeld So,3
Klemfuss Jz,Loftus Ef,3
Klemfuss Jz,Lynn Sj,3
Klemfuss Jz,Merckelbach H,3
Klemfuss Jz,Patihis L,3
Klemfuss Jz,Wang J,3
Lilienfeld So,Wang J,3
Loftus Ef,Wang J,3
Lynn Sj,Wang J,3
Merckelbach H,Wang J,3
Patihis L,Wang J,3
Bernstein Dm,Nelson Kj,3
Davis D,Morris Ek,3
Davis D,Nelson Kj,3
Doyle Jm,Morris Ek,3
Doyle Jm,Nelson Kj,3
Dysart Je,Laney C,3
Dysart Je,Nelson Kj,3
Garry M,Morris Ek,3
Laney C,Morris Ek,3
Laney C,Nelson Kj,3
Loftus Ef,Morris Ek,3
Loftus Ef,Nelson Kj,3
Goodman J,Wells Gl,3
Greene E,Wagenaar Wa,3
Greene E,Wells Gl,3
Hoffman Hg,Loftus Ef,3
Loftus Ef,Williams Kd,3
Alison J Nathan,Sarah Drescher,3
Alison Moe,Sarah Drescher,3
Andrew Rohrbach,Sarah Drescher,3
Bobbi C Sternheim,Sarah Drescher,3
Camille Delgado,Sarah Drescher,3
Christian R Everdell,Sarah Drescher,3
Damian Williams,Sarah Drescher,3
Ghislaine Maxwell,Sarah Drescher,3
Jeffrey S Pagliuca,Sarah Drescher,3
Lara Pomerantz,Sarah Drescher,3
Laura A Menninger,Sarah Drescher,3
Maurene Comey,Sarah Drescher,3
Barter K,Fairholm J,3
Barter K,Mcconnell S,3
Barter K,Nelson Gardell D,3
Barter K,Ungar M,3
Fairholm J,Mcconnell S,3
Fairholm J,Nelson Gardell D,3
Fairholm J,Ungar M,3
Mcconnell S,Nelson Gardell D,3
Mcconnell S,Ungar M,3
Nelson Gardell D,Ungar M,3
Alison J Nathan,Michael Dawson,3
Greene E,Hall Df,3
Greene E,Keating Jp,3
Greene E,Manber M,3
Hall Df,Keating Jp,3
Hall Df,Loftus Ef,3
Hall Df,Manber M,3
Keating Jp,Manber M,3
Loftus Ef,Manber M,3
Alfredo Rodriguez,Joseph Recarey,3
Laporte G,Shaffer D,3
Shaffer D,Stephens J,3
De Haas,Iva A E Bicanic,3
De Haas,Van Berlo,3
Iva A E Bicanic,Van Berlo,3
Baker Sp,Dietz Pe,3
Baker Sp,Rada Rt,3
Rada Rt,Sadoff Rl,3
Garry M,Joslyn S,3
Hoffman H,Loftus Ef,3
Best C L,Kilpatrick D G,3
Best C L,Letourneau E J,3
Best C L,Maier T,3
Best C L,Mohler Kuo M,3
Best C L,Priebe G,3
Best C L,Resnick H S,3
Best C L,Saunders B E,3
Best C L,Schnyder U,3
Best C L,Smith D W,3
Best C L,Svedin C G,3
Fallon B,Greene S,3
Fallon B,Hogan D,3
Fallon B,Maclaurin B,3
Fallon B,Mcelvaney R,3
Fallon B,Sinha V,3
Fallon B,Trocm N,3
Greene S,Maclaurin B,3
Greene S,Sinha V,3
Greene S,Trocm N,3
Hogan D,Maclaurin B,3
Hogan D,Sinha V,3
Hogan D,Trocm N,3
Kilpatrick D G,Letourneau E J,3
Kilpatrick D G,Maier T,3
Kilpatrick D G,Mohler Kuo M,3
Kilpatrick D G,Priebe G,3
Kilpatrick D G,Saunders B E,3
Kilpatrick D G,Schnyder U,3
Kilpatrick D G,Smith D W,3
Kilpatrick D G,Svedin C G,3
Letourneau E J,Maier T,3
Letourneau E J,Mohler Kuo M,3
Letourneau E J,Priebe G,3
Letourneau E J,Resnick H S,3
Letourneau E J,Saunders B E,3
Letourneau E J,Schnyder U,3
Letourneau E J,Smith D W,3
Letourneau E J,Svedin C G,3
Maclaurin B,Mcelvaney R,3
Maclaurin B,Sinha V,3
Maclaurin B,Trocm N,3
Maier T,Mohler Kuo M,3
Maier T,Priebe G,3
Maier T,Resnick H S,3
Maier T,Saunders B E,3
Maier T,Schnyder U,3
Maier T,Smith D W,3
Maier T,Svedin C G,3
Mcelvaney R,Sinha V,3
Mcelvaney R,Trocm N,3
Mohler Kuo M,Priebe G,3
Mohler Kuo M,Resnick H S,3
Mohler Kuo M,Saunders B E,3
Mohler Kuo M,Schnyder U,3
Mohler Kuo M,Smith D W,3
Mohler Kuo M,Svedin C G,3
Priebe G,Resnick H S,3
Priebe G,Saunders B E,3
Priebe G,Schnyder U,3
Priebe G,Smith D W,3
Priebe G,Svedin C G,3
Resnick H S,Saunders B E,3
Resnick H S,Schnyder U,3
Resnick H S,Smith D W,3
Resnick H S,Svedin C G,3
Saunders B E,Schnyder U,3
Saunders B E,Smith D W,3
Saunders B E,Svedin C G,3
Schnyder U,Smith D W,3
Schnyder U,Svedin C G,3
Sinha V,Trocm N,3
Smith D W,Svedin C G,3
Alison Moe,Matthew Russell Lee,3
Elizabeth Jeglic,Georgia Winters,3
Elizabeth Jeglic,Leah Kaylor,3
Georgia Winters,Leah Kaylor,3
Abraham K,Bender L,3
Abraham K,Birnbaum H J,3
Abraham K,Blau A,3
Abraham K,Bornstein B,3
Abraham K,Cioffi F,3
Abraham K,Conte J R,3
Abraham K,E Jones,3
Abraham K,Finch S M,3
Abraham K,Freud A,3
Abraham K,Gagnon J H,3
Abraham K,Groth A N,3
Abraham K,Grugett A E,3
Abraham K,Isaacs S S,3
Abraham K,Johnston M S K,3
Abraham K,Kris E,3
Abraham K,Lanning K V,3
Bender L,Birnbaum H J,3
Bender L,Blau A,3
Bender L,Bornstein B,3
Bender L,Cioffi F,3
Bender L,Conte J R,3
Bender L,E Jones,3
Bender L,Finch S M,3
Bender L,Freud A,3
Bender L,Gagnon J H,3
Bender L,Groth A N,3
Bender L,Grugett A E,3
Bender L,Isaacs S S,3
Bender L,Johnston M S K,3
Bender L,Kris E,3
Bender L,Lanning K V,3
Birnbaum H J,Blau A,3
Birnbaum H J,Bornstein B,3
Birnbaum H J,Cioffi F,3
Birnbaum H J,Conte J R,3
Birnbaum H J,E Jones,3
Birnbaum H J,Finch S M,3
Birnbaum H J,Freud A,3
Birnbaum H J,Gagnon J H,3
Birnbaum H J,Groth A N,3
Birnbaum H J,Grugett A E,3
Birnbaum H J,Isaacs S S,3
Birnbaum H J,Johnston M S K,3
Birnbaum H J,Kris E,3
Birnbaum H J,Lanning K V,3
Blau A,Bornstein B,3
Blau A,Cioffi F,3
Blau A,Conte J R,3
Blau A,E Jones,3
Blau A,Finch S M,3
Blau A,Freud A,3
Blau A,Gagnon J H,3
Blau A,Groth A N,3
Blau A,Grugett A E,3
Blau A,Isaacs S S,3
Blau A,Johnston M S K,3
Blau A,Kris E,3
Blau A,Lanning K V,3
Bornstein B,Cioffi F,3
Bornstein B,Conte J R,3
Bornstein B,E Jones,3
Bornstein B,Finch S M,3
Bornstein B,Freud A,3
Bornstein B,Gagnon J H,3
Bornstein B,Groth A N,3
Bornstein B,Grugett A E,3
Bornstein B,Isaacs S S,3
Bornstein B,Johnston M S K,3
Bornstein B,Kris E,3
Bornstein B,Lanning K V,3
Cioffi F,Conte J R,3
Cioffi F,E Jones,3
Cioffi F,Finch S M,3
Cioffi F,Freud A,3
Cioffi F,Gagnon J H,3
Cioffi F,Groth A N,3
Cioffi F,Grugett A E,3
Cioffi F,Isaacs S S,3
Cioffi F,Johnston M S K,3
Cioffi F,Kris E,3
Cioffi F,Lanning K V,3
Conte J R,E Jones,3
Conte J R,Finch S M,3
Conte J R,Freud A,3
Conte J R,Gagnon J H,3
Conte J R,Grugett A E,3
Conte J R,Isaacs S S,3
Conte J R,Johnston M S K,3
Conte J R,Kris E,3
Conte J R,Lanning K V,3
E Jones,Finch S M,3
E Jones,Freud A,3
E Jones,Gagnon J H,3
E Jones,Groth A N,3
E Jones,Grugett A E,3
E Jones,Isaacs S S,3
E Jones,Johnston M S K,3
E Jones,Kris E,3
E Jones,Lanning K V,3
Finch S M,Freud A,3
Finch S M,Gagnon J H,3
Finch S M,Groth A N,3
Finch S M,Grugett A E,3
Finch S M,Isaacs S S,3
Finch S M,Johnston M S K,3
Finch S M,Kris E,3
Finch S M,Lanning K V,3
Freud A,Gagnon J H,3
Freud A,Groth A N,3
Freud A,Grugett A E,3
Freud A,Isaacs S S,3
Freud A,Johnston M S K,3
Freud A,Kris E,3
Freud A,Lanning K V,3
Gagnon J H,Groth A N,3
Gagnon J H,Grugett A E,3
Gagnon J H,Isaacs S S,3
Gagnon J H,Johnston M S K,3
Gagnon J H,Kris E,3
Gagnon J H,Lanning K V,3
Groth A N,Grugett A E,3
Groth A N,Isaacs S S,3
Groth A N,Johnston M S K,3
Groth A N,Kris E,3
Groth A N,Lanning K V,3
Grugett A E,Isaacs S S,3
Grugett A E,Johnston M S K,3
Grugett A E,Kris E,3
Grugett A E,Lanning K V,3
Isaacs S S,Johnston M S K,3
Isaacs S S,Kris E,3
Isaacs S S,Lanning K V,3
Johnston M S K,Kris E,3
Johnston M S K,Lanning K V,3
Kris E,Lanning K V,3
Burgess Aw,Rada Rt,3
Hazelwood Rr,Rada Rt,3
Park Dietz,Reid Wh,3
Cary Anthony Stayner,Park Dietz,3
Davis D,Kohlenberg R J,3
Davis D,Lock T,3
Davis D,Lynn S J,3
Garry M,Kohlenberg R J,3
Garry M,Lock T,3
Kohlenberg R J,Lilienfeld So,3
Kohlenberg R J,Lock T,3
Kohlenberg R J,Loftus Ef,3
Kohlenberg R J,Lynn S J,3
Lilienfeld So,Lock T,3
Lilienfeld So,Lynn S J,3
Lock T,Loftus Ef,3
Lock T,Lynn S J,3
Loftus Ef,Lynn S J,3
Ghislain Maxwell,Ryan Hall,3
Friedman S,Levine H,3
Friedman S,Yang S,3
Bernstein D M,Davis D,3
Bernstein D M,Doyle Jm,3
Bernstein D M,Garry M,3
Bernstein D M,Loftus Ef,3
Loftus Ef,Rosenwald La,3
Christine N Walz,Julie Brown,3
Ann Burgess,Ken Lanning,3
Dan Stein,Stan Pottinger,3
Braun Ka,Garry M,3
Braun Ka,Hyman Ie,3
Braun Ka,Lilienfeld So,3
Garry M,Hyman Ie,3
Garry M,Manning C,3
Hyman Ie,Lilienfeld So,3
Amstadter A B,Kilpatrick D G,3
Amstadter A B,Mccauley J L,3
Amstadter A B,Resnick H S,3
Amstadter A B,Ruggiero K J,3
Amstadter A B,Thoennes N,3
Kilpatrick D G,Mccauley J L,3
Kilpatrick D G,Ruggiero K J,3
Kilpatrick D G,Thoennes N,3
Mccauley J L,Resnick H S,3
Mccauley J L,Ruggiero K J,3
Mccauley J L,Thoennes N,3
Resnick H S,Ruggiero K J,3
Resnick H S,Thoennes N,3
Ruggiero K J,Thoennes N,3
Gretchen Hoge,Jacquelynn Duron,3
Gretchen Hoge,Judy Postmus,3
Gretchen Hoge,Laura Johnson,3
Jacquelynn Duron,Judy Postmus,3
Jacquelynn Duron,Laura Johnson,3
Judy Postmus,Laura Johnson,3
Denise L Cote,William Walters,3
Jordana H Feldman,Mark Stewart Cohen,3
Father Gilbert Gauthe,Ken Lanning,3
Dvoskin Ja,Pitt Se,3
Dvoskin Ja,Spiers Em,3
Harry B,Park Dietz,3
Park Dietz,Pitt Se,3
Park Dietz,Spiers Em,3
Pitt Se,Spiers Em,3
Dietz Pe,Dvoskin Ja,3
Alfredo Rodriguez,Brad Edwards,3
Denise L Cote,Jane Doe-1,3
Ghislaine Maxwell,Janusz Banasiak,3
Ghislaine Maxwell,Maria Alessi,3
Hudson S M,Marshall W L,3
Hudson S M,Wolf S,3
Marshall W L,Wolf S,3
Backman J H,Dietz P,3
Backman J H,Krieger M,3
Backman J H,Lanning K V,3
Backman J H,Lewis M,3
Backman J H,Lipton G L,3
Backman J H,Mrazek D A,3
Backman J H,Nadelson C C,3
Backman J H,Park Dietz,3
Backman J H,Rank B,3
Backman J H,Revitch E,3
Backman J H,Rosenfeld A A,3
Backman J H,Roth E I,3
Backman J H,Sarrel P M,3
Backman J H,Shengold L L,3
Backman J H,Singer M,3
Backman J H,Summit R C,3
Backman J H,Weiss R G,3
Dietz P,Krieger M,3
Dietz P,Lanning K V,3
Dietz P,Lewis M,3
Dietz P,Lipton G L,3
Dietz P,Mrazek D A,3
Dietz P,Nadelson C C,3
Dietz P,Rank B,3
Dietz P,Revitch E,3
Dietz P,Rosenfeld A A,3
Dietz P,Roth E I,3
Dietz P,Sarrel P M,3
Dietz P,Shengold L L,3
Dietz P,Singer M,3
Dietz P,Summit R C,3
Dietz P,Weiss R G,3
Krieger M,Lanning K V,3
Krieger M,Lewis M,3
Krieger M,Lipton G L,3
Krieger M,Mrazek D A,3
Krieger M,Nadelson C C,3
Krieger M,Park Dietz,3
Krieger M,Rank B,3
Krieger M,Revitch E,3
Krieger M,Rosenfeld A A,3
Krieger M,Roth E I,3
Krieger M,Sarrel P M,3
Krieger M,Shengold L L,3
Krieger M,Singer M,3
Krieger M,Summit R C,3
Krieger M,Weiss R G,3
Lanning K V,Lewis M,3
Lanning K V,Lipton G L,3
Lanning K V,Mrazek D A,3
Lanning K V,Nadelson C C,3
Lanning K V,Park Dietz,3
Lanning K V,Rank B,3
Lanning K V,Revitch E,3
Lanning K V,Rosenfeld A A,3
Lanning K V,Roth E I,3
Lanning K V,Sarrel P M,3
Lanning K V,Shengold L L,3
Lanning K V,Singer M,3
Lanning K V,Summit R C,3
Lanning K V,Weiss R G,3
Lewis M,Lipton G L,3
Lewis M,Mrazek D A,3
Lewis M,Nadelson C C,3
Lewis M,Park Dietz,3
Lewis M,Rank B,3
Lewis M,Revitch E,3
Lewis M,Rosenfeld A A,3
Lewis M,Roth E I,3
Lewis M,Sarrel P M,3
Lewis M,Shengold L L,3
Lewis M,Singer M,3
Lewis M,Summit R C,3
Lewis M,Weiss R G,3
Lipton G L,Mrazek D A,3
Lipton G L,Nadelson C C,3
Lipton G L,Park Dietz,3
Lipton G L,Rank B,3
Lipton G L,Revitch E,3
Lipton G L,Rosenfeld A A,3
Lipton G L,Roth E I,3
Lipton G L,Sarrel P M,3
Lipton G L,Shengold L L,3
Lipton G L,Singer M,3
Lipton G L,Summit R C,3
Lipton G L,Weiss R G,3
Mrazek D A,Nadelson C C,3
Mrazek D A,Park Dietz,3
Mrazek D A,Rank B,3
Mrazek D A,Revitch E,3
Mrazek D A,Rosenfeld A A,3
Mrazek D A,Roth E I,3
Mrazek D A,Sarrel P M,3
Mrazek D A,Shengold L L,3
Mrazek D A,Singer M,3
Mrazek D A,Summit R C,3
Mrazek D A,Weiss R G,3
Nadelson C C,Park Dietz,3
Nadelson C C,Rank B,3
Nadelson C C,Revitch E,3
Nadelson C C,Rosenfeld A A,3
Nadelson C C,Roth E I,3
Nadelson C C,Sarrel P M,3
Nadelson C C,Shengold L L,3
Nadelson C C,Singer M,3
Nadelson C C,Summit R C,3
Nadelson C C,Weiss R G,3
Park Dietz,Rank B,3
Park Dietz,Revitch E,3
Park Dietz,Rosenfeld A A,3
Park Dietz,Roth E I,3
Park Dietz,Sarrel P M,3
Park Dietz,Shengold L L,3
Park Dietz,Singer M,3
Park Dietz,Summit R C,3
Park Dietz,Weiss R G,3
Rank B,Revitch E,3
Rank B,Rosenfeld A A,3
Rank B,Roth E I,3
Rank B,Sarrel P M,3
Rank B,Shengold L L,3
Rank B,Singer M,3
Rank B,Summit R C,3
Rank B,Weiss R G,3
Revitch E,Rosenfeld A A,3
Revitch E,Roth E I,3
Revitch E,Sarrel P M,3
Revitch E,Shengold L L,3
Revitch E,Singer M,3
Revitch E,Summit R C,3
Revitch E,Weiss R G,3
Rosenfeld A A,Roth E I,3
Rosenfeld A A,Sarrel P M,3
Rosenfeld A A,Shengold L L,3
Rosenfeld A A,Singer M,3
Rosenfeld A A,Summit R C,3
Rosenfeld A A,Weiss R G,3
Roth E I,Sarrel P M,3
Roth E I,Shengold L L,3
Roth E I,Singer M,3
Roth E I,Summit R C,3
Roth E I,Weiss R G,3
Sarrel P M,Shengold L L,3
Sarrel P M,Singer M,3
Sarrel P M,Summit R C,3
Sarrel P M,Weiss R G,3
Shengold L L,Singer M,3
Shengold L L,Summit R C,3
Shengold L L,Weiss R G,3
Singer M,Summit R C,3
Singer M,Weiss R G,3
Summit R C,Weiss R G,3
Dietz Pe,Resnick Pj,3
Hucker Sj,Park Dietz,3
Davis D,Pickrell J,3
Doyle Jm,Pickrell J,3
Garry M,Pickrell J,3
Loftus Ef,Pickrell J,3
Andrew Rohrbach,Judge Nathan,3
Alison J Nathan,Judge Nathan,3
Bernstein Dm,He Q,3
Chen C,Doyle Jm,3
Chen C,Dysart Je,3
Chen C,He Q,3
Chen C,Xue G,3
Davis D,He Q,3
Davis D,Xue G,3
Dong Q,Doyle Jm,3
Dong Q,Dysart Je,3
Dong Q,He Q,3
Dong Q,Xue G,3
Doyle Jm,Frenda Sj,3
Doyle Jm,He Q,3
Doyle Jm,Lin C,3
Doyle Jm,Zhu B,3
Dysart Je,Frenda Sj,3
Dysart Je,He Q,3
Dysart Je,Lin C,3
Dysart Je,Zhu B,3
Frenda Sj,He Q,3
Frenda Sj,Xue G,3
He Q,Lin C,3
He Q,Loftus Ef,3
He Q,Zhu B,3
Lin C,Xue G,3
Loftus Ef,Xue G,3
Xue G,Zhu B,3
Chen C,Grady Rh,3
Chen C,Howe Ml,3
Chen C,Levine Lj,3
Davis D,Levine Lj,3
Davis D,Nichols Rm,3
Dong Q,Grady Rh,3
Dong Q,Howe Ml,3
Dong Q,Levine Lj,3
Frenda Sj,Grady Rh,3
Frenda Sj,Howe Ml,3
Frenda Sj,Levine Lj,3
Grady Rh,Levine Lj,3
Grady Rh,Lin C,3
Grady Rh,Zhu B,3
Howe Ml,Levine Lj,3
Howe Ml,Lin C,3
Howe Ml,Zhu B,3
Levine Lj,Lin C,3
Levine Lj,Loftus Ef,3
Levine Lj,Zhu B,3
S Craven,Van Dam,3
Brad Edwards,James Christe,3
Brad Edwards,Laura A Menninger,3
James Christe,Meredith Schultz,3
James Christe,Sigrid Mccawley,3
Jeffrey S Pagliuca,Meredith Schultz,3
Jeffrey S Pagliuca,Paul G Cassell,3
Laura A Menninger,Paul G Cassell,3
Meredith Schultz,Paul G Cassell,3
Paul G Cassell,Sigrid Mccawley,3
Larry Keller,Michael Edmondson,3
Alison J Nathan,Judge Preska,3
Courtney Wild,Jane Doe #2,3
Ghislaine Maxwell,Judge Mcmahon,3
Courtney Wild,Dan Mangan,3
Courtney Wild,Dareh Gregorian,3
Courtney Wild,Mathew Nestel,3
Dan Mangan,Mathew Nestel,3
Dareh Gregorian,Mathew Nestel,3
Ann Marie Villafaa,Larry Keller,3
Nicole Mcfarland,Sophia Papapetru,3
Ghislaine Maxwell,Robert W Sweet,3
Robert W Sweet,Virginia L Giuffre,3
Julie Brown,Michele Dargan,3
Alex Rossmiller,Lara Pomerantz,3
Ghislaine Maxwell,Judge Sweet,3
Maria Farmer,Marty Weinberg,3
Bill Clinton,John Roth,3
Bill Clinton,Mark Filip,3
Barry Williams,Ghislaine Maxwell,3
Bill Clinton,Jack Abramoff,3
Donald Trump,Jack Abramoff,3
Jack Abramoff,Kevin Spacey,3
Jeffrey Epstein,Stanley Pottinger,3
Maria Farmer,Stanley Pottinger,3
Jeff Sloman,Pbpd Chief Reiter,3
Ghislaine Maxwell,Ross Gow,3
Assistant Attorney General,Attorney General,3
Assistant Attorney General,Deputy Attorney General,3
Assistant Attorney General,United States Attorney General,3
Attorney General,Deputy Attorney General,3
Attorney General,United States Attorney General,3
Deputy Attorney General,United States Attorney General,3
Alice Fisher,Barry Krischer,3
Alice Fisher,Jeffrey Epstein,3
Barry Krischer,Mark Filip,3
Jeffrey Epstein,Mark Filip,3
Christian Everdell,Sophia Papapetru,3
Alex Acosta,John Ashcroft,3
Judge Preska,Minor Victim-2,3
Amanda Kramer,David Boies,3
Jeffrey Epstein,Paul Cassell,3
Paul Cassell,Stanley Pottinger,3
Peter Skinner,Stanley Pottinger,3
Alice Fisher,Robert Senior,3
Robert Senior,Sigal Mandelker,3
Ghislaine Maxwell,Leslie Fagin,3
Jane Doe #13,Jane Doe #14,3
Jane Doe #13,Marie Villafaa,3
Jane Doe #14,Marie Villafaa,3
Alison J Nathan,Judge Mcmahon,3
Barbara Guggenheim,Bert Fields,3
Barbara Guggenheim,Eileen Guggenheim,3
Barbara Guggenheim,Vicky Ward,3
Bert Fields,Eileen Guggenheim,3
Bert Fields,Vicky Ward,3
Eileen Guggenheim,Vicky Ward,3
Jeff Sloman,Lily Sanchez,3
Jeff Sloman,Roy Black,3
Lily Sanchez,Roy Black,3
David Boies,Stephen Rex Brown,3
Barry Krischer,George W Bush,3
Barry Krischer,R Alexander Acosta,3
George W Bush,Lanna Belohlavek,3
George W Bush,Michael Reiter,3
George W Bush,R Alexander Acosta,3
Lanna Belohlavek,R Alexander Acosta,3
Michael Reiter,R Alexander Acosta,3
Jay Lefkowitz,Julie K Brown,3
Alice Fisher,Michael Mukasey,3
Andrew Oosterbaan,Michael Mukasey,3
Mark Filip,Michael Mukasey,3
Andrew C Lourie,Ann Marie C Villafaa,3
Andrew C Lourie,Jeffrey Epstein,3
Andrew C Lourie,R Alexander Acosta,3
Ann Marie C Villafaa,Jeffrey Epstein,3
Ann Marie C Villafaa,Jeffrey H Sloman,3
Ann Marie C Villafaa,Matthew I Menchel,3
Ann Marie C Villafaa,R Alexander Acosta,3
Jeffrey Epstein,Matthew I Menchel,3
Matthew I Menchel,R Alexander Acosta,3
Alan Dershowitz,Prince Andrew,3
Paul Cassell,Stan Pottinger,3
Alan Dershowitz,James Barron,3
Alan Dershowitz,Landon Thomas,3
Alan Dershowitz,Lisette Voytko,3
Alan Dershowitz,Roy Black,3
Alan Dershowitz,Vicky Ward,3
Gerald Lefcourt,James Barron,3
Gerald Lefcourt,Landon Thomas,3
Gerald Lefcourt,Lisette Voytko,3
Gerald Lefcourt,Roy Black,3
Gerald Lefcourt,Vicky Ward,3
Jack Goldberger,James Barron,3
Jack Goldberger,Landon Thomas,3
Jack Goldberger,Lisette Voytko,3
Jack Goldberger,Roy Black,3
Jack Goldberger,Vicky Ward,3
James Barron,Jeffrey Epstein,3
James Barron,Landon Thomas,3
James Barron,Lisette Voytko,3
James Barron,Roy Black,3
James Barron,Vicky Ward,3
Jeffrey Epstein,Lisette Voytko,3
Landon Thomas,Lisette Voytko,3
Landon Thomas,Roy Black,3
Landon Thomas,Vicky Ward,3
Lisette Voytko,Roy Black,3
Lisette Voytko,Vicky Ward,3
Roy Black,Vicky Ward,3
Gerald Lefcourt,Guy Lewis,3
Bobbi C Sternheim,William Barr,3
Alice Fisher,Gerald Lefcourt,3
Gerald Lefcourt,Sigal Mandelker,3
Alice Fisher,Ann Marie C Villafaa,3
Alan Dershowitz,Kevin Spacey,3
Alan Dershowitz,William Clinton,3
Donald Trump,Larry Keller,3
Donald Trump,William Clinton,3
Jeffrey Epstein,Nicole Janok,3
Kevin Spacey,William Clinton,3
Alexander Acosta,Jeff Sloman,3
Alexander Acosta,Jeffrey Epstein,3
Andrew Lourie,Marie Villafaa,3
Jeff Sloman,Marie Villafaa,3
Jeffrey Epstein,Marie Villafaa,3
Marie Villafaa,Matthew Menchel,3
Judge Preska,Judge Sweet,3
George Hw Bush,George W Bush,3
George Hw Bush,Guy Lewis,3
George Hw Bush,Jay Lefkowitz,3
George Hw Bush,Joe D Whitley,3
George Hw Bush,Kenneth Starr,3
George Hw Bush,Lilly Ann Sanchez,3
George Hw Bush,Martin Weinberg,3
George W Bush,Guy Lewis,3
George W Bush,Jay Lefkowitz,3
George W Bush,Joe D Whitley,3
George W Bush,Kenneth Starr,3
George W Bush,Lilly Ann Sanchez,3
George W Bush,Martin Weinberg,3
Guy Lewis,Joe D Whitley,3
Jay Lefkowitz,Joe D Whitley,3
Joe D Whitley,Kenneth Starr,3
Joe D Whitley,Lilly Ann Sanchez,3
Joe D Whitley,Martin Weinberg,3
Kenneth Starr,Martin Weinberg,3
Lilly Ann Sanchez,Martin Weinberg,3
David Rogers,Michele Dargan,3
David Boies,Jeffrey S Pagliuca,3
Martin Weinberg,Robert Senior,3
Andrew C Lourie,Marie Villafaa,3
Jeffrey H Sloman,Marie Villafaa,3
Marie Villafaa,Matthew I Menchel,3
Bobbi C Sternheim,David Oscar Markus,3
Dan Mangan,Jeffrey Epstein,3
Dan Mangan,Kenneth Starr,3
Dan Mangan,Scott Michels,3
Jeffrey Epstein,Scott Michels,3
Kenneth Starr,Scott Michels,3
Ceos Chief Oosterbaan,Jay Lefkowitz,3
Jeffrey Pagliuca,Jeffrey S Pagliuca,3
Dienst J,Fitzpatrick S,3
Dienst J,Ghislaine Maxwell,3
Dienst J,Jeffrey Epstein,3
Dienst J,Valiquette J,3
Dienst J,Winter T,3
Fitzpatrick S,Ghislaine Maxwell,3
Fitzpatrick S,Jeffrey Epstein,3
Fitzpatrick S,Valiquette J,3
Fitzpatrick S,Winter T,3
Ghislaine Maxwell,Valiquette J,3
Ghislaine Maxwell,Winter T,3
Jeffrey Epstein,Valiquette J,3
Jeffrey Epstein,Winter T,3
Valiquette J,Winter T,3
Alex Acosta,Bradley Edwards,3
Bradley Edwards,Jeff Sloman,3
Alison Moe,David Markus,3
Audrey Strauss,David Markus,3
Audrey Strauss,Jeffrey Pagliuca,3
Audrey Strauss,Laura Menninger,3
David Markus,Maurene Comey,3
Alan Dershowitz,Alex Acosta,3
Alan Dershowitz,Chief Reiter,3
Alan Dershowitz,Jay Lefkowitz,3
Alan Dershowitz,Ken Starr,3
Alex Acosta,Chief Reiter,3
Chief Reiter,Jay Lefkowitz,3
Chief Reiter,Ken Starr,3
Attorney General,Jeffrey Epstein,3
Ghislaine Maxwell,Judge Preska,3
Alison J Nathan,Leslie Wexner,3
Annie Farmer,Leslie Wexner,3
Leslie Wexner,Maria Farmer,3
Leslie Wexner,Virginia Giuffre,3
Maria Farmer,Prince Andrew,3
Jane Doe #2,Jeffrey Epstein,3
Alexander Rossmiller,Alison Moe,3
Jeffrey Epstein,Sharon Churcher,3
A Marie Villafana,Jeffrey H Sloman,3
Gerald Lefcourt,Jeffrey H Sloman,3
Jeffrey H Sloman,Lilly Ann Sanchez,3
G Maxwell,Lisa Anasrons,3
Emmy Tayler,Gwendolyn Beck,3
Jeffrey Epstein,Sophie Biddle,3
Eric Gany,Jeffrey Epstein,3
Eva Anderson,Ghislaine Maxwell,3
Ghislaine Maxwell,Glenn Dubin,3
John Alessi,Mary Alessi,3
Jeffrey E Epstein,S Kellen,3
Detective Joseph Recarey,Jeffrey Epstein,3
Jane'S Brothers,Jane'S Mother,3
Jane'S Brothers,Jeffrey Epstein,3
Jeffrey Epstein,Tim Ambrose,3
Jeffrey Epstein,Professor Loftus,3
G Maxwell,J Epstein,3
G Maxwell,Laura Casey Wasserman,3
Det Dawson,Joseph Recarey,3
Bill Clint,Lou Dog,3
Bill Clint,Princess Jenny,3
Bob Marley,Lou Dog,3
Lou Dog,Marilyn Monroe,3
Marilyn Monroe,Princess Jenny,3
Add Am,Beef Knuck,3
Add Am,Deus Ex Ma,3
Add Am,Dont Take,3
Add Am,Lisa Moret,3
Add Am,Samatha H,3
Beef Knuck,Deus Ex Ma,3
Beef Knuck,Dont Take,3
Beef Knuck,Lisa Moret,3
Beef Knuck,Samatha H,3
Deus Ex Ma,Dont Take,3
Deus Ex Ma,Lisa Moret,3
Deus Ex Ma,Samatha H,3
Dont Take,Lisa Moret,3
Dont Take,Samatha H,3
Lisa Moret,Samatha H,3
Chris L Judson,Det Joe Recarey,3
Ewan Mcgregor,Pimp Juice,3
Bill Riley,Jeffrey Epstein,3
Jeffrey Epstein,Mary Parker,3
Jeffrey Epstein,Steve Kiraly,3
Killa Cam,La Swii,3
Jack A Goldberger,Scott N Richardson,3
Jason S Weiss,Scott N Richardson,3
Jeffrey Epstein,Scott N Richardson,3
Joseph R Atterbury,Scott N Richardson,3
Barry Krischer,Daliah Weiss,3
Courtney Wilde,Jack A Goldberger,3
Courtney Wilde,Jeffrey Epstein,3
Courtney Wilde,Lanna Belohlavek,3
Courtney Wilde,Michael R Tein,3
George Slattery,Jack A Goldberger,3
Jeffrey E Epstein,Sarah Kellen,3
Det Dawson,Det Recarey,3
Det Dawson,Donald Dement,3
Det Dawson,Greg Parkinson,3
Det Dawson,Thomas C Melnichok,3
Det Recarey,Donald Dement,3
Det Recarey,Greg Parkinson,3
Det Recarey,Linda C Greene,3
Det Recarey,Sarah Kellen,3
Det Recarey,Thomas C Melnichok,3
Donald Dement,Linda C Greene,3
Donald Dement,Thomas C Melnichok,3
Greg Parkinson,Linda C Greene,3
Greg Parkinson,Thomas C Melnichok,3
Linda C Greene,Sarah Kellen,3
Linda C Greene,Thomas C Melnichok,3
Sarah Kellen,Thomas C Melnichok,3
Greene Linda C,Juan Patricio Alessi Munoz,3
Greene Linda C,Michael Friedman,3
Greene Linda C,Nada Narcinkova,3
Greene Linda C,Parkinson Gregory A,3
Greene Linda C,Rosilee Friedman,3
Greene Linda C,Teala Davies,3
Juan Patricio Alessi Munoz,Michael Friedman,3
Juan Patricio Alessi Munoz,Nada Narcinkova,3
Juan Patricio Alessi Munoz,Parkinson Gregory A,3
Juan Patricio Alessi Munoz,Rosilee Friedman,3
Juan Patricio Alessi Munoz,Teala Davies,3
Michael Friedman,Nada Narcinkova,3
Michael Friedman,Parkinson Gregory A,3
Michael Friedman,Rosilee Friedman,3
Michael Friedman,Teala Davies,3
Nada Narcinkova,Parkinson Gregory A,3
Nada Narcinkova,Rosilee Friedman,3
Nada Narcinkova,Teala Davies,3
Parkinson Gregory A,Rosilee Friedman,3
Parkinson Gregory A,Teala Davies,3
Rosilee Friedman,Teala Davies,3
Beef Knuckles,Mike Jones,3
Cypress Hill,Mike Jones,3
Damien Marley,Princess Jenny,3
Jack Johnson,Princess Jenny,3
John Mayer,Princess Jenny,3
Mike Jones,No Doubt,3
Mike Jones,Princess Jenny,3
Mike Jones,Radio Head,3
Mike Jones,The Smashing Pumpkins,3
Mike Jones,The Strokes,3
Mike Jones,The White Stripes,3
Paul Wall,Princess Jenny,3
Princess Jenny,Snoop Dogg,3
Beef Knuckles,Fuck This City In Your Mouth,3
Cyril E King,Jeffrey Epstein,3
Jane Doe,Jane Doe'S Father,3
Det Recarey,Juan P Alessi,3
Daliah Weiss,Jeff Epstein,3
Desmarais Wendy,Frick Ronald,3
Beef Knuckles,Gangsta Waita,3
Gangsta Waita,Mike Chaos,3
Guy Fronstin,Jeff Epstein,3
Jeff Epstein,Lanna Belohlavek,3
Allen Autumn,Ds Ballard,3
Ce King,Jeffrey Epstein,3
Jeffrey Epstein,Orly Paris,3
Jeffrey Epstein,Marie Alessi,3
Jeffrey Epstein,Wendy D Desmarais,3
John Alessi,Sarah Kellen,3
John Alessi,Wendy D Desmarais,3
Marie Alessi,Sarah Kellen,3
Marie Alessi,Wendy D Desmarais,3
Sarah Kellen,Wendy D Desmarais,3
Beef Knuckles,Chanel Bunny,3
Greene Linda C,Gudger Elmer C,3
Greene Linda C,Mary Alessi,3
Greene Linda C,Pagan Michele D,3
Gudger Elmer C,Jeffrey Epstein,3
Gudger Elmer C,Juan Alessi,3
Gudger Elmer C,Mary Alessi,3
Gudger Elmer C,Pagan Michele D,3
Jeffrey Epstein,Pagan Michele D,3
Juan Alessi,Pagan Michele D,3
Mary Alessi,Pagan Michele D,3
Haley Robson,Jane Doe'S Mother,3
Jane Doe,Jane Doe'S Mother,3
Jane Doe'S Mother,Jeffrey Epstein,3
Jane Doe'S Mother,Sarah Kellen,3
Daliah H Weiss,Donnie Murrell,3
Daliah H Weiss,Joe Recary,3
Donnie Murrell,Joe Recary,3
John Alessi,Sean Phillips,3
Juan Alessi,Linda C Greene,3
Juan Alessi,Sean Phillips,3
Marie Alessi,Sean Phillips,3
Byron Elrod,Dawn Sandberg,3
Byron Elrod,Ds Ballard,3
Christopher Bryant,Dawn Sandberg,3
Christopher Bryant,Ds Ballard,3
Dawn Sandberg,Detective Allen,3
Dawn Sandberg,Ds Ballard,3
Dawn Sandberg,Sgt Thompson,3
Detective Allen,Ds Ballard,3
Ds Ballard,Sgt Thompson,3
Lanna Leigh Belohlavek,Sandra Mcsorley,3
Sandra Mcsorley,Stuart S Mermelstein,3
Jack Goldberger,Lanna Leigh Belohlavek,3
Christina Venero,Janusz Babasaik,3
Christina Venero,Johanna Sjoberg,3
Christina Venero,S Rosen,3
Christina Venero,Ta Rofano,3
Janusz Babasaik,Janusz Banasaik,3
Janusz Babasaik,Jeffrey Epstein,3
Janusz Babasaik,Johanna Sjoberg,3
Janusz Babasaik,Perry Bard,3
Janusz Babasaik,S Rosen,3
Janusz Babasaik,Ta Rofano,3
Janusz Banasaik,Johanna Sjoberg,3
Janusz Banasaik,S Rosen,3
Janusz Banasaik,Ta Rofano,3
Jeffrey Epstein,S Rosen,3
Jeffrey Epstein,Ta Rofano,3
Johanna Sjoberg,S Rosen,3
Johanna Sjoberg,Ta Rofano,3
Perry Bard,S Rosen,3
Perry Bard,Ta Rofano,3
S Rosen,Ta Rofano,3
Christina Venero,Courtney Wild,3
Christina Venero,Jerry Brabon,3
Christina Venero,Tatum Miller,3
Courtney Wild,Janusz Banasaik,3
Courtney Wild,Jerry Brabon,3
Courtney Wild,Perry Bard,3
Courtney Wild,Tatum Miller,3
Janusz Banasaik,Jerry Brabon,3
Janusz Banasaik,Tatum Miller,3
Jeffrey Epstein,Jerry Brabon,3
Jerry Brabon,Perry Bard,3
Jerry Brabon,Tatum Miller,3
Perry Bard,Tatum Miller,3
Jack A Goldberger,Thedore J Leopold,3
Jeffrey Epstein,Thedore J Leopold,3
B Bc,J Ray Ormond,3
B Bc,Shirley Skipper-Scott,3
Lamine N'Diaye Petrucci,Marti Licon-Vitale,3
James Petrucci,Shirley Skipper Scott,3
Marti Licon-Vitale,Shirley Skipper Scott,3
Jeffrey Edward,Jeffrey Edward Epstein,3
B Bc,Judge Berman,3
Jeffrey Edward,Jeffrey Epstein,3
Epstein Jeffrey Edward,Lamine N'Diaye,3
Lamine N'Diaye,N'Diaye Lamine,3
Day Watch Lieutenant,Evening Watch Lieutenant,3
Day Watch Lieutenant,Morning Watch Lieutenant,3
Evening Watch Lieutenant,Morning Watch Lieutenant,3
Jeffrey E,Jeffrey E Epstein,3
B Bc,Epstein Jeffrey Edward,3
Jeffrey Epstein,Shirley Skipper-Scott,3
B Bc,Benedict H Gross,3
B Bc,S Allen Counter,3
Andre Matevousian,Ray Ormond,3
Darrin Howard,J Sullivan,3
Darrin Howard,Judge Sullivan,3
J Sullivan,Judge Berman,3
J Sullivan,Judge Sullivan,3
Jeffrey Epstein,Officer B Bc,3
Efrain Reyes,Ghislaine Maxwell,3
Efrain Reyes,Virginia Roberts Giuffre,3
Shirley V Skipper-Scott,Sonya Thompson,3
Charisma Edge,Chief Psychologist,3
Charisma Edge,Warden N'Diaye,3
Hugh Hurwitz,James Wills,3
James Wills,Michael Carvajal,3
Bill Cosby,Zeinab Bandpey,3
Jeffrey Edward Epstein,Zeinab Bandpey,3
Benedict H Gross,Charisma Edge,3
Charisma Edge,Jonathan David Farley,3
Charisma Edge,S Allen Counter,3
Jeffrey Epstein,Michael Horowitz,3
Jeffrey Epstein,William P Barr,3
Judge Berman,Judge Gleeson,3
Alison J Nathan,Daniel Patrick Moynihan,3
Daniel Patrick Moynihan,Ghislaine Maxwell,3
Ghislaine Maxwell,Keith Raniere,3
Adam Mueller,Laura A Menninger,3
Laura A Menninger,Ty Gee,3
Alison Moe,Lisa Margaret Smith,3
Ghislaine Maxwell,Lisa Margaret Smith,3
Maxwell'S Husband,Maxwell'S Spouse,3
Chief Judge,Kristen Carannante,3
Lara Pomerantz,Mark S Cohen,3
Jeffrey Epstein,Judge Preska,3
Bobbi C Sternheim,Lara Elizabeth Pomerantz,3
Laura A Menninger,Loretta A Preska,3
Alison Moe,John Davis,3
Andrea K Johnstone,John Davis,3
Ghislaine Maxwell,John Davis,3
Janice Bernard,John Davis,3
John Davis,John S Davis,3
John Davis,Lawrence Vogelman,3
John Davis,Susan Bateman,3
Debra C Freeman,Ghislaine Maxwell,3
Ghislaine Maxwell,Judge Salas,3
Barack Obama,William Juli,3
Richard J Durbin,William Juli,3
Alex Rossmiller,Gleeson J,3
Alison Moe,Gleeson J,3
Audrey Strauss,Gleeson J,3
Darren K Indyke,Jane Doe,3
Jane Doe,Jeffrey E Epstein,3
David Perry,Judge Keenan,3
Margo K Brodie,Sean Hecker,3
Alex Rossmiller,Alison G Moe,3
Jeffrey Epstein,Maxwell'S Spouse,3
Buchwald J,Daniels J,3
Buchwald J,Furman J,3
Buchwald J,Marrero J,3
Buchwald J,Parker J,3
Buchwald J,Preska J,3
Buchwald J,Woods J,3
Daniels J,Furman J,3
Daniels J,Marrero J,3
Daniels J,Parker J,3
Daniels J,Preska J,3
Daniels J,Woods J,3
Furman J,Marrero J,3
Furman J,Parker J,3
Furman J,Preska J,3
Furman J,Woods J,3
Marrero J,Parker J,3
Marrero J,Preska J,3
Marrero J,Woods J,3
Parker J,Preska J,3
Parker J,Woods J,3
Preska J,Woods J,3
Audrey Cher,Timothy Williams,3
B Houtz,Jean-Luc Brunel,3
B Houtz,Jeffrey Epstein,3
Jean-Luc Brunel,Jeffrey Epstein,3
Barack Obama,Ghislaine Maxwell,3
Barack Obama,Hans Peterson,3
Ghislaine Maxwell,Hans Peterson,3
Ghislaine Maxwell,Richard J Durbin,3
Hans Peterson,Richard J Durbin,3
Alexander Rossmiller,Alison J Nathan,3
Alexander Rossmiller,Audrey Strauss,3
Alexander Rossmiller,Christian R Everdell,3
Alexander Rossmiller,Ghislaine Maxwell,3
Alexander Rossmiller,Jeffrey S Pagliuca,3
Alexander Rossmiller,Laura A Menninger,3
Alexander Rossmiller,Mark S Cohen,3
Alison J Moe,Alison J Nathan,3
Alison J Moe,Audrey Strauss,3
Alison J Moe,Christian R Everdell,3
Alison J Moe,Ghislaine Maxwell,3
Alison J Moe,Jeffrey S Pagliuca,3
Alison J Moe,Laura A Menninger,3
Alison J Moe,Mark S Cohen,3
Audrey Strauss,Mark S Cohen,3
Mark S Cohen,Maurene R Comey,3
Delphine Brach-Thiel,William Juli,3
Alex Rossmiller,Chris Everdell,3
Alex Rossmiller,Jeff Pagliuca,3
Alison Moe,Chris Everdell,3
Chris Everdell,Ghislaine Maxwell,3
Chris Everdell,Jeff Pagliuca,3
Chris Everdell,Laura Menninger,3
Chris Everdell,Mark Cohen,3
Chris Everdell,Maurene Comey,3
Jeff Pagliuca,Mark Cohen,3
David Perry Qc,Gary Mckinnon,3
Alison Moe,Warden Tellez,3
Audrey Strauss,Warden Tellez,3
Lara Pomerantz,Warden Tellez,3
Maurene Comey,Warden Tellez,3
Andrew Finkelman,Philippe Jaegi,3
Judge Keenan,Judge Scheindlin,3
Babar Ahmad,Djamel Beghal,3
Babar Ahmad,William Juli,3
Djamel Beghal,William Juli,3
Ghislaine Maxwell,Janet Marshall,3
Ghislaine Maxwell,Scott Marshall,3
Janet Marshall,Scott Marshall,3
Ghislaine Maxwell,Philippe Jaegl,3
Jeffrey Epstein,Philippe Jaegl,3
Olivier Laude,Philippe Jaegl,3
Emmy Taylor,Jeffrey E Epstein,3
Jack P Hill,Jack Scarola,3
Jack Scarola,Jeffrey Epstein,3
Alger Hiss,Ethel Rosenberg,3
Adam Perry Lang,Ghislain Maxwell,3
Adam Perry Lang,Kirsti Ferguson,3
Adam Perry Lang,Sophie Biddle,3
Ghislain Maxwell,Harry Beller,3
Ghislain Maxwell,Kirsti Ferguson,3
Ghislain Maxwell,Sophie Biddle,3
Kirsti Ferguson,Sophie Biddle,3
Shelly Harrison,Shelly Lewis,3
Shelly Harrison,Sophie Biddle,3
Cecilia Steen,Larry Morrison,3
Jeffrey E Epstein,Leslie H Wexner,3
Paul A Engelmayer,Sigrid Mccawley,3
Ghislaine Maxwell,Jay Clayton,3
Ann Lawesson,Cecilia Steen,3
J Ruan,Jeffrey E Epste N,3
Jay Clayton,Richard M Berman,3
Pamela J Bondi,Paul A Engelmayer,3
Pamela J Bondi,Richard M Berman,3
Dave Aronberg,Joseph Abruzzo,3
Heather Mann,Sophie Biddle,3
Shelly Lewis,Victoria Hazel,3
Sophie Biddle,Victoria Hazel,3
Cindy Lopez,Shelley Lewis,3
E Simmonds,K Vauchan Edwards,3
Ghislaine Maxwell,Mark Epstein,3
Ghislaine Maxwell,Paul A Engel Mayer,3
Ghislaine Maxwell,Henry Rosovsky,3
Jeffrey Epstein,Valdson Cotrin,3
Jeffrey E Epste N,Jeffrey E Epstein,3
Catherine O'Hagan Wolfe,Richard C Wesley,3
Ghislaine Maxwell,Richard C Wesley,3
Jos A Cabranes,Raymond J Lohier,3
Jos A Cabranes,Richard C Wesley,3
Raymond J Lohier,Richard C Wesley,3
Jay Clayton,Jeffrey Epstein,3
David Oscar Markus,Todd Blanche,3
David Boies,Richard M Berman,3
Alison Gainfort Moe,Reid Weingarten,3
James L Brochin,Marc Allan Fernich,3
James L Brochin,Martin Gary Weinberg,3
James L Brochin,Reid Weingarten,3
Marc Allan Fernich,Michael Campion Miller,3
Marc Allan Fernich,Michael Gerard Scavelli,3
Martin Gary Weinberg,Michael Campion Miller,3
Martin Gary Weinberg,Michael Gerard Scavelli,3
Martin Gary Weinberg,Reid Weingarten,3
Michael Campion Miller,Reid Weingarten,3
Michael Gerard Scavelli,Reid Weingarten,3
Amanda Young,Henry B Pitman,3
Amanda Young,Keyana Pompey,3
Amanda Young,Lea Harmon,3
Henry B Pitman,Jeffrey Epstein,3
Henry B Pitman,Marc Fernich,3
Henry B Pitman,Paul Byrne,3
Jeffrey Epstein,Keyana Pompey,3
Jeffrey Epstein,Lea Harmon,3
Keyana Pompey,Lea Harmon,3
Keyana Pompey,Marc Fernich,3
Keyana Pompey,Paul Byrne,3
Keyana Pompey,Richard M Berman,3
Lea Harmon,Marc Fernich,3
Lea Harmon,Paul Byrne,3
Lea Harmon,Richard M Berman,3
Alex Rossmiller,Martin G Weinberg,3
David Mitchell,Mark Epstein,3
Marc Allan Fernich,Martin G Weinberg,3
Sigrid S Mccawley,Virginia L Giuffre,3
Jeffrey Epstein,Kelly Surina,3
Jeffrey Epstein,Ruth Pickholz,3
Jennifer Gaffney,Ruth Pickholz,3
Alex Rossmiller,Nicole Simmons,3
Ann Marie C Villafana,Jay Lefkowitz,3
Alexander Rossmiller,Alison G Moe,3
Alison G Moe,Geoffrey S Berman,3
Alison G Moe,James Brochin,3
Alison G Moe,Joseph Jaffe,3
Alison G Moe,Reid Weingarten,3
James Brochin,Joseph Jaffe,3
Jeffrey Epstein,Joseph Jaffe,3
Joseph Jaffe,Marc Fernich,3
Joseph Jaffe,Reid Weingarten,3
Joseph Jaffe,Richard M Berman,3
Marc Fernich,Martin G Weinberg,3
David Boies,Maurene Comey,3
Amanda Young,John Moscato,3
Jeffrey Epstein,John Moscato,3
John Moscato,Marc Fernich,3
John Moscato,Martin Weinberg,3
John Moscato,Michael Miller,3
John Moscato,Paul Byrne,3
John Moscato,Richard M Berman,3
Marc Fernich,Michael Miller,3
Alexander Rossmiller,Amanda Young,3
Alexander Rossmiller,Paul Byrne,3
Alison G Moe,Martin Weinberg,3
Amanda Young,Geoffrey S Berman,3
Geoffrey S Berman,Paul Byrne,3
Marc Fernich,Maurene R Comey,3
Maurene R Comey,Paul Byrne,3
Jeffrey Epstein,Virginia Roberts Giuffre,3
Amber Southerland,Jeffrey Epstein,3
Jeffrey Epstein,Philip Weiss,3
Alison Moe,Lamine N'Diaye,3
Alison Moe,Michael Greco,3
Lamine N'Diaye,Martin Weinberg,3
Martin Weinberg,Michael Greco,3
Amanda Young,Francesca Tessier-Miller,3
Francesca Tessier-Miller,Paul Byrne,3
Jeffrey Epstein,Sarah K Eddy,3
Brad Edwards,Courtney Wild,3
Catherine O'Hagan Wolfe,Jeffrey Epstein,3
Analisa Torres,Kenneth E Brown,3
Alex Rossmiller,Katielynn Boyd Townsend,3
David Boies,Katielynn Boyd Townsend,3
Katielynn Boyd Townsend,Sigrid S Mccawley,3
Alison J Nathan,Sonya Ketter Moore,3
Alison Moe,Sonya Ketter Moore,3
Andrew Rohrbach,Sonya Ketter Moore,3
Bobbi C Sternheim,Sonya Ketter Moore,3
Christian Everdell,Sonya Ketter Moore,3
Ghislaine Maxwell,Sonya Ketter Moore,3
Jeff Pagliuca,Moya Goretti,3
Jeff Pagliuca,Sonya Ketter Moore,3
Lara Pomerantz,Sonya Ketter Moore,3
Laura Menninger,Sonya Ketter Moore,3
Maurene Comey,Sonya Ketter Moore,3
Moya Goretti,Rebecca Forman,3
Rebecca Forman,Sonya Ketter Moore,3
Alison Moe,Lisa Rocchio,3
Andrew Rohrbach,Lisa Rocchio,3
Lara Pomerantz,Lisa Rocchio,3
Lisa Rocchio,Maurene Comey,3
Bobbi Sternheim,Moya Goretti,3
George Malinowski,Moya Goretti,3
George Malinowski,Rebecca Forman,3
Martha Martin,Moya Goretti,3
Martha Martin,Rebecca Forman,3
Andrew A Rohrbach,Andrew Rohrbach,3
Audrey Strauss,Nicolas Roos,3
Annie Farmer,Bobbi C Sternheim,3
Bobbi C Sternheim,Virginia Giuffre,3
Alison Moe,Sigrid Mccawley,3
Andrew Rohrbach,Sigrid Mccawley,3
Lara Pomerantz,Sigrid Mccawley,3
Maurene Comey,Sigrid Mccawley,3
Andrew A Rohrbach,Damian Williams,3
Catherine O'Hagan Wolfe,Damian Williams,3
Christian R Everdell,Rebecca Forman,3
Analisa Torres,Audrey Strauss,3
Audrey Strauss,Tova Noel,3
Bobbi C Sternheim,Joseph Pecorino,3
Bobbi C Sternheim,Wendy Olson,3
Goretti Moya,Jeffrey Pagliuca,3
Jeffrey Pagliuca,Michael Mcdaniel,3
George Malinowski,Paula Speers,3
Khris Sellin,Paula Speers,3
Martha Martin,Paula Speers,3
Jason Foy,Montel Figgins,3
Jason Foy,Nicolas Roos,3
Montel Figgins,Rebekah Donaleski,3
Montel Figgins,Tova Noel,3
Alison J Nathan,Kelly Surina,3
Alison J Nathan,Mike Mcdaniel,3
Alison Moe,Kelly Surina,3
Alison Moe,Mike Mcdaniel,3
Andrew Rohrbach,Kelly Surina,3
Andrew Rohrbach,Mike Mcdaniel,3
Christian Everdell,Kelly Surina,3
Christian Everdell,Mike Mcdaniel,3
Ghislaine Maxwell,Kelly Surina,3
Ghislaine Maxwell,Mike Mcdaniel,3
Jeffrey S Pagliuca,Kelly Surina,3
Jeffrey S Pagliuca,Mike Mcdaniel,3
Jeffrey S Pagliuca,Todd Spodek,3
Kelly Surina,Lara Pomerantz,3
Kelly Surina,Mike Mcdaniel,3
Kelly Surina,Todd Spodek,3
Lara Pomerantz,Mike Mcdaniel,3
Mike Mcdaniel,Todd Spodek,3
Alison J Nathan,Vernon S Broderick,3
Alison Moe,Vernon S Broderick,3
Andrew Rohrbach,Vernon S Broderick,3
Bobbi Sternheim,Goretti Moya,3
Bobbi Sternheim,Vernon S Broderick,3
Lara Pomerantz,Vernon S Broderick,3
Maurene Comey,Vernon S Broderick,3
Bobbi C Sternheim,Robert Y Lewis,3
Bobbi C Sternheim,David Markus,3
Alison Moe,Juan Alessi,3
Andrew Rohrbach,Juan Alessi,3
Bobbi Sternheim,Juan Alessi,3
Christian Everdell,Juan Alessi,3
George Malinowski,Juan Alessi,3
George Malinowski,Paula Speer,3
Jeff Pagliuca,Juan Alessi,3
Juan Alessi,Lara Pomerantz,3
Juan Alessi,Laura Menninger,3
Juan Alessi,Martha Martin,3
Juan Alessi,Maurene Comey,3
Juan Alessi,Paula Speer,3
Martha Martin,Paula Speer,3
Alison J Nathan,James Marsh,3
Alison Moe,James Marsh,3
Andrew Rohrbach,James Marsh,3
Bobbi C Sternheim,James Marsh,3
Elizabeth Stein,James Marsh,3
Ghislaine Maxwell,James Marsh,3
James Marsh,Lara Pomerantz,3
James Marsh,Maurene Comey,3
James Marsh,Sarah Ransome,3
Andrew Rohrbach,Matthew Russell Lee,3
Ghislaine Maxwell,Matthew Russell Lee,3
Jeffrey Pagliuca,Matthew Russell Lee,3
Bill Richardson,Bruce King,3
Jordana H Feldman,Ryan Hall,3
Patrick J Smith,Ryan Hall,3
Bobbi Sternheim,Eve Giniger,3
Bobbi Sternheim,Jordana H Feldman,3
Bobbi Sternheim,Patrick J Smith,3
Bobbi Sternheim,Renato Stabile,3
Christian Everdell,Jordana H Feldman,3
Christian Everdell,Patrick J Smith,3
Eve Giniger,Jordana H Feldman,3
Eve Giniger,Patrick J Smith,3
Jeff Pagliuca,Jordana H Feldman,3
Jeff Pagliuca,Patrick J Smith,3
Jordana H Feldman,Khris Sellin,3
Jordana H Feldman,Renato Stabile,3
Khris Sellin,Patrick J Smith,3
Patrick J Smith,Renato Stabile,3
Alena Lynch,Annie Farmer,3
Alena Lynch,David E Mccraw,3
Alena Lynch,Elizabeth Stein,3
Alena Lynch,Juliette Bryant,3
Alena Lynch,Kristen Carannante,3
Alena Lynch,Maria Farmer,3
Alena Lynch,Sarah Ransome,3
Alena Lynch,Sigrid S Mccawley,3
Alena Lynch,Teresa Helm,3
Alena Lynch,Virginia Giuffre,3
Alison Moe,Kristen Carannante,3
Annie Farmer,Bobbi Sternheim,3
Annie Farmer,Christian Everdell,3
Annie Farmer,David E Mccraw,3
Annie Farmer,Kristen Carannante,3
Bobbi Sternheim,David E Mccraw,3
Bobbi Sternheim,Elizabeth Stein,3
Bobbi Sternheim,Juliette Bryant,3
Bobbi Sternheim,Kristen Carannante,3
Bobbi Sternheim,Maria Farmer,3
Bobbi Sternheim,Sarah Ransome,3
Bobbi Sternheim,Teresa Helm,3
Bobbi Sternheim,Virginia Giuffre,3
Christian Everdell,David E Mccraw,3
Christian Everdell,Elizabeth Stein,3
Christian Everdell,Juliette Bryant,3
Christian Everdell,Kristen Carannante,3
Christian Everdell,Maria Farmer,3
Christian Everdell,Sarah Ransome,3
Christian Everdell,Teresa Helm,3
Christian Everdell,Virginia Giuffre,3
David E Mccraw,Elizabeth Stein,3
David E Mccraw,Juliette Bryant,3
David E Mccraw,Kristen Carannante,3
David E Mccraw,Maria Farmer,3
David E Mccraw,Sarah Ransome,3
David E Mccraw,Sigrid S Mccawley,3
David E Mccraw,Teresa Helm,3
David E Mccraw,Virginia Giuffre,3
Elizabeth Stein,Kristen Carannante,3
Elizabeth Stein,Sigrid S Mccawley,3
Juliette Bryant,Kristen Carannante,3
Kristen Carannante,Lara Pomerantz,3
Kristen Carannante,Maria Farmer,3
Kristen Carannante,Maurene Comey,3
Kristen Carannante,Sarah Ransome,3
Kristen Carannante,Sigrid S Mccawley,3
Kristen Carannante,Teresa Helm,3
Kristen Carannante,Virginia Giuffre,3
Bobbi Sternheim,Carol Ganley,3
Carol Ganley,Christian Everdell,3
Carol Ganley,Jeff Pagliuca,3
Carol Ganley,Laura Menninger,3
Jeffrey S Pagliuca,Khris Sellin,3
Alison J Nathan,Pamela Utter,3
Alison Moe,Pamela Utter,3
Andrew Rohrbach,Pamela Utter,3
Bobbi Sternheim,Pamela Utter,3
Christian Everdell,Pamela Utter,3
Ghislaine Maxwell,Pamela Utter,3
Jeff Pagliuca,Pamela Utter,3
Lara Pomerantz,Pamela Utter,3
Laura Menninger,Pamela Utter,3
Maurene Comey,Pamela Utter,3
Michael Mcdaniel,Pamela Utter,3
Bobbi C Sternheim,John M Leventhal,3
Analisa Torres,Geoffrey S Berman,3
Alison Moe,Brad Edwards,3
Alison Moe,Jack Scarola,3
Andrew Rohrbach,Jack Scarola,3
Bobbi C Sternheim,Brad Edwards,3
Bobbi C Sternheim,George Malinowski,3
Bobbi C Sternheim,Jack Scarola,3
Bobbi C Sternheim,Martha Martin,3
Bobbi C Sternheim,Robert Glassman,3
Jack Scarola,Lara Pomerantz,3
Jack Scarola,Maurene Comey,3
Bobbi C Sternheim,Kelly Mcguirk,3
Bobbi C Sternheim,Kristen Carannante,3
Heriberto Tellez,Kelly Mcguirk,3
Heriberto Tellez,Kristen Carannante,3
Kelly Mcguirk,Mark S Cohen,3
Kristen Carannante,Mark S Cohen,3
Alison J Nathan,Sadie Herbert,3
Alison Moe,Sadie Herbert,3
Andrew Rohrbach,Sadie Herbert,3
Bobbi Sternheim,Sadie Herbert,3
Christian Everdell,Sadie Herbert,3
Ghislaine Maxwell,Sadie Herbert,3
Jeff Pagliuca,Sadie Herbert,3
Lara Pomerantz,Sadie Herbert,3
Laura Menninger,Sadie Herbert,3
Maurene Comey,Sadie Herbert,3
Paula Speer,Sadie Herbert,3
Catherine O'Hagan Wolfe,Jeffrey S Pagliuca,3
Jeff Pagliuca,Laura A Menninger,3
Jeff Pagliuca,Sigrid S Mccawley,3
Jeffrey S Pagliuca,Sigrid S Mccawley,3
Laura A Menninger,Rebecca Forman,3
Rebecca Forman,Sigrid S Mccawley,3
Alison J Nathan,Cynthia A Gierhart,3
Alison Moe,Christine N Walz,3
Alison Moe,Cynthia A Gierhart,3
Alison Moe,Sanford L Bohrer,3
Andrew Rohrbach,Christine N Walz,3
Andrew Rohrbach,Cynthia A Gierhart,3
Andrew Rohrbach,Sanford L Bohrer,3
Bobbi C Sternheim,Christine N Walz,3
Bobbi C Sternheim,Cynthia A Gierhart,3
Bobbi C Sternheim,David E Mccraw,3
Bobbi C Sternheim,Nathan Siegel,3
Bobbi C Sternheim,Sanford L Bohrer,3
Christine N Walz,David E Mccraw,3
Christine N Walz,Lara Pomerantz,3
Christine N Walz,Maurene Comey,3
Christine N Walz,Nathan Siegel,3
Cynthia A Gierhart,David E Mccraw,3
Cynthia A Gierhart,Ghislaine Maxwell,3
Cynthia A Gierhart,Lara Pomerantz,3
Cynthia A Gierhart,Maurene Comey,3
Cynthia A Gierhart,Nathan Siegel,3
David E Mccraw,Nathan Siegel,3
David E Mccraw,Sanford L Bohrer,3
Lara Pomerantz,Sanford L Bohrer,3
Maurene Comey,Sanford L Bohrer,3
Nathan Siegel,Sanford L Bohrer,3
Brent Tindall,Jeffrey Epstein,3
Alison J Nathan,Pete Brush,3
Alison Moe,Pete Brush,3
Andrew Rohrbach,Pete Brush,3
Bobbi Sternheim,Pete Brush,3
Ghislaine Maxwell,Pete Brush,3
Lara Pomerantz,Pete Brush,3
Bobbi C Sternheim,Michael Mcdaniel,3
Alison J Nathan,Matthew A Leish,3
Alison Moe,Matthew A Leish,3
Andrew Rohrbach,Matthew A Leish,3
Christian R Everdell,Matthew A Leish,3
Christian R Everdell,Nathan Siegel,3
Ghislaine Maxwell,Matthew A Leish,3
Lara Pomerantz,Matthew A Leish,3
Matthew A Leish,Maurene Comey,3
Matthew A Leish,Nathan Siegel,3
Andrew Rohrbach,Todd A Spodek,3
Christian R Everdell,Todd A Spodek,3
Jeffrey S Pagliuca,Todd A Spodek,3
Montell Figgins,Tova Noel,3
Bill Richardson,Ghislaine Maxwell,3
Bill Richardson,Hillary Clinton,3
George Mitchell,Jeffrey Epstein,3
George Mitchell,Prince Andrew,3
Ghislaine Maxwell,Hillary Clinton,3
Kevin Spacey,President Clinton,3
Heidi Fliess,Jeff Epstein,3
Jack A Goldberger,Jane Doe,3
Jane Doe,Lanna Belohlavek,3
Britany Beale,Courtney Wild,3
Britany Beale,Jeffrey Epstein,3
Det Caristo,Joseph Recarey,3
Det Dawson,Lauren Murphy,3
Det Joe Recarey,Lauren Murphy,3
Adriana Mucinska,Bill Hammond,3
Adriana Mucinska,David Mullen,3
Adriana Mucinska,Larry Visoski,3
Alfredo Rodriguez,Altomaro Nickie A,3
Daliah Weiss,Lana Belohlavic,3
Daliah Weiss,Nada Marcinkova,3
Daliah Weiss,Sarah Kellen,3
Chuck Yeager,Ugly Ken Hart,3
Larry Morrison,Larry Visoki,3
Jack A Goldberger,Theodore Leopold,3
Lanna Belohlavek,Theodore Leopold,3
Bill Clinton,Vicky Ward,3
Kevin Spacey,Vicky Ward,3
Leslie Wexner,Vicky Ward,3
Bill Clinton,Christopher Dodd,3
Bill Clinton,Hillary Clinton,3
Bill Clinton,Joe Lieberman,3
Christopher Dodd,Hillary Clinton,3
Christopher Dodd,Jeffrey Epstein,3
Christopher Dodd,Joe Lieberman,3
Hillary Clinton,Joe Lieberman,3
Heidi Fleiss,Jeffrey Epstein,3
Heidi Fleiss,Sarah Kellen,3
Bill Clinton,Mike Edmondson,3
Donald Trump,Mike Edmondson,3
Jack Goldberg,Jeffrey Epstein,3
Daliah Weiss,Ghaline Maxwell,3
Daliah Weiss,Johanna Sjoberg,3
Daliah Weiss,Nadia Marcinkova,3
Daliah Weiss,Thomas Rofrano,3
Ghaline Maxwell,Janusz Banasiak,3
Ghaline Maxwell,Johanna Sjoberg,3
Ghaline Maxwell,Nadia Marcinkova,3
Ghaline Maxwell,Thomas Rofrano,3
Janusz Banasiak,Johanna Sjoberg,3
Janusz Banasiak,Nadia Marcinkova,3
Janusz Banasiak,Thomas Rofrano,3
Johanna Sjoberg,Nadia Marcinkova,3
Johanna Sjoberg,Thomas Rofrano,3
Nadia Marcinkova,Thomas Rofrano,3
Donald Trump,Hillary Clinton,3
Jeffrey Epstein,Ralph Lauren,3
Alan Dershowitz,Kenneth Starr,3
Haley Robson,Michael Reiter,3
Jeffrey Epstein,Peggy Siegal,3
Michael Reiter,Rush Limbaugh,3
Michael Reiter,Sarah Kellen,3
Michael Reiter,William Kennedy Smith,3
Rush Limbaugh,William Kennedy Smith,3
Capt Gudger,Det Dawson,3
Capt Gudger,Det Dicks,3
Capt Gudger,Det Krauel,3
Capt Gudger,Det Melnichok,3
Capt Gudger,Det Sandman,3
Capt Gudger,Sgt Frick,3
Det Dawson,Det Dicks,3
Det Dawson,Det Krauel,3
Det Dawson,Det Melnichok,3
Det Dawson,Det Sandman,3
Det Dawson,Nickie A Altomaro,3
Det Dicks,Det Melnichok,3
Det Dicks,Det Sandman,3
Det Dicks,Joseph Recarey,3
Det Krauel,Det Melnichok,3
Det Krauel,Det Sandman,3
Det Melnichok,Det Sandman,3
Det Melnichok,Sgt Frick,3
Det Sandman,Joseph Recarey,3
Det Sandman,Nickie A Altomaro,3
Det Sandman,Sgt Frick,3
Joseph Recarey,Sgt Frick,3
Heidi Fliess,Sarah Kellen,3
Sarah Kellen,Sgt Frick,3
Janusz Banasiak,Recarey Joseph,3
Aileen Josephs,Lanna Belohlavek,3
Altomaro Nickie A,Dana Burns,3
Altomaro Nickie A,Ghislaine Maxwell,3
Christina Venero,Recarey Joseph,3
Dana Burns,Recarey Joseph,3
Andrew Marra,Jeffrey Epstein,3
Pimp Juice,Princess Jenny,3
B Hammond,Larry Visoski,3
B Hammond,Nadia Marcinkova,3
B Hammond,Sarah Kellen,3
Ghislaine Maxwell,Mort Zuckerman,3
J P Morgan,Jeffrey Epstein,3
Jeffrey Epstein,Ron Burkle,3
Det Recarey,Haley Robson,3
Det Recarey,Nickie A Altomaro,3
Haley Robson,Jeff Williams,3
Alfredo Rodriguez,Daliah Weiss,3
Alfredo Rodriguez,Nickie A,3
Alfredo Rodriguez,Theresa Wyatt,3
Daliah Weiss,Nickie A,3
Daliah Weiss,Theresa Wyatt,3
Haley Robson,Nickie A,3
Haley Robson,Theresa Wyatt,3
Nickie A,Theresa Wyatt,3
David Muller,Larry Morrison,3
David Muller,Nadia Marcinkova,3
Haley Robson,Nadia Marcinkova,3
Alan Dershowitz,Bill Clinton,3
Charles Schumer,John Kerry,3
Donald Trump,Joe Lieberman,3
Alan Dershowitz,Alfredo Rodriguez,3
Andy Dios,Michelle Pagan,3
Bill Clinton,James Truman,3
Bill Clinton,Samantha Boardman,3
Lanna Belohlavek,Ric L Bradshaw,3
Daniel Szarszewski,Detective Pagan,3
Daniel Szarszewski,Janusz Banasiak,3
Daniel Szarszewski,Jeffrey Epstein,3
Daniel Szarszewski,Nada Marcinkova,3
Bill Hammond,Nadia Marcinkova,3
Alfredo A Rodriguez,Daliah M Weiss,3
Alfredo A Rodriguez,Sharon R Bock,3
Altomaro Nickie A,Nada Marcinkova,3
Barbara J Burns,Jeffrey E Epstein,3
Dell Riley Kiraly,Shayna Casdorph,3
I Heart Garrett Stein,Jennifer Without The Nifer,3
Haley Robson,Zack Brian,3
Det Krauel,Jeffrey Epstein,3
Haley Robson,Joseph Recarey,3
David Mullen,Jean Luc Brunel,3
Aileen Josephs,Jack Goldberger,3
Aileen Josephs,Kathleen Parker,3
Aileen Josephs,Mark L Winans,3
Alan Dershowitz,Kathleen Parker,3
Alan Dershowitz,Mark L Winans,3
Barry Krischer,Kathleen Parker,3
Barry Krischer,Mark L Winans,3
Jack Goldberger,Rush Limbaugh,3
Jeffrey Epstein,Kathleen Parker,3
Jeffrey Epstein,Mark L Winans,3
Kathleen Parker,Mark L Winans,3
Kathleen Parker,Rush Limbaugh,3
Mark L Winans,Rush Limbaugh,3
Janusz Banasiak,Jeffrey E Epstein,3
Bobbie Payne,Lanna Belohlavek,3
Cledus Mctavern,Leah Jean,3
Adriana Musinska,Dave Rodgers,3
Adriana Musinska,Jeffrey Epstein,3
Adriana Musinska,Larry Visoski,3
Recarey Joseph,Roy Black,3
Altomaro Nickie A,Paul A Lavery,3
Haley Robson,Paul A Lavery,3
Haley Robson,Roy Black,3
Paul A Lavery,Roy Black,3
Det Krauel,Jeff Williams,3
Nickie A Altomaro,Tony Higgins,3
Jeff Epstein,Nada Marcinkova,3
Jack Goldberger,Joseph Recarey,3
Joseph Recarey,Lana Belohlavek,3
Lana Belohlavek,Nickie A Altomaro,3
Nickie A Altomaro,Sarah Kellen,3
Steven Andrew,Ugly Ken Hart,3
Ace Greenberg,Leslie Wexner,3
Jimmy Cayne,Joe Pagano,3
Jimmy Cayne,Leslie Wexner,3
Jimmy Cayne,Michael Stroll,3
Joe Pagano,Leslie Wexner,3
Leslie Wexner,Michael Stroll,3
Maria Alessi,Sharon R Bock,3
Andreana Mucinska,Jeffrey Epstein,3
James Truman,Leslie Wexner,3
Jeffrey Epstein,Todd Meister,3
Leslie Wexner,Samantha Boardman,3
Guy Fronstin,Joseph Recarey,3
Guy Fronstin,Lana Belohlavek,3
Jeff Epstein,Joe Recarey,3
Alison J Nathan,Kevin Boyle,2
Bob Price,Bryan W Lee,2
Bob Price,Erwin Mayer,2
Bob Price,James D Beumel,2
Bob Price,Judge Pauley,2
Bob Price,Larry H Moore,2
Bob Price,Lisa Hurley,2
Bob Price,Michael L Cook,2
Bob Price,Nancy C Moore,2
Bob Price,R Craig Brubaker,2
Bob Price,Roger Hayse,2
Bob Price,Ross Crawford,2
Bob Price,Stanley J Okula,2
Bob Price,Theresa Trzaskoma,2
Bryan W Lee,Erwin Mayer,2
Bryan W Lee,James D Beumel,2
Bryan W Lee,Judge Pauley,2
Bryan W Lee,Larry H Moore,2
Bryan W Lee,Lisa Hurley,2
Bryan W Lee,Michael L Cook,2
Bryan W Lee,Nancy C Moore,2
Bryan W Lee,R Craig Brubaker,2
Bryan W Lee,Roger Hayse,2
Bryan W Lee,Ross Crawford,2
Bryan W Lee,Stanley J Okula,2
Bryan W Lee,Theresa Trzaskoma,2
Erwin Mayer,James D Beumel,2
Erwin Mayer,Judge Pauley,2
Erwin Mayer,Larry H Moore,2
Erwin Mayer,Lisa Hurley,2
Erwin Mayer,Michael L Cook,2
Erwin Mayer,Nancy C Moore,2
Erwin Mayer,R Craig Brubaker,2
Erwin Mayer,Roger Hayse,2
Erwin Mayer,Ross Crawford,2
Erwin Mayer,Stanley J Okula,2
Erwin Mayer,Theresa Trzaskoma,2
James D Beumel,Judge Pauley,2
James D Beumel,Larry H Moore,2
James D Beumel,Lisa Hurley,2
James D Beumel,Michael L Cook,2
James D Beumel,Nancy C Moore,2
James D Beumel,R Craig Brubaker,2
James D Beumel,Roger Hayse,2
James D Beumel,Ross Crawford,2
James D Beumel,Stanley J Okula,2
James D Beumel,Theresa Trzaskoma,2
Judge Pauley,Larry H Moore,2
Judge Pauley,Lisa Hurley,2
Judge Pauley,Michael L Cook,2
Judge Pauley,Nancy C Moore,2
Judge Pauley,R Craig Brubaker,2
Judge Pauley,Roger Hayse,2
Judge Pauley,Ross Crawford,2
Judge Pauley,Theresa Trzaskoma,2
Larry H Moore,Lisa Hurley,2
Larry H Moore,Michael L Cook,2
Larry H Moore,Nancy C Moore,2
Larry H Moore,R Craig Brubaker,2
Larry H Moore,Roger Hayse,2
Larry H Moore,Ross Crawford,2
Larry H Moore,Stanley J Okula,2
Larry H Moore,Theresa Trzaskoma,2
Lisa Hurley,Michael L Cook,2
Lisa Hurley,Nancy C Moore,2
Lisa Hurley,R Craig Brubaker,2
Lisa Hurley,Roger Hayse,2
Lisa Hurley,Ross Crawford,2
Lisa Hurley,Stanley J Okula,2
Lisa Hurley,Theresa Trzaskoma,2
Michael L Cook,Nancy C Moore,2
Michael L Cook,R Craig Brubaker,2
Michael L Cook,Roger Hayse,2
Michael L Cook,Ross Crawford,2
Michael L Cook,Stanley J Okula,2
Michael L Cook,Theresa Trzaskoma,2
Nancy C Moore,R Craig Brubaker,2
Nancy C Moore,Roger Hayse,2
Nancy C Moore,Ross Crawford,2
Nancy C Moore,Stanley J Okula,2
Nancy C Moore,Theresa Trzaskoma,2
R Craig Brubaker,Roger Hayse,2
R Craig Brubaker,Ross Crawford,2
R Craig Brubaker,Stanley J Okula,2
R Craig Brubaker,Theresa Trzaskoma,2
Roger Hayse,Ross Crawford,2
Roger Hayse,Stanley J Okula,2
Roger Hayse,Theresa Trzaskoma,2
Ross Crawford,Stanley J Okula,2
Ross Crawford,Theresa Trzaskoma,2
Stanley J Okula,Theresa Trzaskoma,2
David Parse,Henry Parse,2
David Parse,Sylvia Parse,2
Henry Parse,Paul Shechtman,2
Henry Parse,Sylvia Parse,2
Henry Parse,William H Pauley,2
Paul Shechtman,Sylvia Parse,2
Sylvia Parse,William H Pauley,2
Carrie Yackee,Catherine Conrad,2
Carrie Yackee,Cr Gibb,2
Carrie Yackee,Judge Pauley,2
Carrie Yackee,Laurie Edelstein,2
Carrie Yackee,Nicholas Cutaia,2
Carrie Yackee,Stanley J Okula,2
Catherine Conrad,Cr Gibb,2
Catherine Conrad,John Beery,2
Catherine Conrad,Matt Coleman,2
Catherine Conrad,Nicholas Cutaia,2
Catherine Conrad,Stanley J Okula,2
Cr Gibb,David Parse,2
Cr Gibb,John Beery,2
Cr Gibb,Judge Pauley,2
Cr Gibb,Laurie Edelstein,2
Cr Gibb,Matt Coleman,2
Cr Gibb,Nicholas Cutaia,2
Cr Gibb,Stanley J Okula,2
David Parse,John Beery,2
David Parse,Laurie Edelstein,2
David Parse,Nicholas Cutaia,2
John Beery,Judge Pauley,2
John Beery,Laurie Edelstein,2
John Beery,Matt Coleman,2
John Beery,Nicholas Cutaia,2
John Beery,Stanley J Okula,2
Judge Pauley,Matt Coleman,2
Judge Pauley,Nicholas Cutaia,2
Laurie Edelstein,Matt Coleman,2
Laurie Edelstein,Nicholas Cutaia,2
Laurie Edelstein,Stanley J Okula,2
Matt Coleman,Nicholas Cutaia,2
Matt Coleman,Stanley J Okula,2
Nicholas Cutaia,Stanley J Okula,2
Catherine M Conrad,David Benhamou,2
Catherine Conrad,Stephen Gillers,2
Bombardier Recreational Prod Inc,John Doe Agency,2
Bombardier Recreational Prod Inc,John Doe Corp.,2
Bombardier Recreational Prod Inc,Linda Rs,2
Bombardier Recreational Prod Inc,Pyramid Co Of Onondaga,2
Bombardier Recreational Prod Inc,Richard D,2
John Doe Agency,John Doe Corp.,2
John Doe Agency,Linda Rs,2
John Doe Agency,Pyramid Co Of Onondaga,2
John Doe Agency,Richard D,2
John Doe Corp.,Linda Rs,2
John Doe Corp.,Pyramid Co Of Onondaga,2
John Doe Corp.,Richard D,2
Linda Rs,Pyramid Co Of Onondaga,2
Pyramid Co Of Onondaga,Richard D,2
Andrew Miller,Phil Allen,2
Andrew Miller,Theresa Austerberry,2
James Yetter,Phil Allen,2
James Yetter,Theresa Austerberry,2
Paul Daugerdas,Phil Allen,2
Paul Daugerdas,Theresa Austerberry,2
Phil Allen,Theresa Austerberry,2
Theresa Austerberry,William H Pauley,2
Ghislain Maxwell,Wendy Olson,2
Laurie Edelstein,Theresa Trzskoma,2
Alan Dershowitz,Alex Rossmiller,2
Alan Dershowitz,Alison Moe,2
Alan Dershowitz,Arthur L Aidala,2
Alan Dershowitz,Barry Kamins,2
Alan Dershowitz,Imran H Ansari,2
Alan Dershowitz,John M Leventhal,2
Alex Rossmiller,Virginia Giuffre,2
Andrea M Arrigo,Antoinette Lanteri,2
Andrea M Arrigo,Arthur L Aidala,2
Andrea M Arrigo,Barry Kamins,2
Andrea M Arrigo,Diana Fabi Samson,2
Andrea M Arrigo,Ghislaine Maxwell,2
Andrea M Arrigo,Imran H Ansari,2
Andrea M Arrigo,John M Leventhal,2
Andrea M Arrigo,John S Esposito,2
Andrea M Arrigo,Joseph A Baratta,2
Andrea M Arrigo,Joseph P Baratta,2
Andrea M Arrigo,Lawrence Spasojevich,2
Andrea M Arrigo,Lino J De Masi,2
Andrea M Arrigo,Louis R Aidala,2
Andrea M Arrigo,Marianne E Bertuna,2
Andrea M Arrigo,Michael F Dibenedetto,2
Andrea M Arrigo,Michael T Jaccarino,2
Andrea M Arrigo,Peter S Thomas,2
Andrea M Arrigo,William R Santo,2
Antoinette Lanteri,Arthur L Aidala,2
Antoinette Lanteri,Barry Kamins,2
Antoinette Lanteri,Diana Fabi Samson,2
Antoinette Lanteri,Ghislaine Maxwell,2
Antoinette Lanteri,Imran H Ansari,2
Antoinette Lanteri,John M Leventhal,2
Antoinette Lanteri,John S Esposito,2
Antoinette Lanteri,Joseph A Baratta,2
Antoinette Lanteri,Joseph P Baratta,2
Antoinette Lanteri,Lawrence Spasojevich,2
Antoinette Lanteri,Lino J De Masi,2
Antoinette Lanteri,Louis R Aidala,2
Antoinette Lanteri,Marianne E Bertuna,2
Antoinette Lanteri,Michael F Dibenedetto,2
Antoinette Lanteri,Michael T Jaccarino,2
Antoinette Lanteri,Peter S Thomas,2
Antoinette Lanteri,William R Santo,2
Arthur L Aidala,John S Esposito,2
Arthur L Aidala,Joseph A Baratta,2
Arthur L Aidala,Joseph P Baratta,2
Arthur L Aidala,Lawrence Spasojevich,2
Arthur L Aidala,Lino J De Masi,2
Arthur L Aidala,Louis R Aidala,2
Arthur L Aidala,Marianne E Bertuna,2
Arthur L Aidala,Michael F Dibenedetto,2
Arthur L Aidala,Michael T Jaccarino,2
Arthur L Aidala,Peter S Thomas,2
Arthur L Aidala,Virginia Giuffre,2
Arthur L Aidala,William R Santo,2
Barry Kamins,Diana Fabi Samson,2
Barry Kamins,Ghislaine Maxwell,2
Barry Kamins,John S Esposito,2
Barry Kamins,Joseph A Baratta,2
Barry Kamins,Joseph P Baratta,2
Barry Kamins,Lawrence Spasojevich,2
Barry Kamins,Lino J De Masi,2
Barry Kamins,Louis R Aidala,2
Barry Kamins,Marianne E Bertuna,2
Barry Kamins,Michael F Dibenedetto,2
Barry Kamins,Michael T Jaccarino,2
Barry Kamins,Peter S Thomas,2
Barry Kamins,Virginia Giuffre,2
Barry Kamins,William R Santo,2
Diana Fabi Samson,Imran H Ansari,2
Diana Fabi Samson,John S Esposito,2
Diana Fabi Samson,Joseph A Baratta,2
Diana Fabi Samson,Joseph P Baratta,2
Diana Fabi Samson,Lawrence Spasojevich,2
Diana Fabi Samson,Lino J De Masi,2
Diana Fabi Samson,Louis R Aidala,2
Diana Fabi Samson,Marianne E Bertuna,2
Diana Fabi Samson,Michael F Dibenedetto,2
Diana Fabi Samson,Michael T Jaccarino,2
Diana Fabi Samson,Peter S Thomas,2
Diana Fabi Samson,William R Santo,2
Ghislaine Maxwell,Imran H Ansari,2
Ghislaine Maxwell,John S Esposito,2
Ghislaine Maxwell,Joseph A Baratta,2
Ghislaine Maxwell,Joseph P Baratta,2
Ghislaine Maxwell,Lawrence Spasojevich,2
Ghislaine Maxwell,Lino J De Masi,2
Ghislaine Maxwell,Louis R Aidala,2
Ghislaine Maxwell,Marianne E Bertuna,2
Ghislaine Maxwell,Michael F Dibenedetto,2
Ghislaine Maxwell,Michael T Jaccarino,2
Ghislaine Maxwell,Peter S Thomas,2
Ghislaine Maxwell,William R Santo,2
Imran H Ansari,John S Esposito,2
Imran H Ansari,Joseph A Baratta,2
Imran H Ansari,Joseph P Baratta,2
Imran H Ansari,Lawrence Spasojevich,2
Imran H Ansari,Lino J De Masi,2
Imran H Ansari,Louis R Aidala,2
Imran H Ansari,Marianne E Bertuna,2
Imran H Ansari,Michael F Dibenedetto,2
Imran H Ansari,Michael T Jaccarino,2
Imran H Ansari,Peter S Thomas,2
Imran H Ansari,Virginia Giuffre,2
Imran H Ansari,William R Santo,2
John M Leventhal,John S Esposito,2
John M Leventhal,Joseph A Baratta,2
John M Leventhal,Joseph P Baratta,2
John M Leventhal,Lawrence Spasojevich,2
John M Leventhal,Lino J De Masi,2
John M Leventhal,Louis R Aidala,2
John M Leventhal,Marianne E Bertuna,2
John M Leventhal,Michael F Dibenedetto,2
John M Leventhal,Michael T Jaccarino,2
John M Leventhal,Peter S Thomas,2
John M Leventhal,Virginia Giuffre,2
John M Leventhal,William R Santo,2
John S Esposito,Joseph A Baratta,2
John S Esposito,Joseph P Baratta,2
John S Esposito,Lawrence Spasojevich,2
John S Esposito,Lino J De Masi,2
John S Esposito,Louis R Aidala,2
John S Esposito,Marianne E Bertuna,2
John S Esposito,Michael F Dibenedetto,2
John S Esposito,Michael T Jaccarino,2
John S Esposito,Peter S Thomas,2
John S Esposito,William R Santo,2
Joseph A Baratta,Joseph P Baratta,2
Joseph A Baratta,Lawrence Spasojevich,2
Joseph A Baratta,Lino J De Masi,2
Joseph A Baratta,Louis R Aidala,2
Joseph A Baratta,Marianne E Bertuna,2
Joseph A Baratta,Michael F Dibenedetto,2
Joseph A Baratta,Michael T Jaccarino,2
Joseph A Baratta,Peter S Thomas,2
Joseph A Baratta,William R Santo,2
Joseph P Baratta,Lawrence Spasojevich,2
Joseph P Baratta,Lino J De Masi,2
Joseph P Baratta,Louis R Aidala,2
Joseph P Baratta,Marianne E Bertuna,2
Joseph P Baratta,Michael F Dibenedetto,2
Joseph P Baratta,Michael T Jaccarino,2
Joseph P Baratta,Peter S Thomas,2
Joseph P Baratta,William R Santo,2
Lawrence Spasojevich,Lino J De Masi,2
Lawrence Spasojevich,Louis R Aidala,2
Lawrence Spasojevich,Marianne E Bertuna,2
Lawrence Spasojevich,Michael F Dibenedetto,2
Lawrence Spasojevich,Michael T Jaccarino,2
Lawrence Spasojevich,Peter S Thomas,2
Lawrence Spasojevich,William R Santo,2
Lino J De Masi,Louis R Aidala,2
Lino J De Masi,Marianne E Bertuna,2
Lino J De Masi,Michael F Dibenedetto,2
Lino J De Masi,Michael T Jaccarino,2
Lino J De Masi,Peter S Thomas,2
Lino J De Masi,William R Santo,2
Louis R Aidala,Marianne E Bertuna,2
Louis R Aidala,Michael F Dibenedetto,2
Louis R Aidala,Michael T Jaccarino,2
Louis R Aidala,Peter S Thomas,2
Louis R Aidala,William R Santo,2
Marianne E Bertuna,Michael F Dibenedetto,2
Marianne E Bertuna,Michael T Jaccarino,2
Marianne E Bertuna,Peter S Thomas,2
Marianne E Bertuna,William R Santo,2
Michael F Dibenedetto,Michael T Jaccarino,2
Michael F Dibenedetto,Peter S Thomas,2
Michael F Dibenedetto,William R Santo,2
Michael T Jaccarino,Peter S Thomas,2
Michael T Jaccarino,William R Santo,2
Peter S Thomas,William R Santo,2
David K Parse,Paul Shechtman,2
Paul Shechtman,Preet Bharara,2
Barry H Berke,Laura Edelstein,2
Barry H Berke,Paul Schoeman,2
Barry H Berke,Susan Brune,2
Laura Edelstein,Paul Schoeman,2
Laura Edelstein,Susan Brune,2
Paul Schoeman,Susan Brune,2
Ali Feingold,David Parse,2
Ali Feingold,Justice O'Connor,2
Ali Feingold,Nanette Davis,2
Ali Feingold,Paul Shechtman,2
Ali Feingold,Stanley J Okula,2
David Parse,Justice O'Connor,2
David Parse,Nanette Davis,2
Justice O'Connor,Nanette Davis,2
Justice O'Connor,Paul Shechtman,2
Justice O'Connor,Stanley J Okula,2
Alison J Nathan,Posner J,2
Ghislaine Maxwell,Posner J,2
Jeffrey S Pagliuca,Posner J,2
Ariel Stoddard,Brendan Henry,2
Ariel Stoddard,David Benhamou,2
Ariel Stoddard,David Elbaum,2
Ariel Stoddard,Jenson Smith,2
Ariel Stoddard,Melissa Desori,2
Ariel Stoddard,Nancy Ma,2
Brendan Henry,David Benhamou,2
Brendan Henry,David Elbaum,2
Brendan Henry,Jenson Smith,2
Brendan Henry,Melissa Desori,2
Brendan Henry,Nancy Ma,2
David Benhamou,David Elbaum,2
David Benhamou,Jenson Smith,2
David Benhamou,Melissa Desori,2
David Benhamou,Nancy Ma,2
David Elbaum,Jenson Smith,2
David Elbaum,Melissa Desori,2
David Elbaum,Nancy Ma,2
Jenson Smith,Melissa Desori,2
Jenson Smith,Nancy Ma,2
Melissa Desori,Nancy Ma,2
A Morrison,D Luban,2
A Morrison,D Rhode,2
A Morrison,N Dorsen,2
A Morrison,P Watters,2
A Morrison,R Goldmann,2
A Morrison,R Schrank,2
A Morrison,Stephen Gillers,2
D Luban,D Rhode,2
D Luban,N Dorsen,2
D Luban,P Watters,2
D Luban,R Goldmann,2
D Luban,R Schrank,2
D Rhode,N Dorsen,2
D Rhode,P Watters,2
D Rhode,R Goldmann,2
D Rhode,R Schrank,2
D Rhode,Stephen Gillers,2
N Dorsen,P Watters,2
N Dorsen,R Goldmann,2
N Dorsen,R Schrank,2
N Dorsen,Stephen Gillers,2
P Watters,R Goldmann,2
P Watters,R Schrank,2
P Watters,Stephen Gillers,2
R Goldmann,R Schrank,2
R Goldmann,Stephen Gillers,2
R Schrank,Stephen Gillers,2
Adam Murphy,Bobbi C Sternheim,2
Adam Murphy,Caroline Rule,2
Adam Murphy,Christine Mazzella,2
Adam Murphy,Paul Shechtman,2
Adam Murphy,Sharon Mccarthy,2
Bobbi C Sternheim,Caroline Rule,2
Bobbi C Sternheim,Christine Mazzella,2
Bobbi C Sternheim,Paul Shechtman,2
Bobbi C Sternheim,Sharon Mccarthy,2
Caroline Rule,Christine Mazzella,2
Caroline Rule,Paul Shechtman,2
Caroline Rule,Sharon Mccarthy,2
Christine Mazzella,Paul Shechtman,2
Christine Mazzella,Sharon Mccarthy,2
Paul Shechtman,Sharon Mccarthy,2
Elizabeth Loftus,Lucia Osborne-Crowley,2
Elizabeth Loftus,Scotty David,2
David Parse,Erwin Mayer,2
David Parse,Robert Greisman,2
Denis Field,Erwin Mayer,2
Denis Field,Raymond Craig Brubaker,2
Denis Field,Robert Greisman,2
Donna Guerin,Erwin Mayer,2
Donna Guerin,Raymond Craig Brubaker,2
Erwin Mayer,Raymond Craig Brubaker,2
Erwin Mayer,Robert Greisman,2
Raymond Craig Brubaker,Robert Greisman,2
Raoul Berger,Robert H Bork,2
Raoul Berger,Stephen Gillers,2
Robert H Bork,Stephen Gillers,2
Catherine Conrad,Catherine Morgan Conrad,2
Catherine Conrad,Stanley J Oklua,2
Catherine Morgan Conrad,Frank Rosa,2
Catherine Morgan Conrad,Stanley J Oklua,2
Frank Rosa,Stanley J Oklua,2
David Parse,William B Kavanaugh,2
Donna Kane,Lori Edelstein,2
Donna Kane,Theresa Trzaskoma,2
Lori Edelstein,Theresa Trzaskoma,2
Elizabeth Loftus,Juror No,2
Michael Franck,Monroe Freedman,2
Michael Franck,Richard W Painter,2
Monroe Freedman,Richard W Painter,2
Monroe Freedman,Stephen Gillers,2
Richard W Painter,Stephen Gillers,2
Annie Farmer,Larry Visoski,2
Juan Alessi,Kimberly Espinosa,2
Kimberly Espinosa,Sarah Kellen,2
Dean Kasperzak,Erwin Mayer,2
Dean Kasperzak,Paul Daugerdas,2
Dean Kasperzak,Peter Barnhart,2
Dean Kasperzak,Sara Jane Kasperzak,2
Erwin Mayer,Paul Daugerdas,2
Erwin Mayer,Peter Barnhart,2
Erwin Mayer,Sara Jane Kasperzak,2
Paul Daugerdas,Peter Barnhart,2
Paul Daugerdas,Sara Jane Kasperzak,2
Peter Barnhart,Sara Jane Kasperzak,2
Bin Laden,Guzman Loera,2
Bin Laden,Martha Stewart,2
Guzman Loera,Martha Stewart,2
Alan Dershowitz,Bruce A Green,2
Bruce A Green,Maurene Comey,2
Annie Farmer,Lucia Osborne-Crawley,2
Ghislain Maxwell,Juror No,2
Ghislain Maxwell,Lucia Osborne-Crawley,2
Lucia Osborne-Crawley,Scotty David,2
David Parse,Nanette L Davis,2
David Parse,Preet Bharara,2
Denis Field,Nanette L Davis,2
Denis Field,Preet Bharara,2
Denis Field,Stanley J Okula,2
Donna Guerin,Nanette L Davis,2
Donna Guerin,Preet Bharara,2
Donna Guerin,Stanley J Okula,2
Nanette L Davis,Paul Daugerdas,2
Nanette L Davis,Preet Bharara,2
Nanette L Davis,Stanley J Okula,2
Paul Daugerdas,Preet Bharara,2
Paul Daugerdas,Stanley J Okula,2
Adam Hobson,Ezra Spilke,2
Gus J Solomon,Sandra Day O'Connor,2
Sandra Day O'Connor,Stephen Gillers,2
Barry Berke,Paul Schoeman,2
Alison Moe,Ghislane Maxwell,2
Andrew Rohrbach,Ghislane Maxwell,2
Damian Williams,Ghislane Maxwell,2
Ghislane Maxwell,Lara Pomerantz,2
Ghislane Maxwell,Maurene Comey,2
Annie Farmer,Martha Stewart,2
Alison J Nathan,Isabel Maxwell,2
Juror Payton,Justice Brennan,2
Gus J Solomon,Irving Younger,2
Gus J Solomon,Michael Franck,2
Gus J Solomon,Norman Dorsen,2
Irving Younger,Michael Franck,2
Irving Younger,Norman Dorsen,2
Irving Younger,Stephen Gillers,2
Michael Franck,Norman Dorsen,2
D Luban,Deborah Rhode,2
D Luban,Martha Stewart,2
D Luban,S Lubet,2
Deborah Rhode,Martha Stewart,2
Deborah Rhode,S Lubet,2
Deborah Rhode,Stephen Gillers,2
Martha Stewart,S Lubet,2
Martha Stewart,Stephen Gillers,2
S Lubet,Stephen Gillers,2
Bradley J Edwards,Sigrid S Mccawley,2
Juan Alessi,Ted Waitt,2
Catherine Conrad,William H Pauley,2
Miss Davis,Paul M Daugerdas,2
David Parse,Paul Weiss,2
Paul Weiss,Theresa Trzaskoma,2
Laura A Menninger,Robert Kelso,2
Laura A Menninger,Stephen Flatley,2
Catherine Conrad,Catherine Rosa,2
Catherine Conrad,Frank J Rosa,2
Catherine Rosa,Frank J Rosa,2
Catherine Rosa,Frank Rosa,2
Frank J Rosa,Frank Rosa,2
Justice Blackmun,Justice Cardozo,2
Justice Brennan,Justice Cardozo,2
Adam Hollander,William Kermode,2
Ghislaine Maxwell,Moira Penza,2
Moira Penza,Scotty David,2
Alison J Nathan,Robert Fergus-Jean,2
Ghislaine Maxwell,Jesse M Furman,2
Ghislaine Maxwell,Robert Fergus-Jean,2
Jeffrey S Pagliuca,Jesse M Furman,2
Jeffrey S Pagliuca,Robert Fergus-Jean,2
Jesse M Furman,Robert Fergus-Jean,2
Jeffrey S Pagliuca,Michelle Healy,2
Deputy Weiss,Paul Daugerdas,2
Deputy Weiss,Susan Brune,2
Paul Daugerdas,Susan Brune,2
Dennis Donahue,Ken Renta,2
Andrew Perlman,Norman Dorsen,2
Andrew Perlman,Roy Simon,2
Andrew Perlman,Stephen Gillers,2
Norman Dorsen,Roy Simon,2
Roy Simon,Stephen Gillers,2
Juror No,Linda Rs,2
Juror No,Richard D,2
Alison Moe,Lara Menninger,2
Andrew Rohrbach,Lara Menninger,2
Bobbi C Sternheim,Lara Menninger,2
Christian Everdell,Lara Menninger,2
Ghislaine Maxwell,Lara Menninger,2
Jeffrey Pagliuca,Lara Menninger,2
Lara Menninger,Lara Pomerantz,2
Lara Menninger,Maureen Comey,2
John Maguire,Kathryne Maguire,2
John Maguire,Phil Allen,2
John Maguire,Theresa Parse,2
John Maguire,Thomas E Carnaghi,2
John Maguire,William H Pauley,2
Kathryne Maguire,Phil Allen,2
Kathryne Maguire,Theresa Parse,2
Kathryne Maguire,Thomas E Carnaghi,2
Kathryne Maguire,William H Pauley,2
Phil Allen,Theresa Parse,2
Phil Allen,Thomas E Carnaghi,2
Theresa Parse,Thomas E Carnaghi,2
Thomas E Carnaghi,William H Pauley,2
Carrie Yackee,Charles Bee,2
Carrie Yackee,David K Parse,2
Carrie Yackee,Dawn Forbes,2
Carrie Yackee,Donna Guerin,2
Carrie Yackee,Heather Loeser,2
Carrie Yackee,Lisa Hurley,2
Carrie Yackee,Michael Hammer,2
Carrie Yackee,Paul M Daugerdas,2
Carrie Yackee,Robert Greisman,2
Charles Bee,David K Parse,2
Charles Bee,Dawn Forbes,2
Charles Bee,Donna Guerin,2
Charles Bee,Heather Loeser,2
Charles Bee,John Beery,2
Charles Bee,Lisa Hurley,2
Charles Bee,Michael Hammer,2
Charles Bee,Michael Toporek,2
Charles Bee,Nicole Bencik,2
Charles Bee,Paul M Daugerdas,2
Charles Bee,Robert Greisman,2
Charles Bee,Sheila D Denzler,2
David K Parse,Dawn Forbes,2
David K Parse,Donna Guerin,2
David K Parse,Heather Loeser,2
David K Parse,John Beery,2
David K Parse,Lisa Hurley,2
David K Parse,Michael Hammer,2
David K Parse,Michael Toporek,2
David K Parse,Nicole Bencik,2
David K Parse,Robert Greisman,2
David K Parse,Sheila D Denzler,2
Dawn Forbes,Donna Guerin,2
Dawn Forbes,Heather Loeser,2
Dawn Forbes,John Beery,2
Dawn Forbes,Lisa Hurley,2
Dawn Forbes,Michael Hammer,2
Dawn Forbes,Michael Toporek,2
Dawn Forbes,Nicole Bencik,2
Dawn Forbes,Paul M Daugerdas,2
Dawn Forbes,Robert Greisman,2
Dawn Forbes,Sheila D Denzler,2
Donna Guerin,Heather Loeser,2
Donna Guerin,John Beery,2
Donna Guerin,Lisa Hurley,2
Donna Guerin,Michael Hammer,2
Donna Guerin,Michael Toporek,2
Donna Guerin,Nicole Bencik,2
Donna Guerin,Sheila D Denzler,2
Heather Loeser,John Beery,2
Heather Loeser,Lisa Hurley,2
Heather Loeser,Michael Hammer,2
Heather Loeser,Michael Toporek,2
Heather Loeser,Nicole Bencik,2
Heather Loeser,Paul M Daugerdas,2
Heather Loeser,Robert Greisman,2
Heather Loeser,Sheila D Denzler,2
John Beery,Lisa Hurley,2
John Beery,Michael Hammer,2
John Beery,Michael Toporek,2
John Beery,Nicole Bencik,2
John Beery,Paul M Daugerdas,2
John Beery,Robert Greisman,2
John Beery,Sheila D Denzler,2
Lisa Hurley,Michael Hammer,2
Lisa Hurley,Michael Toporek,2
Lisa Hurley,Nicole Bencik,2
Lisa Hurley,Paul M Daugerdas,2
Lisa Hurley,Robert Greisman,2
Lisa Hurley,Sheila D Denzler,2
Michael Hammer,Michael Toporek,2
Michael Hammer,Nicole Bencik,2
Michael Hammer,Paul M Daugerdas,2
Michael Hammer,Robert Greisman,2
Michael Hammer,Sheila D Denzler,2
Michael Toporek,Nicole Bencik,2
Michael Toporek,Paul M Daugerdas,2
Michael Toporek,Robert Greisman,2
Michael Toporek,Sheila D Denzler,2
Nicole Bencik,Paul M Daugerdas,2
Nicole Bencik,Robert Greisman,2
Paul M Daugerdas,Sheila D Denzler,2
Robert Greisman,Sheila D Denzler,2
Judge Pauley,Laura Joy Edelstein,2
Laura Joy Edelstein,Laurie Edelstein,2
Jeff Solnet,Jeffrey Epstein,2
Jeff Solnet,Jordana Jordy H Feldman,2
Jeffrey Epstein,Jordana Jordy H Feldman,2
Daniel Bates,Donald Trump,2
Daniel Bates,Joe Biden,2
Daniel Bates,Kamala Harris,2
Daniel Bates,Meghan Markle,2
Daniel Bates,Prince Harry,2
Donald Trump,Joe Biden,2
Donald Trump,Kamala Harris,2
Donald Trump,Laura Collins,2
Donald Trump,Meghan Markle,2
Donald Trump,Prince Harry,2
Donald Trump,Scotty David,2
Ghislaine Maxwell,Joe Biden,2
Ghislaine Maxwell,Kamala Harris,2
Ghislaine Maxwell,Meghan Markle,2
Jeffrey Epstein,Joe Biden,2
Jeffrey Epstein,Kamala Harris,2
Jeffrey Epstein,Meghan Markle,2
Jeffrey Epstein,Prince Harry,2
Joe Biden,Kamala Harris,2
Joe Biden,Laura Collins,2
Joe Biden,Meghan Markle,2
Joe Biden,Prince Harry,2
Joe Biden,Scotty David,2
Kamala Harris,Laura Collins,2
Kamala Harris,Meghan Markle,2
Kamala Harris,Prince Harry,2
Kamala Harris,Scotty David,2
Laura Collins,Meghan Markle,2
Laura Collins,Prince Harry,2
Meghan Markle,Prince Harry,2
Meghan Markle,Scotty David,2
Prince Harry,Scotty David,2
Lisa Rocchio,Sarah Kellen,2
Bridget Rodgers,Scott Mordell,2
Scott Mordell,William H Pauley,2
Judge Calabresi,Judge Preska,2
Stephen Gillers,Von Bulow,2
Catherine Conrad,Robert J Conrad,2
Catherine Conrad,Susan E Brune,2
Catherine Conrad,Victor M Serby,2
Catherine Conrad,Viviann Stapp,2
Judge Pauley,Randy Kim,2
Judge Pauley,Robert J Conrad,2
Judge Pauley,Susan E Brune,2
Judge Pauley,Victor M Serby,2
Judge Pauley,Viviann Stapp,2
Randy Kim,Robert J Conrad,2
Randy Kim,Susan E Brune,2
Randy Kim,Victor M Serby,2
Robert J Conrad,Susan E Brune,2
Robert J Conrad,Victor M Serby,2
Robert J Conrad,Viviann Stapp,2
Susan E Brune,Victor M Serby,2
Susan E Brune,Viviann Stapp,2
Victor M Serby,Viviann Stapp,2
Kenneth Starr,Monica Lewinsky,2
Kenneth Starr,President Clinton,2
Kenneth Starr,William Ginsburg,2
Monica Lewinsky,President Clinton,2
Monica Lewinsky,William Ginsburg,2
President Clinton,William Ginsburg,2
Barry H Berke,David Parse,2
Alison J Nathan,Philip Maxwell,2
Ghislaine Maxwell,Philip Maxwell,2
Bob Price,Craig Brubaker,2
Bob Price,Irwin Mayer,2
Bob Price,Rod Mckay,2
Bob Price,William H Pauley,2
Craig Brubaker,Irwin Mayer,2
Craig Brubaker,Rod Mckay,2
Irwin Mayer,Rod Mckay,2
Irwin Mayer,William H Pauley,2
Rod Mckay,William H Pauley,2
Alison J Nathan,Jason Richards,2
Choper J,Marc Rich,2
Choper J,Stephen Gillers,2
Marc Rich,Stephen Gillers,2
Merchant William,Owen Dennis,2
Merchant William,Pape Mark,2
Merchant William,Peterson Ronald A,2
Merchant William,Pollitt Hunter,2
Merchant William,Poncher Lyle,2
Merchant William,Postonvo Eugenio,2
Merchant William,Ragsdale Ce,2
Merchant William,Ragsdale Hv,2
Merchant William,Ragsdale Tl,2
Merchant William,Ragsdale Ts,2
Merchant William,Schuett William G,2
Merchant William,Small Richard Arlene,2
Merchant William,Spector Donald,2
Merchant William,Stuart Thomas,2
Merchant William,Tate Joseph P,2
Merchant William,Vanek Greg,2
Merchant William,Walsh Carol,2
Merchant William,Wiggins Glenn,2
Merchant William,Yang Julie,2
Owen Dennis,Pape Mark,2
Owen Dennis,Peterson Ronald A,2
Owen Dennis,Pollitt Hunter,2
Owen Dennis,Poncher Lyle,2
Owen Dennis,Postonvo Eugenio,2
Owen Dennis,Ragsdale Ce,2
Owen Dennis,Ragsdale Hv,2
Owen Dennis,Ragsdale Tl,2
Owen Dennis,Ragsdale Ts,2
Owen Dennis,Schuett William G,2
Owen Dennis,Small Richard Arlene,2
Owen Dennis,Spector Donald,2
Owen Dennis,Stuart Thomas,2
Owen Dennis,Tate Joseph P,2
Owen Dennis,Vanek Greg,2
Owen Dennis,Walsh Carol,2
Owen Dennis,Wiggins Glenn,2
Owen Dennis,Yang Julie,2
Pape Mark,Peterson Ronald A,2
Pape Mark,Pollitt Hunter,2
Pape Mark,Poncher Lyle,2
Pape Mark,Postonvo Eugenio,2
Pape Mark,Ragsdale Ce,2
Pape Mark,Ragsdale Hv,2
Pape Mark,Ragsdale Tl,2
Pape Mark,Ragsdale Ts,2
Pape Mark,Schuett William G,2
Pape Mark,Small Richard Arlene,2
Pape Mark,Spector Donald,2
Pape Mark,Stuart Thomas,2
Pape Mark,Tate Joseph P,2
Pape Mark,Vanek Greg,2
Pape Mark,Walsh Carol,2
Pape Mark,Wiggins Glenn,2
Pape Mark,Yang Julie,2
Peterson Ronald A,Pollitt Hunter,2
Peterson Ronald A,Poncher Lyle,2
Peterson Ronald A,Postonvo Eugenio,2
Peterson Ronald A,Ragsdale Ce,2
Peterson Ronald A,Ragsdale Hv,2
Peterson Ronald A,Ragsdale Tl,2
Peterson Ronald A,Ragsdale Ts,2
Peterson Ronald A,Schuett William G,2
Peterson Ronald A,Small Richard Arlene,2
Peterson Ronald A,Spector Donald,2
Peterson Ronald A,Stuart Thomas,2
Peterson Ronald A,Tate Joseph P,2
Peterson Ronald A,Vanek Greg,2
Peterson Ronald A,Walsh Carol,2
Peterson Ronald A,Wiggins Glenn,2
Peterson Ronald A,Yang Julie,2
Pollitt Hunter,Poncher Lyle,2
Pollitt Hunter,Postonvo Eugenio,2
Pollitt Hunter,Ragsdale Ce,2
Pollitt Hunter,Ragsdale Hv,2
Pollitt Hunter,Ragsdale Tl,2
Pollitt Hunter,Ragsdale Ts,2
Pollitt Hunter,Schuett William G,2
Pollitt Hunter,Small Richard Arlene,2
Pollitt Hunter,Spector Donald,2
Pollitt Hunter,Stuart Thomas,2
Pollitt Hunter,Tate Joseph P,2
Pollitt Hunter,Vanek Greg,2
Pollitt Hunter,Walsh Carol,2
Pollitt Hunter,Wiggins Glenn,2
Pollitt Hunter,Yang Julie,2
Poncher Lyle,Postonvo Eugenio,2
Poncher Lyle,Ragsdale Ce,2
Poncher Lyle,Ragsdale Hv,2
Poncher Lyle,Ragsdale Tl,2
Poncher Lyle,Ragsdale Ts,2
Poncher Lyle,Schuett William G,2
Poncher Lyle,Small Richard Arlene,2
Poncher Lyle,Spector Donald,2
Poncher Lyle,Stuart Thomas,2
Poncher Lyle,Tate Joseph P,2
Poncher Lyle,Vanek Greg,2
Poncher Lyle,Walsh Carol,2
Poncher Lyle,Wiggins Glenn,2
Poncher Lyle,Yang Julie,2
Postonvo Eugenio,Ragsdale Ce,2
Postonvo Eugenio,Ragsdale Hv,2
Postonvo Eugenio,Ragsdale Tl,2
Postonvo Eugenio,Ragsdale Ts,2
Postonvo Eugenio,Schuett William G,2
Postonvo Eugenio,Small Richard Arlene,2
Postonvo Eugenio,Spector Donald,2
Postonvo Eugenio,Stuart Thomas,2
Postonvo Eugenio,Tate Joseph P,2
Postonvo Eugenio,Vanek Greg,2
Postonvo Eugenio,Walsh Carol,2
Postonvo Eugenio,Wiggins Glenn,2
Postonvo Eugenio,Yang Julie,2
Ragsdale Ce,Ragsdale Hv,2
Ragsdale Ce,Ragsdale Tl,2
Ragsdale Ce,Ragsdale Ts,2
Ragsdale Ce,Schuett William G,2
Ragsdale Ce,Small Richard Arlene,2
Ragsdale Ce,Spector Donald,2
Ragsdale Ce,Stuart Thomas,2
Ragsdale Ce,Tate Joseph P,2
Ragsdale Ce,Vanek Greg,2
Ragsdale Ce,Walsh Carol,2
Ragsdale Ce,Wiggins Glenn,2
Ragsdale Ce,Yang Julie,2
Ragsdale Hv,Ragsdale Tl,2
Ragsdale Hv,Ragsdale Ts,2
Ragsdale Hv,Schuett William G,2
Ragsdale Hv,Small Richard Arlene,2
Ragsdale Hv,Spector Donald,2
Ragsdale Hv,Stuart Thomas,2
Ragsdale Hv,Tate Joseph P,2
Ragsdale Hv,Vanek Greg,2
Ragsdale Hv,Walsh Carol,2
Ragsdale Hv,Wiggins Glenn,2
Ragsdale Hv,Yang Julie,2
Ragsdale Tl,Ragsdale Ts,2
Ragsdale Tl,Schuett William G,2
Ragsdale Tl,Small Richard Arlene,2
Ragsdale Tl,Spector Donald,2
Ragsdale Tl,Stuart Thomas,2
Ragsdale Tl,Tate Joseph P,2
Ragsdale Tl,Vanek Greg,2
Ragsdale Tl,Walsh Carol,2
Ragsdale Tl,Wiggins Glenn,2
Ragsdale Tl,Yang Julie,2
Ragsdale Ts,Schuett William G,2
Ragsdale Ts,Small Richard Arlene,2
Ragsdale Ts,Spector Donald,2
Ragsdale Ts,Stuart Thomas,2
Ragsdale Ts,Tate Joseph P,2
Ragsdale Ts,Vanek Greg,2
Ragsdale Ts,Walsh Carol,2
Ragsdale Ts,Wiggins Glenn,2
Ragsdale Ts,Yang Julie,2
Schuett William G,Small Richard Arlene,2
Schuett William G,Spector Donald,2
Schuett William G,Stuart Thomas,2
Schuett William G,Tate Joseph P,2
Schuett William G,Vanek Greg,2
Schuett William G,Walsh Carol,2
Schuett William G,Wiggins Glenn,2
Schuett William G,Yang Julie,2
Small Richard Arlene,Spector Donald,2
Small Richard Arlene,Stuart Thomas,2
Small Richard Arlene,Tate Joseph P,2
Small Richard Arlene,Vanek Greg,2
Small Richard Arlene,Walsh Carol,2
Small Richard Arlene,Wiggins Glenn,2
Small Richard Arlene,Yang Julie,2
Spector Donald,Stuart Thomas,2
Spector Donald,Tate Joseph P,2
Spector Donald,Vanek Greg,2
Spector Donald,Walsh Carol,2
Spector Donald,Wiggins Glenn,2
Spector Donald,Yang Julie,2
Stuart Thomas,Tate Joseph P,2
Stuart Thomas,Vanek Greg,2
Stuart Thomas,Walsh Carol,2
Stuart Thomas,Wiggins Glenn,2
Stuart Thomas,Yang Julie,2
Tate Joseph P,Vanek Greg,2
Tate Joseph P,Walsh Carol,2
Tate Joseph P,Wiggins Glenn,2
Tate Joseph P,Yang Julie,2
Vanek Greg,Walsh Carol,2
Vanek Greg,Wiggins Glenn,2
Vanek Greg,Yang Julie,2
Walsh Carol,Wiggins Glenn,2
Walsh Carol,Yang Julie,2
Wiggins Glenn,Yang Julie,2
Christian R Everdell,Ruby J Krajick,2
Ghislaine Maxwell,Ruby J Krajick,2
Juan Alessi,Nicole Hesse,2
Alison J Nathan,Betty Maxwell,2
Alison J Nathan,Robert Maxwell,2
Betty Maxwell,Ghislaine Maxwell,2
Betty Maxwell,Robert Maxwell,2
Alan W Friedberg,Catherine M Conrad,2
Alan W Friedberg,David B Saxe,2
Alan W Friedberg,David Friedman,2
Alan W Friedberg,Eugene Nardelli,2
Alan W Friedberg,James M Mcguire,2
Alan W Friedberg,John W Sweeny,2
Alan W Friedberg,Kevin Ef O'Sullivan,2
Alan W Friedberg,Victor M Serby,2
Catherine M Conrad,David B Saxe,2
Catherine M Conrad,David Friedman,2
Catherine M Conrad,Eugene Nardelli,2
Catherine M Conrad,James M Mcguire,2
Catherine M Conrad,John W Sweeny,2
Catherine M Conrad,Kevin Ef O'Sullivan,2
Catherine M Conrad,Victor M Serby,2
David B Saxe,David Friedman,2
David B Saxe,Eugene Nardelli,2
David B Saxe,James M Mcguire,2
David B Saxe,John W Sweeny,2
David B Saxe,Kevin Ef O'Sullivan,2
David B Saxe,Victor M Serby,2
David Friedman,Eugene Nardelli,2
David Friedman,James M Mcguire,2
David Friedman,John W Sweeny,2
David Friedman,Kevin Ef O'Sullivan,2
David Friedman,Victor M Serby,2
Eugene Nardelli,James M Mcguire,2
Eugene Nardelli,John W Sweeny,2
Eugene Nardelli,Kevin Ef O'Sullivan,2
Eugene Nardelli,Victor M Serby,2
James M Mcguire,John W Sweeny,2
James M Mcguire,Kevin Ef O'Sullivan,2
James M Mcguire,Victor M Serby,2
John W Sweeny,Kevin Ef O'Sullivan,2
John W Sweeny,Victor M Serby,2
Kevin Ef O'Sullivan,Victor M Serby,2
Adam Hollander,Kendra Melrose,2
Adam Hollander,Randy Kim,2
Adam Hollander,Vivienne Stapp,2
Kendra Melrose,Vivienne Stapp,2
Randy Kim,Vivienne Stapp,2
Amy Stevens,Ghislaine Maxwell,2
Anne Frank,Ghislaine Maxwell,2
Ghislaine Maxwell,Noeleen Walder,2
Ghislaine Maxwell,Sarah Palin,2
Alison Moc,Maurene Comey,2
Judge Berman,Sarah Ransome,2
Alison J Nathan,Emmy Taylor,2
Charles B Sklarsky,Chris C Gair,2
Charles B Sklarsky,David K Parse,2
Charles B Sklarsky,Denis M Field,2
Charles B Sklarsky,Donna M Guerin,2
Charles B Sklarsky,Jason Hernandez,2
Charles B Sklarsky,Mark L Rotert,2
Charles B Sklarsky,Nanette Davis,2
Charles B Sklarsky,Nicole Allen,2
Charles B Sklarsky,Paul M Daugerdas,2
Charles B Sklarsky,Preet Bharara,2
Charles B Sklarsky,Stanley J Okula,2
Charles B Sklarsky,William H Pauley,2
Chris C Gair,David K Parse,2
Chris C Gair,Denis M Field,2
Chris C Gair,Donna M Guerin,2
Chris C Gair,Jason Hernandez,2
Chris C Gair,Mark L Rotert,2
Chris C Gair,Nanette Davis,2
Chris C Gair,Nicole Allen,2
Chris C Gair,Paul M Daugerdas,2
Chris C Gair,Preet Bharara,2
Chris C Gair,Stanley J Okula,2
Chris C Gair,William H Pauley,2
David K Parse,Denis M Field,2
David K Parse,Donna M Guerin,2
David K Parse,Jason Hernandez,2
David K Parse,Mark L Rotert,2
David K Parse,Nicole Allen,2
Denis M Field,Donna M Guerin,2
Denis M Field,Jason Hernandez,2
Denis M Field,Mark L Rotert,2
Denis M Field,Nanette Davis,2
Denis M Field,Nicole Allen,2
Denis M Field,Paul M Daugerdas,2
Denis M Field,Preet Bharara,2
Denis M Field,Stanley J Okula,2
Denis M Field,William H Pauley,2
Donna M Guerin,Jason Hernandez,2
Donna M Guerin,Mark L Rotert,2
Donna M Guerin,Nanette Davis,2
Donna M Guerin,Nicole Allen,2
Donna M Guerin,Paul M Daugerdas,2
Donna M Guerin,Preet Bharara,2
Donna M Guerin,Stanley J Okula,2
Donna M Guerin,William H Pauley,2
Jason Hernandez,Mark L Rotert,2
Jason Hernandez,Nanette Davis,2
Jason Hernandez,Nicole Allen,2
Jason Hernandez,Paul M Daugerdas,2
Jason Hernandez,Preet Bharara,2
Jason Hernandez,Stanley J Okula,2
Jason Hernandez,William H Pauley,2
Mark L Rotert,Nanette Davis,2
Mark L Rotert,Nicole Allen,2
Mark L Rotert,Paul M Daugerdas,2
Mark L Rotert,Preet Bharara,2
Mark L Rotert,Stanley J Okula,2
Mark L Rotert,William H Pauley,2
Nanette Davis,Nicole Allen,2
Nanette Davis,Paul M Daugerdas,2
Nicole Allen,Paul M Daugerdas,2
Nicole Allen,Preet Bharara,2
Nicole Allen,Stanley J Okula,2
Nicole Allen,William H Pauley,2
Paul M Daugerdas,Preet Bharara,2
Paul M Daugerdas,Stanley J Okula,2
Ghislain Maxwell,Lucia Osborne-Crowley,2
Jeffrey Deyoung,John Mcguire,2
Jeffrey Deyoung,Kathryne Mcguire,2
Jeffrey Deyoung,Phil Allen,2
Jeffrey Deyoung,Susan Manske,2
Jeffrey Deyoung,William H Pauley,2
John Mcguire,Kathryne Mcguire,2
John Mcguire,Phil Allen,2
John Mcguire,Susan Manske,2
John Mcguire,William H Pauley,2
Kathryne Mcguire,Phil Allen,2
Kathryne Mcguire,Susan Manske,2
Kathryne Mcguire,William H Pauley,2
Phil Allen,Susan Manske,2
Susan Manske,William H Pauley,2
Juror No,Prince Andrew,2
David Benhamou,David Parse,2
David Benhamou,Robert Conrad,2
David Parse,Robert Conrad,2
Robert Conrad,Theresa Trzaskoma,2
Bernhardt Goetz,Roy Cohn,2
Bernhardt Goetz,Stephen Gillers,2
Roy Cohn,Stephen Gillers,2
Paul M Daugerdas,Stephen Gillers,2
Stephen Gillers,William H Pauley,2
Brad Edwards,Brittney Henderson,2
Catherine Conrad,Craig Brubaker,2
Catherine Conrad,David Farse,2
Craig Brubaker,David Farse,2
Craig Brubaker,Susan Brune,2
David Farse,Susan Brune,2
Craig Brubaker,David Parse,2
Donna Guerin,William H Pauley,2
Bob Maxwell,Ghislaine Maxwell,2
Bob Maxwell,Ian Maxwell,2
Bob Maxwell,Isabel Maxwell,2
Bob Maxwell,Kevin Maxwell,2
Bob Maxwell,Robert Maxwell,2
Ian Maxwell,Isabel Maxwell,2
Ian Maxwell,Robert Maxwell,2
Isabel Maxwell,Kevin Maxwell,2
Isabel Maxwell,Robert Maxwell,2
Kevin Maxwell,Robert Maxwell,2
Paul M Daugerdas,Warren Seligman,2
Henry J Miller,Howard Lichtenstein,2
Henry J Miller,Paul M Van Arsdell,2
Henry J Miller,Philip B Blank,2
Henry J Miller,Vaughn Walker,2
Henry J Miller,William Lucas,2
Howard Lichtenstein,Paul M Van Arsdell,2
Howard Lichtenstein,Philip B Blank,2
Howard Lichtenstein,Stephen Gillers,2
Howard Lichtenstein,Vaughn Walker,2
Howard Lichtenstein,William Lucas,2
Paul M Van Arsdell,Philip B Blank,2
Paul M Van Arsdell,Stephen Gillers,2
Paul M Van Arsdell,Vaughn Walker,2
Paul M Van Arsdell,William Lucas,2
Philip B Blank,Stephen Gillers,2
Philip B Blank,Vaughn Walker,2
Philip B Blank,William Lucas,2
Stephen Gillers,Vaughn Walker,2
Stephen Gillers,William Lucas,2
Vaughn Walker,William Lucas,2
David Cole,George Ventura,2
David Cole,Kenneth Starr,2
George Ventura,Kenneth Starr,2
Juror No,Luc Cohen,2
Judge Nathan,Sigrid S Mccawley,2
Alex Brown,Andrew Miller,2
Alex Brown,James Yetter,2
Alex Brown,Jason Shih,2
Alex Brown,Kenneth Norwick,2
Alex Brown,Paul Daugerdas,2
Alex Brown,Thomas Carnaghi,2
Alex Brown,William H Pauley,2
Andrew Miller,Jason Shih,2
Andrew Miller,Kenneth Norwick,2
Andrew Miller,Thomas Carnaghi,2
James Yetter,Jason Shih,2
James Yetter,Kenneth Norwick,2
James Yetter,Thomas Carnaghi,2
Jason Shih,Kenneth Norwick,2
Jason Shih,Paul Daugerdas,2
Jason Shih,Thomas Carnaghi,2
Jason Shih,William H Pauley,2
Kenneth Norwick,Paul Daugerdas,2
Kenneth Norwick,Thomas Carnaghi,2
Paul Daugerdas,Thomas Carnaghi,2
Thomas Carnaghi,William H Pauley,2
Barry Berke,Barry H Berke,2
Daniel Nardello,Kendra Melrose,2
Daniel Nardello,Randy Kim,2
Daniel Nardello,Steven Gillers,2
Daniel Nardello,Suann Ingle,2
Daniel Nardello,Viviann Stapp,2
Kendra Melrose,Steven Gillers,2
Kendra Melrose,Suann Ingle,2
Kendra Melrose,Viviann Stapp,2
Randy Kim,Steven Gillers,2
Randy Kim,Suann Ingle,2
Steven Gillers,Suann Ingle,2
Steven Gillers,Viviann Stapp,2
Suann Ingle,Viviann Stapp,2
Alison J Nathan,Ian Maxwell,2
Catherine M Conrad,Theresa Marie Trzaskoma,2
Paul M Daugerdas,Theresa Marie Trzaskoma,2
Albert Pinto,Roger Salhi,2
Albert Pinto,Sally Markham,2
Alison J Nathan,David Mccraw,2
Bridget Rodgers,Kenneth Norwick,2
Allenduff Phillip,Augustine William,2
Allenduff Phillip,Ballisteri James,2
Allenduff Phillip,Ballisteri Rosemarie,2
Allenduff Phillip,Basler Wayne G,2
Allenduff Phillip,Bernard Stephen F,2
Allenduff Phillip,Cairo Michael,2
Allenduff Phillip,Cariths Joel M,2
Allenduff Phillip,Carruth Herman,2
Allenduff Phillip,Deininger Richard,2
Allenduff Phillip,Dotson Kenneth,2
Allenduff Phillip,Eigel Cc,2
Allenduff Phillip,Frigo Arthur,2
Allenduff Phillip,Geasey William,2
Allenduff Phillip,Georgiou John R,2
Allenduff Phillip,Goldberg M,2
Allenduff Phillip,Goldstein Robert,2
Allenduff Phillip,Gorman Robert,2
Allenduff Phillip,Guy Jerry,2
Allenduff Phillip,Jensen Robert Debra,2
Allenduff Phillip,Kelley Phillip Kathy,2
Allenduff Phillip,Koenig Thomas,2
Allenduff Phillip,Lowenberg James A,2
Allenduff Phillip,Martell James,2
Augustine William,Ballisteri James,2
Augustine William,Ballisteri Rosemarie,2
Augustine William,Basler Wayne G,2
Augustine William,Bernard Stephen F,2
Augustine William,Cairo Michael,2
Augustine William,Cariths Joel M,2
Augustine William,Carruth Herman,2
Augustine William,Deininger Richard,2
Augustine William,Dotson Kenneth,2
Augustine William,Eigel Cc,2
Augustine William,Frigo Arthur,2
Augustine William,Geasey William,2
Augustine William,Georgiou John R,2
Augustine William,Goldberg M,2
Augustine William,Goldstein Robert,2
Augustine William,Gorman Robert,2
Augustine William,Guy Jerry,2
Augustine William,Jensen Robert Debra,2
Augustine William,Kelley Phillip Kathy,2
Augustine William,Koenig Thomas,2
Augustine William,Lowenberg James A,2
Augustine William,Martell James,2
Ballisteri James,Ballisteri Rosemarie,2
Ballisteri James,Basler Wayne G,2
Ballisteri James,Bernard Stephen F,2
Ballisteri James,Cairo Michael,2
Ballisteri James,Cariths Joel M,2
Ballisteri James,Carruth Herman,2
Ballisteri James,Deininger Richard,2
Ballisteri James,Dotson Kenneth,2
Ballisteri James,Eigel Cc,2
Ballisteri James,Frigo Arthur,2
Ballisteri James,Geasey William,2
Ballisteri James,Georgiou John R,2
Ballisteri James,Goldberg M,2
Ballisteri James,Goldstein Robert,2
Ballisteri James,Gorman Robert,2
Ballisteri James,Guy Jerry,2
Ballisteri James,Jensen Robert Debra,2
Ballisteri James,Kelley Phillip Kathy,2
Ballisteri James,Koenig Thomas,2
Ballisteri James,Lowenberg James A,2
Ballisteri James,Martell James,2
Ballisteri Rosemarie,Basler Wayne G,2
Ballisteri Rosemarie,Bernard Stephen F,2
Ballisteri Rosemarie,Cairo Michael,2
Ballisteri Rosemarie,Cariths Joel M,2
Ballisteri Rosemarie,Carruth Herman,2
Ballisteri Rosemarie,Deininger Richard,2
Ballisteri Rosemarie,Dotson Kenneth,2
Ballisteri Rosemarie,Eigel Cc,2
Ballisteri Rosemarie,Frigo Arthur,2
Ballisteri Rosemarie,Geasey William,2
Ballisteri Rosemarie,Georgiou John R,2
Ballisteri Rosemarie,Goldberg M,2
Ballisteri Rosemarie,Goldstein Robert,2
Ballisteri Rosemarie,Gorman Robert,2
Ballisteri Rosemarie,Guy Jerry,2
Ballisteri Rosemarie,Jensen Robert Debra,2
Ballisteri Rosemarie,Kelley Phillip Kathy,2
Ballisteri Rosemarie,Koenig Thomas,2
Ballisteri Rosemarie,Lowenberg James A,2
Ballisteri Rosemarie,Martell James,2
Basler Wayne G,Bernard Stephen F,2
Basler Wayne G,Cairo Michael,2
Basler Wayne G,Cariths Joel M,2
Basler Wayne G,Carruth Herman,2
Basler Wayne G,Deininger Richard,2
Basler Wayne G,Dotson Kenneth,2
Basler Wayne G,Eigel Cc,2
Basler Wayne G,Frigo Arthur,2
Basler Wayne G,Geasey William,2
Basler Wayne G,Georgiou John R,2
Basler Wayne G,Goldberg M,2
Basler Wayne G,Goldstein Robert,2
Basler Wayne G,Gorman Robert,2
Basler Wayne G,Guy Jerry,2
Basler Wayne G,Jensen Robert Debra,2
Basler Wayne G,Kelley Phillip Kathy,2
Basler Wayne G,Koenig Thomas,2
Basler Wayne G,Lowenberg James A,2
Basler Wayne G,Martell James,2
Bernard Stephen F,Cairo Michael,2
Bernard Stephen F,Cariths Joel M,2
Bernard Stephen F,Carruth Herman,2
Bernard Stephen F,Deininger Richard,2
Bernard Stephen F,Dotson Kenneth,2
Bernard Stephen F,Eigel Cc,2
Bernard Stephen F,Frigo Arthur,2
Bernard Stephen F,Geasey William,2
Bernard Stephen F,Georgiou John R,2
Bernard Stephen F,Goldberg M,2
Bernard Stephen F,Goldstein Robert,2
Bernard Stephen F,Gorman Robert,2
Bernard Stephen F,Guy Jerry,2
Bernard Stephen F,Jensen Robert Debra,2
Bernard Stephen F,Kelley Phillip Kathy,2
Bernard Stephen F,Koenig Thomas,2
Bernard Stephen F,Lowenberg James A,2
Bernard Stephen F,Martell James,2
Cairo Michael,Cariths Joel M,2
Cairo Michael,Carruth Herman,2
Cairo Michael,Deininger Richard,2
Cairo Michael,Dotson Kenneth,2
Cairo Michael,Eigel Cc,2
Cairo Michael,Frigo Arthur,2
Cairo Michael,Geasey William,2
Cairo Michael,Georgiou John R,2
Cairo Michael,Goldberg M,2
Cairo Michael,Goldstein Robert,2
Cairo Michael,Gorman Robert,2
Cairo Michael,Guy Jerry,2
Cairo Michael,Jensen Robert Debra,2
Cairo Michael,Kelley Phillip Kathy,2
Cairo Michael,Koenig Thomas,2
Cairo Michael,Lowenberg James A,2
Cairo Michael,Martell James,2
Cariths Joel M,Carruth Herman,2
Cariths Joel M,Deininger Richard,2
Cariths Joel M,Dotson Kenneth,2
Cariths Joel M,Eigel Cc,2
Cariths Joel M,Frigo Arthur,2
Cariths Joel M,Geasey William,2
Cariths Joel M,Georgiou John R,2
Cariths Joel M,Goldberg M,2
Cariths Joel M,Goldstein Robert,2
Cariths Joel M,Gorman Robert,2
Cariths Joel M,Guy Jerry,2
Cariths Joel M,Jensen Robert Debra,2
Cariths Joel M,Kelley Phillip Kathy,2
Cariths Joel M,Koenig Thomas,2
Cariths Joel M,Lowenberg James A,2
Cariths Joel M,Martell James,2
Carruth Herman,Deininger Richard,2
Carruth Herman,Dotson Kenneth,2
Carruth Herman,Eigel Cc,2
Carruth Herman,Frigo Arthur,2
Carruth Herman,Geasey William,2
Carruth Herman,Georgiou John R,2
Carruth Herman,Goldberg M,2
Carruth Herman,Goldstein Robert,2
Carruth Herman,Gorman Robert,2
Carruth Herman,Guy Jerry,2
Carruth Herman,Jensen Robert Debra,2
Carruth Herman,Kelley Phillip Kathy,2
Carruth Herman,Koenig Thomas,2
Carruth Herman,Lowenberg James A,2
Carruth Herman,Martell James,2
Deininger Richard,Dotson Kenneth,2
Deininger Richard,Eigel Cc,2
Deininger Richard,Frigo Arthur,2
Deininger Richard,Geasey William,2
Deininger Richard,Georgiou John R,2
Deininger Richard,Goldberg M,2
Deininger Richard,Goldstein Robert,2
Deininger Richard,Gorman Robert,2
Deininger Richard,Guy Jerry,2
Deininger Richard,Jensen Robert Debra,2
Deininger Richard,Kelley Phillip Kathy,2
Deininger Richard,Koenig Thomas,2
Deininger Richard,Lowenberg James A,2
Deininger Richard,Martell James,2
Dotson Kenneth,Eigel Cc,2
Dotson Kenneth,Frigo Arthur,2
Dotson Kenneth,Geasey William,2
Dotson Kenneth,Georgiou John R,2
Dotson Kenneth,Goldberg M,2
Dotson Kenneth,Goldstein Robert,2
Dotson Kenneth,Gorman Robert,2
Dotson Kenneth,Guy Jerry,2
Dotson Kenneth,Jensen Robert Debra,2
Dotson Kenneth,Kelley Phillip Kathy,2
Dotson Kenneth,Koenig Thomas,2
Dotson Kenneth,Lowenberg James A,2
Dotson Kenneth,Martell James,2
Eigel Cc,Frigo Arthur,2
Eigel Cc,Geasey William,2
Eigel Cc,Georgiou John R,2
Eigel Cc,Goldberg M,2
Eigel Cc,Goldstein Robert,2
Eigel Cc,Gorman Robert,2
Eigel Cc,Guy Jerry,2
Eigel Cc,Jensen Robert Debra,2
Eigel Cc,Kelley Phillip Kathy,2
Eigel Cc,Koenig Thomas,2
Eigel Cc,Lowenberg James A,2
Eigel Cc,Martell James,2
Frigo Arthur,Geasey William,2
Frigo Arthur,Georgiou John R,2
Frigo Arthur,Goldberg M,2
Frigo Arthur,Goldstein Robert,2
Frigo Arthur,Gorman Robert,2
Frigo Arthur,Guy Jerry,2
Frigo Arthur,Jensen Robert Debra,2
Frigo Arthur,Kelley Phillip Kathy,2
Frigo Arthur,Koenig Thomas,2
Frigo Arthur,Lowenberg James A,2
Frigo Arthur,Martell James,2
Geasey William,Georgiou John R,2
Geasey William,Goldberg M,2
Geasey William,Goldstein Robert,2
Geasey William,Gorman Robert,2
Geasey William,Guy Jerry,2
Geasey William,Jensen Robert Debra,2
Geasey William,Kelley Phillip Kathy,2
Geasey William,Koenig Thomas,2
Geasey William,Lowenberg James A,2
Geasey William,Martell James,2
Georgiou John R,Goldberg M,2
Georgiou John R,Goldstein Robert,2
Georgiou John R,Gorman Robert,2
Georgiou John R,Guy Jerry,2
Georgiou John R,Jensen Robert Debra,2
Georgiou John R,Kelley Phillip Kathy,2
Georgiou John R,Koenig Thomas,2
Georgiou John R,Lowenberg James A,2
Georgiou John R,Martell James,2
Goldberg M,Goldstein Robert,2
Goldberg M,Gorman Robert,2
Goldberg M,Guy Jerry,2
Goldberg M,Jensen Robert Debra,2
Goldberg M,Kelley Phillip Kathy,2
Goldberg M,Koenig Thomas,2
Goldberg M,Lowenberg James A,2
Goldberg M,Martell James,2
Goldstein Robert,Gorman Robert,2
Goldstein Robert,Guy Jerry,2
Goldstein Robert,Jensen Robert Debra,2
Goldstein Robert,Kelley Phillip Kathy,2
Goldstein Robert,Koenig Thomas,2
Goldstein Robert,Lowenberg James A,2
Goldstein Robert,Martell James,2
Gorman Robert,Guy Jerry,2
Gorman Robert,Jensen Robert Debra,2
Gorman Robert,Kelley Phillip Kathy,2
Gorman Robert,Koenig Thomas,2
Gorman Robert,Lowenberg James A,2
Gorman Robert,Martell James,2
Guy Jerry,Jensen Robert Debra,2
Guy Jerry,Kelley Phillip Kathy,2
Guy Jerry,Koenig Thomas,2
Guy Jerry,Lowenberg James A,2
Guy Jerry,Martell James,2
Jensen Robert Debra,Kelley Phillip Kathy,2
Jensen Robert Debra,Koenig Thomas,2
Jensen Robert Debra,Lowenberg James A,2
Jensen Robert Debra,Martell James,2
Kelley Phillip Kathy,Koenig Thomas,2
Kelley Phillip Kathy,Lowenberg James A,2
Kelley Phillip Kathy,Martell James,2
Koenig Thomas,Lowenberg James A,2
Koenig Thomas,Martell James,2
Lowenberg James A,Martell James,2
Ghislaine Maxwell,Natalya Malyshev,2
Jeffery Epstein,Natalya Malyshev,2
Jeffery Epstein,Sarah Ransome,2
Natalya Malyshev,Sarah Ransome,2
Camille Delgado,Renato Stabile,2
Camille Delgado,Sunny Drescher,2
Alberto Pinto,Roger Salhi,2
Bridget Rodgers,Charles Austerberry,2
Bridget Rodgers,Theresa Parse,2
Charles Austerberry,Theresa Parse,2
Charles Austerberry,William H Pauley,2
Sen Feinstein,Sen Kyl,2
David Parse,Theresa Parse,2
Christian R Everdell,Kelly Bovino,2
Ghislaine Maxwell,Kelly Bovino Umekubo,2
Epstein'S Mother,Juan Alessi,2
Juan Alessi,Michael Casey,2
David Parse,Stephen Gillers,2
Judge Pauley,Paul Shechtman,2
Judge Pauley,Stephen Gillers,2
Paul Shechtman,Stephen Gillers,2
Judge Pauley,Juror No,2
Catherine M Conrad,Dennis Donahue,2
Dennis Donahue,Theresa Trzaskoma,2
Amanda Young,Jeffrey Pagliuca,2
Amanda Young,Laura Pomerantz,2
Bobbi C Sternheim,Laura Pomerantz,2
Christian Everdell,Paul Byrne,2
Jeffrey Pagliuca,Paul Byrne,2
Jeffrey Pagliuca,Renato Stabile,2
Laura Menninger,Paul Byrne,2
Laura Pomerantz,Paul Byrne,2
Laura Pomerantz,Renato Stabile,2
Laura Pomerantz,Sunny Drescher,2
Barry Berke,Catherine Conrad,2
Barry Berke,David Parse,2
Barry Berke,Raymond Craig Brubaker,2
Catherine Conrad,Raymond Craig Brubaker,2
Durie L,Liebling A,2
Durie L,Stiles A,2
Durie L,Tait S,2
Liebling A,Stiles A,2
Liebling A,Tait S,2
Stiles A,Tait S,2
Judge Nathan,Sigrid Mccawley,2
Judge Nathan,Virginia Giuffre,2
Blackmun J,Marshall J,2
Bernard Nussbaum,Hillary Clinton,2
Bernard Nussbaum,Stephen Gillers,2
Hillary Clinton,Stephen Gillers,2
Denis Field,Paul M Daugerdas,2
Lynn Swann,Paul M Daugerdas,2
Annie Farmer,Kate Farmer,2
David Dinkins,Stephen Gillers,2
Margaret E Mabie,Robert Y Lewis,2
Lynn Fontanilla,Sally Markham,2
Jeffrey Epstein,Patrick J Smith,2
Craig Brubaker,Denis Field,2
Craig Brubaker,Paul Daugerdas,2
Daniel Bates,Luc Cohen,2
Laura Collins,Luc Cohen,2
Attorney Tomback,Kenneth R Feinberg,2
Henry J Miller,Jane Loring-Kraft,2
Jane Loring-Kraft,Stephen Gillers,2
Carrie Yackee,Greg Blair,2
Carrie Yackee,Matthew Coleman,2
David Parse,Greg Blair,2
David Parse,Matthew Coleman,2
David Parse,Michael Toporek,2
Greg Blair,Matthew Coleman,2
Greg Blair,Michael Toporek,2
Matthew Coleman,Michael Toporek,2
Carrie Yackee,Sandra Burnside,2
Alison J Nathan,Kevin Maxwell,2
Carrie Yackee,Daniel Aronoff,2
Carrie Yackee,John Beary,2
Carrie Yackee,John V Ivsan,2
Carrie Yackee,Judi Gagnon,2
Carrie Yackee,Judy Gagnon,2
Carrie Yackee,R Craig Brubaker,2
Carrie Yackee,Todd Clendening,2
Daniel Aronoff,David Parse,2
Daniel Aronoff,John Beary,2
Daniel Aronoff,John V Ivsan,2
Daniel Aronoff,Judi Gagnon,2
Daniel Aronoff,Judy Gagnon,2
Daniel Aronoff,Matt Coleman,2
Daniel Aronoff,Nicole Bencik,2
Daniel Aronoff,R Craig Brubaker,2
Daniel Aronoff,Sheila D Denzler,2
Daniel Aronoff,Todd Clendening,2
David Parse,John Beary,2
David Parse,John V Ivsan,2
David Parse,Judi Gagnon,2
David Parse,Judy Gagnon,2
David Parse,Nicole Bencik,2
David Parse,R Craig Brubaker,2
David Parse,Sheila D Denzler,2
David Parse,Todd Clendening,2
John Beary,John V Ivsan,2
John Beary,Judi Gagnon,2
John Beary,Judy Gagnon,2
John Beary,Matt Coleman,2
John Beary,Nicole Bencik,2
John Beary,R Craig Brubaker,2
John Beary,Sheila D Denzler,2
John Beary,Todd Clendening,2
John V Ivsan,Judi Gagnon,2
John V Ivsan,Judy Gagnon,2
John V Ivsan,Matt Coleman,2
John V Ivsan,Nicole Bencik,2
John V Ivsan,R Craig Brubaker,2
John V Ivsan,Sheila D Denzler,2
John V Ivsan,Todd Clendening,2
Judi Gagnon,Judy Gagnon,2
Judi Gagnon,Matt Coleman,2
Judi Gagnon,Nicole Bencik,2
Judi Gagnon,R Craig Brubaker,2
Judi Gagnon,Sheila D Denzler,2
Judi Gagnon,Todd Clendening,2
Judy Gagnon,Matt Coleman,2
Judy Gagnon,Nicole Bencik,2
Judy Gagnon,R Craig Brubaker,2
Judy Gagnon,Sheila D Denzler,2
Judy Gagnon,Todd Clendening,2
Matt Coleman,Nicole Bencik,2
Matt Coleman,R Craig Brubaker,2
Matt Coleman,Sheila D Denzler,2
Matt Coleman,Todd Clendening,2
Nicole Bencik,R Craig Brubaker,2
Nicole Bencik,Todd Clendening,2
R Craig Brubaker,Sheila D Denzler,2
R Craig Brubaker,Todd Clendening,2
Sheila D Denzler,Todd Clendening,2
Alison J Nathan,John Lopez,2
Amanda Young,Timothy Slater,2
Brad Edwards,Paul Byrne,2
Elizabeth Loftus,Elizabeth Nesbitt Kuyrkendall,2
Elizabeth Loftus,John Lopez,2
Elizabeth Loftus,Robert Kelso,2
Elizabeth Nesbitt Kuyrkendall,John Lopez,2
Elizabeth Nesbitt Kuyrkendall,Robert Kelso,2
Jeffrey S Pagliuca,John Lopez,2
Jeffrey S Pagliuca,Kelly Bovino,2
Annie Farmer,Jane Farmer,2
Keating Jp,Monahan J,2
Loftus Ef,Monahan J,2
Bennett Gershman,Damian Williams,2
Damian Williams,Robert Kelso,2
Aleman A,Allison D,2
Aleman A,Best Cl,2
Aleman A,Bruck M,2
Aleman A,Bull R,2
Aleman A,Byrne J,2
Aleman A,Ceci Sj,2
Aleman A,Cederborg Ac,2
Aleman A,Chaffin M,2
Aleman A,Conroy R,2
Aleman A,Cordon Im,2
Aleman A,Dansky Bs,2
Aleman A,Davies Gm,2
Aleman A,Debarra M,2
Aleman A,Edelstein Rr,2
Aleman A,Esplin Pw,2
Aleman A,Farrington Dp,2
Aleman A,Garavan R,2
Aleman A,Ghetti Sa,2
Aleman A,Goddard C,2
Aleman A,Goodman Gs,2
Aleman A,Goudena Pp,2
Aleman A,Greene S,2
Aleman A,Gulbrandsen W,2
Aleman A,Hershkowitz I,2
Aleman A,Hogan D,2
Aleman A,Hollin Cr,2
Aleman A,Jensen Tk,2
Aleman A,Jones Dph,2
Aleman A,Jonson E,2
Aleman A,Jonsson L,2
Aleman A,Kilpatrick Dg,2
Aleman A,Kogan Sm,2
Aleman A,Kristen W,2
Aleman A,Lalor K,2
Aleman A,Lamb M,2
Aleman A,Lamb Me,2
Aleman A,Lanes O,2
Aleman A,Lawson L,2
Aleman A,Lederman Cs,2
Aleman A,Lf L,2
Aleman A,Lindblad F,2
Aleman A,London K,2
Aleman A,Lyon Td,2
Aleman A,Mcelvaney R,2
Aleman A,Mcmurman M,2
Aleman A,Mossige S,2
Aleman A,Mudaly N,2
Aleman A,Olafson E,2
Aleman A,Orbach Y,2
Aleman A,Pipe M,2
Aleman A,Priebe G,2
Aleman A,Quas Ja,2
Aleman A,Reichelt S,2
Aleman A,Resnick Hs,2
Aleman A,Saunders Be,2
Aleman A,Shuman D,2
Aleman A,Sjoberg Rl,2
Aleman A,Sternberg Kj,2
Aleman A,Svedin Cg,2
Aleman A,Tjersland Oa,2
Aleman A,Westcott Hl,2
Allison D,Best Cl,2
Allison D,Bruck M,2
Allison D,Bull R,2
Allison D,Byrne J,2
Allison D,Ceci Sj,2
Allison D,Cederborg Ac,2
Allison D,Chaffin M,2
Allison D,Conroy R,2
Allison D,Cordon Im,2
Allison D,Dansky Bs,2
Allison D,Davies Gm,2
Allison D,Debarra M,2
Allison D,Edelstein Rr,2
Allison D,Esplin Pw,2
Allison D,Farrington Dp,2
Allison D,Garavan R,2
Allison D,Ghetti Sa,2
Allison D,Goddard C,2
Allison D,Goodman Gs,2
Allison D,Goudena Pp,2
Allison D,Greene S,2
Allison D,Gulbrandsen W,2
Allison D,Hershkowitz I,2
Allison D,Hogan D,2
Allison D,Hollin Cr,2
Allison D,Jensen Tk,2
Allison D,Jones Dph,2
Allison D,Jonson E,2
Allison D,Jonsson L,2
Allison D,Kilpatrick Dg,2
Allison D,Kogan Sm,2
Allison D,Kristen W,2
Allison D,Lalor K,2
Allison D,Lamb M,2
Allison D,Lamb Me,2
Allison D,Lanes O,2
Allison D,Lawson L,2
Allison D,Lederman Cs,2
Allison D,Lf L,2
Allison D,Lindblad F,2
Allison D,London K,2
Allison D,Lyon Td,2
Allison D,Mcelvaney R,2
Allison D,Mcmurman M,2
Allison D,Mossige S,2
Allison D,Mudaly N,2
Allison D,Olafson E,2
Allison D,Orbach Y,2
Allison D,Pipe M,2
Allison D,Priebe G,2
Allison D,Quas Ja,2
Allison D,Reichelt S,2
Allison D,Resnick Hs,2
Allison D,Saunders Be,2
Allison D,Shuman D,2
Allison D,Sjoberg Rl,2
Allison D,Sternberg Kj,2
Allison D,Svedin Cg,2
Allison D,Tjersland Oa,2
Allison D,Westcott Hl,2
Best Cl,Bruck M,2
Best Cl,Bull R,2
Best Cl,Byrne J,2
Best Cl,Ceci Sj,2
Best Cl,Cederborg Ac,2
Best Cl,Chaffin M,2
Best Cl,Conroy R,2
Best Cl,Cordon Im,2
Best Cl,Dansky Bs,2
Best Cl,Davies Gm,2
Best Cl,Debarra M,2
Best Cl,Edelstein Rr,2
Best Cl,Esplin Pw,2
Best Cl,Farrington Dp,2
Best Cl,Garavan R,2
Best Cl,Ghetti Sa,2
Best Cl,Goddard C,2
Best Cl,Goodman Gs,2
Best Cl,Goudena Pp,2
Best Cl,Greene S,2
Best Cl,Gulbrandsen W,2
Best Cl,Hershkowitz I,2
Best Cl,Hogan D,2
Best Cl,Hollin Cr,2
Best Cl,Jensen Tk,2
Best Cl,Jones Dph,2
Best Cl,Jonson E,2
Best Cl,Jonsson L,2
Best Cl,Kogan Sm,2
Best Cl,Kristen W,2
Best Cl,Lalor K,2
Best Cl,Lamb M,2
Best Cl,Lamb Me,2
Best Cl,Lanes O,2
Best Cl,Lawson L,2
Best Cl,Lederman Cs,2
Best Cl,Lf L,2
Best Cl,Lindblad F,2
Best Cl,London K,2
Best Cl,Lyon Td,2
Best Cl,Mcelvaney R,2
Best Cl,Mcmurman M,2
Best Cl,Mossige S,2
Best Cl,Mudaly N,2
Best Cl,Olafson E,2
Best Cl,Orbach Y,2
Best Cl,Pipe M,2
Best Cl,Priebe G,2
Best Cl,Quas Ja,2
Best Cl,Reichelt S,2
Best Cl,Shuman D,2
Best Cl,Sjoberg Rl,2
Best Cl,Sternberg Kj,2
Best Cl,Svedin Cg,2
Best Cl,Tjersland Oa,2
Best Cl,Westcott Hl,2
Bruck M,Bull R,2
Bruck M,Byrne J,2
Bruck M,Cederborg Ac,2
Bruck M,Chaffin M,2
Bruck M,Conroy R,2
Bruck M,Cordon Im,2
Bruck M,Dansky Bs,2
Bruck M,Davies Gm,2
Bruck M,Debarra M,2
Bruck M,Edelstein Rr,2
Bruck M,Esplin Pw,2
Bruck M,Farrington Dp,2
Bruck M,Garavan R,2
Bruck M,Ghetti Sa,2
Bruck M,Goddard C,2
Bruck M,Goodman Gs,2
Bruck M,Goudena Pp,2
Bruck M,Hollin Cr,2
Bruck M,Jensen Tk,2
Bruck M,Jones Dph,2
Bruck M,Jonson E,2
Bruck M,Jonsson L,2
Bruck M,Kilpatrick Dg,2
Bruck M,Kogan Sm,2
Bruck M,Kristen W,2
Bruck M,Lalor K,2
Bruck M,Lamb M,2
Bruck M,Lamb Me,2
Bruck M,Lawson L,2
Bruck M,Lederman Cs,2
Bruck M,Lf L,2
Bruck M,Lyon Td,2
Bruck M,Mcmurman M,2
Bruck M,Mudaly N,2
Bruck M,Olafson E,2
Bruck M,Orbach Y,2
Bruck M,Pipe M,2
Bruck M,Priebe G,2
Bruck M,Quas Ja,2
Bruck M,Resnick Hs,2
Bruck M,Saunders Be,2
Bruck M,Shuman D,2
Bruck M,Sjoberg Rl,2
Bruck M,Sternberg Kj,2
Bruck M,Svedin Cg,2
Bruck M,Tjersland Oa,2
Bruck M,Westcott Hl,2
Bull R,Byrne J,2
Bull R,Ceci Sj,2
Bull R,Cederborg Ac,2
Bull R,Chaffin M,2
Bull R,Conroy R,2
Bull R,Cordon Im,2
Bull R,Dansky Bs,2
Bull R,Davies Gm,2
Bull R,Debarra M,2
Bull R,Edelstein Rr,2
Bull R,Esplin Pw,2
Bull R,Farrington Dp,2
Bull R,Garavan R,2
Bull R,Ghetti Sa,2
Bull R,Goddard C,2
Bull R,Goodman Gs,2
Bull R,Goudena Pp,2
Bull R,Greene S,2
Bull R,Gulbrandsen W,2
Bull R,Hershkowitz I,2
Bull R,Hogan D,2
Bull R,Hollin Cr,2
Bull R,Jensen Tk,2
Bull R,Jones Dph,2
Bull R,Jonson E,2
Bull R,Jonsson L,2
Bull R,Kilpatrick Dg,2
Bull R,Kogan Sm,2
Bull R,Kristen W,2
Bull R,Lalor K,2
Bull R,Lamb M,2
Bull R,Lamb Me,2
Bull R,Lanes O,2
Bull R,Lawson L,2
Bull R,Lederman Cs,2
Bull R,Lf L,2
Bull R,Lindblad F,2
Bull R,London K,2
Bull R,Lyon Td,2
Bull R,Mcelvaney R,2
Bull R,Mcmurman M,2
Bull R,Mossige S,2
Bull R,Mudaly N,2
Bull R,Olafson E,2
Bull R,Orbach Y,2
Bull R,Pipe M,2
Bull R,Priebe G,2
Bull R,Quas Ja,2
Bull R,Reichelt S,2
Bull R,Resnick Hs,2
Bull R,Saunders Be,2
Bull R,Shuman D,2
Bull R,Sjoberg Rl,2
Bull R,Sternberg Kj,2
Bull R,Svedin Cg,2
Bull R,Tjersland Oa,2
Bull R,Westcott Hl,2
Byrne J,Ceci Sj,2
Byrne J,Cederborg Ac,2
Byrne J,Chaffin M,2
Byrne J,Conroy R,2
Byrne J,Cordon Im,2
Byrne J,Dansky Bs,2
Byrne J,Davies Gm,2
Byrne J,Debarra M,2
Byrne J,Edelstein Rr,2
Byrne J,Esplin Pw,2
Byrne J,Farrington Dp,2
Byrne J,Garavan R,2
Byrne J,Ghetti Sa,2
Byrne J,Goddard C,2
Byrne J,Goodman Gs,2
Byrne J,Goudena Pp,2
Byrne J,Greene S,2
Byrne J,Gulbrandsen W,2
Byrne J,Hershkowitz I,2
Byrne J,Hogan D,2
Byrne J,Hollin Cr,2
Byrne J,Jensen Tk,2
Byrne J,Jones Dph,2
Byrne J,Jonson E,2
Byrne J,Jonsson L,2
Byrne J,Kilpatrick Dg,2
Byrne J,Kogan Sm,2
Byrne J,Kristen W,2
Byrne J,Lalor K,2
Byrne J,Lamb M,2
Byrne J,Lamb Me,2
Byrne J,Lanes O,2
Byrne J,Lawson L,2
Byrne J,Lederman Cs,2
Byrne J,Lf L,2
Byrne J,Lindblad F,2
Byrne J,London K,2
Byrne J,Lyon Td,2
Byrne J,Mcelvaney R,2
Byrne J,Mcmurman M,2
Byrne J,Mossige S,2
Byrne J,Mudaly N,2
Byrne J,Olafson E,2
Byrne J,Orbach Y,2
Byrne J,Pipe M,2
Byrne J,Priebe G,2
Byrne J,Quas Ja,2
Byrne J,Reichelt S,2
Byrne J,Resnick Hs,2
Byrne J,Saunders Be,2
Byrne J,Shuman D,2
Byrne J,Sjoberg Rl,2
Byrne J,Sternberg Kj,2
Byrne J,Svedin Cg,2
Byrne J,Tjersland Oa,2
Byrne J,Westcott Hl,2
Ceci Sj,Cederborg Ac,2
Ceci Sj,Chaffin M,2
Ceci Sj,Conroy R,2
Ceci Sj,Cordon Im,2
Ceci Sj,Dansky Bs,2
Ceci Sj,Davies Gm,2
Ceci Sj,Debarra M,2
Ceci Sj,Edelstein Rr,2
Ceci Sj,Esplin Pw,2
Ceci Sj,Farrington Dp,2
Ceci Sj,Garavan R,2
Ceci Sj,Ghetti Sa,2
Ceci Sj,Goddard C,2
Ceci Sj,Goodman Gs,2
Ceci Sj,Goudena Pp,2
Ceci Sj,Greene S,2
Ceci Sj,Gulbrandsen W,2
Ceci Sj,Hershkowitz I,2
Ceci Sj,Hogan D,2
Ceci Sj,Hollin Cr,2
Ceci Sj,Jensen Tk,2
Ceci Sj,Jones Dph,2
Ceci Sj,Jonson E,2
Ceci Sj,Jonsson L,2
Ceci Sj,Kilpatrick Dg,2
Ceci Sj,Kogan Sm,2
Ceci Sj,Kristen W,2
Ceci Sj,Lalor K,2
Ceci Sj,Lamb M,2
Ceci Sj,Lamb Me,2
Ceci Sj,Lanes O,2
Ceci Sj,Lawson L,2
Ceci Sj,Lederman Cs,2
Ceci Sj,Lf L,2
Ceci Sj,Lindblad F,2
Ceci Sj,London K,2
Ceci Sj,Lyon Td,2
Ceci Sj,Mcelvaney R,2
Ceci Sj,Mcmurman M,2
Ceci Sj,Mossige S,2
Ceci Sj,Mudaly N,2
Ceci Sj,Olafson E,2
Ceci Sj,Orbach Y,2
Ceci Sj,Pipe M,2
Ceci Sj,Priebe G,2
Ceci Sj,Quas Ja,2
Ceci Sj,Reichelt S,2
Ceci Sj,Resnick Hs,2
Ceci Sj,Saunders Be,2
Ceci Sj,Shuman D,2
Ceci Sj,Sjoberg Rl,2
Ceci Sj,Sternberg Kj,2
Ceci Sj,Svedin Cg,2
Ceci Sj,Tjersland Oa,2
Ceci Sj,Westcott Hl,2
Cederborg Ac,Chaffin M,2
Cederborg Ac,Conroy R,2
Cederborg Ac,Cordon Im,2
Cederborg Ac,Dansky Bs,2
Cederborg Ac,Davies Gm,2
Cederborg Ac,Debarra M,2
Cederborg Ac,Edelstein Rr,2
Cederborg Ac,Esplin Pw,2
Cederborg Ac,Farrington Dp,2
Cederborg Ac,Garavan R,2
Cederborg Ac,Ghetti Sa,2
Cederborg Ac,Goddard C,2
Cederborg Ac,Goodman Gs,2
Cederborg Ac,Goudena Pp,2
Cederborg Ac,Greene S,2
Cederborg Ac,Gulbrandsen W,2
Cederborg Ac,Hershkowitz I,2
Cederborg Ac,Hogan D,2
Cederborg Ac,Hollin Cr,2
Cederborg Ac,Jensen Tk,2
Cederborg Ac,Jones Dph,2
Cederborg Ac,Jonson E,2
Cederborg Ac,Jonsson L,2
Cederborg Ac,Kilpatrick Dg,2
Cederborg Ac,Kogan Sm,2
Cederborg Ac,Kristen W,2
Cederborg Ac,Lalor K,2
Cederborg Ac,Lamb M,2
Cederborg Ac,Lamb Me,2
Cederborg Ac,Lanes O,2
Cederborg Ac,Lawson L,2
Cederborg Ac,Lederman Cs,2
Cederborg Ac,Lf L,2
Cederborg Ac,Lindblad F,2
Cederborg Ac,London K,2
Cederborg Ac,Lyon Td,2
Cederborg Ac,Mcelvaney R,2
Cederborg Ac,Mcmurman M,2
Cederborg Ac,Mossige S,2
Cederborg Ac,Mudaly N,2
Cederborg Ac,Olafson E,2
Cederborg Ac,Orbach Y,2
Cederborg Ac,Pipe M,2
Cederborg Ac,Priebe G,2
Cederborg Ac,Quas Ja,2
Cederborg Ac,Reichelt S,2
Cederborg Ac,Resnick Hs,2
Cederborg Ac,Saunders Be,2
Cederborg Ac,Shuman D,2
Cederborg Ac,Sjoberg Rl,2
Cederborg Ac,Sternberg Kj,2
Cederborg Ac,Svedin Cg,2
Cederborg Ac,Tjersland Oa,2
Cederborg Ac,Westcott Hl,2
Chaffin M,Conroy R,2
Chaffin M,Cordon Im,2
Chaffin M,Dansky Bs,2
Chaffin M,Davies Gm,2
Chaffin M,Debarra M,2
Chaffin M,Edelstein Rr,2
Chaffin M,Esplin Pw,2
Chaffin M,Farrington Dp,2
Chaffin M,Garavan R,2
Chaffin M,Ghetti Sa,2
Chaffin M,Goddard C,2
Chaffin M,Goodman Gs,2
Chaffin M,Goudena Pp,2
Chaffin M,Greene S,2
Chaffin M,Gulbrandsen W,2
Chaffin M,Hershkowitz I,2
Chaffin M,Hogan D,2
Chaffin M,Hollin Cr,2
Chaffin M,Jensen Tk,2
Chaffin M,Jones Dph,2
Chaffin M,Jonson E,2
Chaffin M,Jonsson L,2
Chaffin M,Kilpatrick Dg,2
Chaffin M,Kogan Sm,2
Chaffin M,Kristen W,2
Chaffin M,Lalor K,2
Chaffin M,Lamb M,2
Chaffin M,Lamb Me,2
Chaffin M,Lanes O,2
Chaffin M,Lawson L,2
Chaffin M,Lederman Cs,2
Chaffin M,Lf L,2
Chaffin M,Lindblad F,2
Chaffin M,London K,2
Chaffin M,Lyon Td,2
Chaffin M,Mcelvaney R,2
Chaffin M,Mcmurman M,2
Chaffin M,Mossige S,2
Chaffin M,Mudaly N,2
Chaffin M,Olafson E,2
Chaffin M,Orbach Y,2
Chaffin M,Pipe M,2
Chaffin M,Priebe G,2
Chaffin M,Quas Ja,2
Chaffin M,Reichelt S,2
Chaffin M,Resnick Hs,2
Chaffin M,Saunders Be,2
Chaffin M,Shuman D,2
Chaffin M,Sjoberg Rl,2
Chaffin M,Sternberg Kj,2
Chaffin M,Svedin Cg,2
Chaffin M,Tjersland Oa,2
Chaffin M,Westcott Hl,2
Conroy R,Cordon Im,2
Conroy R,Dansky Bs,2
Conroy R,Davies Gm,2
Conroy R,Debarra M,2
Conroy R,Edelstein Rr,2
Conroy R,Esplin Pw,2
Conroy R,Farrington Dp,2
Conroy R,Garavan R,2
Conroy R,Ghetti Sa,2
Conroy R,Goddard C,2
Conroy R,Goodman Gs,2
Conroy R,Goudena Pp,2
Conroy R,Greene S,2
Conroy R,Gulbrandsen W,2
Conroy R,Hershkowitz I,2
Conroy R,Hogan D,2
Conroy R,Hollin Cr,2
Conroy R,Jensen Tk,2
Conroy R,Jones Dph,2
Conroy R,Jonson E,2
Conroy R,Jonsson L,2
Conroy R,Kilpatrick Dg,2
Conroy R,Kogan Sm,2
Conroy R,Kristen W,2
Conroy R,Lalor K,2
Conroy R,Lamb M,2
Conroy R,Lamb Me,2
Conroy R,Lanes O,2
Conroy R,Lawson L,2
Conroy R,Lederman Cs,2
Conroy R,Lf L,2
Conroy R,Lindblad F,2
Conroy R,London K,2
Conroy R,Lyon Td,2
Conroy R,Mcelvaney R,2
Conroy R,Mcmurman M,2
Conroy R,Mossige S,2
Conroy R,Mudaly N,2
Conroy R,Olafson E,2
Conroy R,Orbach Y,2
Conroy R,Pipe M,2
Conroy R,Priebe G,2
Conroy R,Quas Ja,2
Conroy R,Reichelt S,2
Conroy R,Resnick Hs,2
Conroy R,Saunders Be,2
Conroy R,Shuman D,2
Conroy R,Sjoberg Rl,2
Conroy R,Sternberg Kj,2
Conroy R,Svedin Cg,2
Conroy R,Tjersland Oa,2
Conroy R,Westcott Hl,2
Cordon Im,Dansky Bs,2
Cordon Im,Davies Gm,2
Cordon Im,Debarra M,2
Cordon Im,Edelstein Rr,2
Cordon Im,Esplin Pw,2
Cordon Im,Farrington Dp,2
Cordon Im,Garavan R,2
Cordon Im,Ghetti Sa,2
Cordon Im,Goddard C,2
Cordon Im,Goodman Gs,2
Cordon Im,Goudena Pp,2
Cordon Im,Greene S,2
Cordon Im,Gulbrandsen W,2
Cordon Im,Hershkowitz I,2
Cordon Im,Hogan D,2
Cordon Im,Hollin Cr,2
Cordon Im,Jensen Tk,2
Cordon Im,Jones Dph,2
Cordon Im,Jonson E,2
Cordon Im,Jonsson L,2
Cordon Im,Kilpatrick Dg,2
Cordon Im,Kogan Sm,2
Cordon Im,Kristen W,2
Cordon Im,Lalor K,2
Cordon Im,Lamb M,2
Cordon Im,Lamb Me,2
Cordon Im,Lanes O,2
Cordon Im,Lawson L,2
Cordon Im,Lederman Cs,2
Cordon Im,Lf L,2
Cordon Im,Lindblad F,2
Cordon Im,London K,2
Cordon Im,Lyon Td,2
Cordon Im,Mcelvaney R,2
Cordon Im,Mcmurman M,2
Cordon Im,Mossige S,2
Cordon Im,Mudaly N,2
Cordon Im,Olafson E,2
Cordon Im,Orbach Y,2
Cordon Im,Pipe M,2
Cordon Im,Priebe G,2
Cordon Im,Quas Ja,2
Cordon Im,Reichelt S,2
Cordon Im,Resnick Hs,2
Cordon Im,Saunders Be,2
Cordon Im,Shuman D,2
Cordon Im,Sjoberg Rl,2
Cordon Im,Sternberg Kj,2
Cordon Im,Svedin Cg,2
Cordon Im,Tjersland Oa,2
Cordon Im,Westcott Hl,2
Dansky Bs,Davies Gm,2
Dansky Bs,Debarra M,2
Dansky Bs,Edelstein Rr,2
Dansky Bs,Esplin Pw,2
Dansky Bs,Farrington Dp,2
Dansky Bs,Garavan R,2
Dansky Bs,Ghetti Sa,2
Dansky Bs,Goddard C,2
Dansky Bs,Goodman Gs,2
Dansky Bs,Goudena Pp,2
Dansky Bs,Greene S,2
Dansky Bs,Gulbrandsen W,2
Dansky Bs,Hershkowitz I,2
Dansky Bs,Hogan D,2
Dansky Bs,Hollin Cr,2
Dansky Bs,Jensen Tk,2
Dansky Bs,Jones Dph,2
Dansky Bs,Jonson E,2
Dansky Bs,Jonsson L,2
Dansky Bs,Kilpatrick Dg,2
Dansky Bs,Kogan Sm,2
Dansky Bs,Kristen W,2
Dansky Bs,Lalor K,2
Dansky Bs,Lamb M,2
Dansky Bs,Lamb Me,2
Dansky Bs,Lanes O,2
Dansky Bs,Lawson L,2
Dansky Bs,Lederman Cs,2
Dansky Bs,Lf L,2
Dansky Bs,Lindblad F,2
Dansky Bs,London K,2
Dansky Bs,Lyon Td,2
Dansky Bs,Mcelvaney R,2
Dansky Bs,Mcmurman M,2
Dansky Bs,Mossige S,2
Dansky Bs,Mudaly N,2
Dansky Bs,Olafson E,2
Dansky Bs,Orbach Y,2
Dansky Bs,Pipe M,2
Dansky Bs,Priebe G,2
Dansky Bs,Quas Ja,2
Dansky Bs,Reichelt S,2
Dansky Bs,Resnick Hs,2
Dansky Bs,Saunders Be,2
Dansky Bs,Shuman D,2
Dansky Bs,Sjoberg Rl,2
Dansky Bs,Sternberg Kj,2
Dansky Bs,Svedin Cg,2
Dansky Bs,Tjersland Oa,2
Dansky Bs,Westcott Hl,2
Davies Gm,Debarra M,2
Davies Gm,Edelstein Rr,2
Davies Gm,Esplin Pw,2
Davies Gm,Farrington Dp,2
Davies Gm,Garavan R,2
Davies Gm,Ghetti Sa,2
Davies Gm,Goddard C,2
Davies Gm,Goodman Gs,2
Davies Gm,Goudena Pp,2
Davies Gm,Greene S,2
Davies Gm,Gulbrandsen W,2
Davies Gm,Hershkowitz I,2
Davies Gm,Hogan D,2
Davies Gm,Hollin Cr,2
Davies Gm,Jensen Tk,2
Davies Gm,Jones Dph,2
Davies Gm,Jonson E,2
Davies Gm,Jonsson L,2
Davies Gm,Kilpatrick Dg,2
Davies Gm,Kogan Sm,2
Davies Gm,Kristen W,2
Davies Gm,Lalor K,2
Davies Gm,Lamb M,2
Davies Gm,Lamb Me,2
Davies Gm,Lanes O,2
Davies Gm,Lawson L,2
Davies Gm,Lederman Cs,2
Davies Gm,Lf L,2
Davies Gm,Lindblad F,2
Davies Gm,London K,2
Davies Gm,Lyon Td,2
Davies Gm,Mcelvaney R,2
Davies Gm,Mcmurman M,2
Davies Gm,Mossige S,2
Davies Gm,Mudaly N,2
Davies Gm,Olafson E,2
Davies Gm,Orbach Y,2
Davies Gm,Pipe M,2
Davies Gm,Priebe G,2
Davies Gm,Quas Ja,2
Davies Gm,Reichelt S,2
Davies Gm,Resnick Hs,2
Davies Gm,Saunders Be,2
Davies Gm,Shuman D,2
Davies Gm,Sjoberg Rl,2
Davies Gm,Sternberg Kj,2
Davies Gm,Svedin Cg,2
Davies Gm,Tjersland Oa,2
Davies Gm,Westcott Hl,2
Debarra M,Edelstein Rr,2
Debarra M,Esplin Pw,2
Debarra M,Farrington Dp,2
Debarra M,Garavan R,2
Debarra M,Ghetti Sa,2
Debarra M,Goddard C,2
Debarra M,Goodman Gs,2
Debarra M,Goudena Pp,2
Debarra M,Greene S,2
Debarra M,Gulbrandsen W,2
Debarra M,Hershkowitz I,2
Debarra M,Hogan D,2
Debarra M,Hollin Cr,2
Debarra M,Jensen Tk,2
Debarra M,Jones Dph,2
Debarra M,Jonson E,2
Debarra M,Jonsson L,2
Debarra M,Kilpatrick Dg,2
Debarra M,Kogan Sm,2
Debarra M,Kristen W,2
Debarra M,Lalor K,2
Debarra M,Lamb M,2
Debarra M,Lamb Me,2
Debarra M,Lanes O,2
Debarra M,Lawson L,2
Debarra M,Lederman Cs,2
Debarra M,Lf L,2
Debarra M,Lindblad F,2
Debarra M,London K,2
Debarra M,Lyon Td,2
Debarra M,Mcelvaney R,2
Debarra M,Mcmurman M,2
Debarra M,Mossige S,2
Debarra M,Mudaly N,2
Debarra M,Olafson E,2
Debarra M,Orbach Y,2
Debarra M,Pipe M,2
Debarra M,Priebe G,2
Debarra M,Quas Ja,2
Debarra M,Reichelt S,2
Debarra M,Resnick Hs,2
Debarra M,Saunders Be,2
Debarra M,Shuman D,2
Debarra M,Sjoberg Rl,2
Debarra M,Sternberg Kj,2
Debarra M,Svedin Cg,2
Debarra M,Tjersland Oa,2
Debarra M,Westcott Hl,2
Edelstein Rr,Esplin Pw,2
Edelstein Rr,Farrington Dp,2
Edelstein Rr,Garavan R,2
Edelstein Rr,Ghetti Sa,2
Edelstein Rr,Goddard C,2
Edelstein Rr,Goodman Gs,2
Edelstein Rr,Goudena Pp,2
Edelstein Rr,Greene S,2
Edelstein Rr,Gulbrandsen W,2
Edelstein Rr,Hershkowitz I,2
Edelstein Rr,Hogan D,2
Edelstein Rr,Hollin Cr,2
Edelstein Rr,Jensen Tk,2
Edelstein Rr,Jones Dph,2
Edelstein Rr,Jonson E,2
Edelstein Rr,Jonsson L,2
Edelstein Rr,Kilpatrick Dg,2
Edelstein Rr,Kogan Sm,2
Edelstein Rr,Kristen W,2
Edelstein Rr,Lalor K,2
Edelstein Rr,Lamb M,2
Edelstein Rr,Lamb Me,2
Edelstein Rr,Lanes O,2
Edelstein Rr,Lawson L,2
Edelstein Rr,Lederman Cs,2
Edelstein Rr,Lf L,2
Edelstein Rr,Lindblad F,2
Edelstein Rr,London K,2
Edelstein Rr,Lyon Td,2
Edelstein Rr,Mcelvaney R,2
Edelstein Rr,Mcmurman M,2
Edelstein Rr,Mossige S,2
Edelstein Rr,Mudaly N,2
Edelstein Rr,Olafson E,2
Edelstein Rr,Orbach Y,2
Edelstein Rr,Pipe M,2
Edelstein Rr,Priebe G,2
Edelstein Rr,Quas Ja,2
Edelstein Rr,Reichelt S,2
Edelstein Rr,Resnick Hs,2
Edelstein Rr,Saunders Be,2
Edelstein Rr,Shuman D,2
Edelstein Rr,Sjoberg Rl,2
Edelstein Rr,Sternberg Kj,2
Edelstein Rr,Svedin Cg,2
Edelstein Rr,Tjersland Oa,2
Edelstein Rr,Westcott Hl,2
Esplin Pw,Farrington Dp,2
Esplin Pw,Garavan R,2
Esplin Pw,Ghetti Sa,2
Esplin Pw,Goddard C,2
Esplin Pw,Goodman Gs,2
Esplin Pw,Goudena Pp,2
Esplin Pw,Greene S,2
Esplin Pw,Gulbrandsen W,2
Esplin Pw,Hershkowitz I,2
Esplin Pw,Hogan D,2
Esplin Pw,Hollin Cr,2
Esplin Pw,Jensen Tk,2
Esplin Pw,Jones Dph,2
Esplin Pw,Jonson E,2
Esplin Pw,Jonsson L,2
Esplin Pw,Kilpatrick Dg,2
Esplin Pw,Kogan Sm,2
Esplin Pw,Kristen W,2
Esplin Pw,Lalor K,2
Esplin Pw,Lamb M,2
Esplin Pw,Lamb Me,2
Esplin Pw,Lanes O,2
Esplin Pw,Lawson L,2
Esplin Pw,Lederman Cs,2
Esplin Pw,Lf L,2
Esplin Pw,Lindblad F,2
Esplin Pw,London K,2
Esplin Pw,Lyon Td,2
Esplin Pw,Mcelvaney R,2
Esplin Pw,Mcmurman M,2
Esplin Pw,Mossige S,2
Esplin Pw,Mudaly N,2
Esplin Pw,Olafson E,2
Esplin Pw,Orbach Y,2
Esplin Pw,Pipe M,2
Esplin Pw,Priebe G,2
Esplin Pw,Quas Ja,2
Esplin Pw,Reichelt S,2
Esplin Pw,Resnick Hs,2
Esplin Pw,Saunders Be,2
Esplin Pw,Shuman D,2
Esplin Pw,Sjoberg Rl,2
Esplin Pw,Sternberg Kj,2
Esplin Pw,Svedin Cg,2
Esplin Pw,Tjersland Oa,2
Esplin Pw,Westcott Hl,2
Farrington Dp,Garavan R,2
Farrington Dp,Ghetti Sa,2
Farrington Dp,Goddard C,2
Farrington Dp,Goodman Gs,2
Farrington Dp,Goudena Pp,2
Farrington Dp,Greene S,2
Farrington Dp,Gulbrandsen W,2
Farrington Dp,Hershkowitz I,2
Farrington Dp,Hogan D,2
Farrington Dp,Hollin Cr,2
Farrington Dp,Jensen Tk,2
Farrington Dp,Jones Dph,2
Farrington Dp,Jonson E,2
Farrington Dp,Jonsson L,2
Farrington Dp,Kilpatrick Dg,2
Farrington Dp,Kogan Sm,2
Farrington Dp,Kristen W,2
Farrington Dp,Lalor K,2
Farrington Dp,Lamb M,2
Farrington Dp,Lamb Me,2
Farrington Dp,Lanes O,2
Farrington Dp,Lawson L,2
Farrington Dp,Lederman Cs,2
Farrington Dp,Lf L,2
Farrington Dp,Lindblad F,2
Farrington Dp,London K,2
Farrington Dp,Lyon Td,2
Farrington Dp,Mcelvaney R,2
Farrington Dp,Mcmurman M,2
Farrington Dp,Mossige S,2
Farrington Dp,Mudaly N,2
Farrington Dp,Olafson E,2
Farrington Dp,Orbach Y,2
Farrington Dp,Pipe M,2
Farrington Dp,Priebe G,2
Farrington Dp,Quas Ja,2
Farrington Dp,Reichelt S,2
Farrington Dp,Resnick Hs,2
Farrington Dp,Saunders Be,2
Farrington Dp,Shuman D,2
Farrington Dp,Sjoberg Rl,2
Farrington Dp,Sternberg Kj,2
Farrington Dp,Svedin Cg,2
Farrington Dp,Tjersland Oa,2
Farrington Dp,Westcott Hl,2
Garavan R,Ghetti Sa,2
Garavan R,Goddard C,2
Garavan R,Goodman Gs,2
Garavan R,Goudena Pp,2
Garavan R,Greene S,2
Garavan R,Gulbrandsen W,2
Garavan R,Hershkowitz I,2
Garavan R,Hogan D,2
Garavan R,Hollin Cr,2
Garavan R,Jensen Tk,2
Garavan R,Jones Dph,2
Garavan R,Jonson E,2
Garavan R,Jonsson L,2
Garavan R,Kilpatrick Dg,2
Garavan R,Kogan Sm,2
Garavan R,Kristen W,2
Garavan R,Lalor K,2
Garavan R,Lamb M,2
Garavan R,Lamb Me,2
Garavan R,Lanes O,2
Garavan R,Lawson L,2
Garavan R,Lederman Cs,2
Garavan R,Lf L,2
Garavan R,Lindblad F,2
Garavan R,London K,2
Garavan R,Lyon Td,2
Garavan R,Mcelvaney R,2
Garavan R,Mcmurman M,2
Garavan R,Mossige S,2
Garavan R,Mudaly N,2
Garavan R,Olafson E,2
Garavan R,Orbach Y,2
Garavan R,Pipe M,2
Garavan R,Priebe G,2
Garavan R,Quas Ja,2
Garavan R,Reichelt S,2
Garavan R,Resnick Hs,2
Garavan R,Saunders Be,2
Garavan R,Shuman D,2
Garavan R,Sjoberg Rl,2
Garavan R,Sternberg Kj,2
Garavan R,Svedin Cg,2
Garavan R,Tjersland Oa,2
Garavan R,Westcott Hl,2
Ghetti Sa,Goddard C,2
Ghetti Sa,Goodman Gs,2
Ghetti Sa,Goudena Pp,2
Ghetti Sa,Greene S,2
Ghetti Sa,Gulbrandsen W,2
Ghetti Sa,Hershkowitz I,2
Ghetti Sa,Hogan D,2
Ghetti Sa,Hollin Cr,2
Ghetti Sa,Jensen Tk,2
Ghetti Sa,Jones Dph,2
Ghetti Sa,Jonson E,2
Ghetti Sa,Jonsson L,2
Ghetti Sa,Kilpatrick Dg,2
Ghetti Sa,Kogan Sm,2
Ghetti Sa,Kristen W,2
Ghetti Sa,Lalor K,2
Ghetti Sa,Lamb M,2
Ghetti Sa,Lamb Me,2
Ghetti Sa,Lanes O,2
Ghetti Sa,Lawson L,2
Ghetti Sa,Lederman Cs,2
Ghetti Sa,Lf L,2
Ghetti Sa,Lindblad F,2
Ghetti Sa,London K,2
Ghetti Sa,Lyon Td,2
Ghetti Sa,Mcelvaney R,2
Ghetti Sa,Mcmurman M,2
Ghetti Sa,Mossige S,2
Ghetti Sa,Mudaly N,2
Ghetti Sa,Olafson E,2
Ghetti Sa,Orbach Y,2
Ghetti Sa,Pipe M,2
Ghetti Sa,Priebe G,2
Ghetti Sa,Quas Ja,2
Ghetti Sa,Reichelt S,2
Ghetti Sa,Resnick Hs,2
Ghetti Sa,Saunders Be,2
Ghetti Sa,Shuman D,2
Ghetti Sa,Sjoberg Rl,2
Ghetti Sa,Sternberg Kj,2
Ghetti Sa,Svedin Cg,2
Ghetti Sa,Tjersland Oa,2
Ghetti Sa,Westcott Hl,2
Goddard C,Goodman Gs,2
Goddard C,Goudena Pp,2
Goddard C,Greene S,2
Goddard C,Gulbrandsen W,2
Goddard C,Hershkowitz I,2
Goddard C,Hogan D,2
Goddard C,Hollin Cr,2
Goddard C,Jensen Tk,2
Goddard C,Jones Dph,2
Goddard C,Jonson E,2
Goddard C,Jonsson L,2
Goddard C,Kilpatrick Dg,2
Goddard C,Kogan Sm,2
Goddard C,Kristen W,2
Goddard C,Lalor K,2
Goddard C,Lamb M,2
Goddard C,Lamb Me,2
Goddard C,Lanes O,2
Goddard C,Lawson L,2
Goddard C,Lederman Cs,2
Goddard C,Lf L,2
Goddard C,Lindblad F,2
Goddard C,London K,2
Goddard C,Lyon Td,2
Goddard C,Mcelvaney R,2
Goddard C,Mcmurman M,2
Goddard C,Mossige S,2
Goddard C,Mudaly N,2
Goddard C,Olafson E,2
Goddard C,Orbach Y,2
Goddard C,Pipe M,2
Goddard C,Priebe G,2
Goddard C,Quas Ja,2
Goddard C,Reichelt S,2
Goddard C,Resnick Hs,2
Goddard C,Saunders Be,2
Goddard C,Shuman D,2
Goddard C,Sjoberg Rl,2
Goddard C,Sternberg Kj,2
Goddard C,Svedin Cg,2
Goddard C,Tjersland Oa,2
Goddard C,Westcott Hl,2
Goodman Gs,Goudena Pp,2
Goodman Gs,Greene S,2
Goodman Gs,Gulbrandsen W,2
Goodman Gs,Hershkowitz I,2
Goodman Gs,Hogan D,2
Goodman Gs,Hollin Cr,2
Goodman Gs,Jensen Tk,2
Goodman Gs,Jones Dph,2
Goodman Gs,Jonson E,2
Goodman Gs,Jonsson L,2
Goodman Gs,Kilpatrick Dg,2
Goodman Gs,Kogan Sm,2
Goodman Gs,Kristen W,2
Goodman Gs,Lalor K,2
Goodman Gs,Lamb M,2
Goodman Gs,Lamb Me,2
Goodman Gs,Lanes O,2
Goodman Gs,Lawson L,2
Goodman Gs,Lederman Cs,2
Goodman Gs,Lf L,2
Goodman Gs,Lindblad F,2
Goodman Gs,London K,2
Goodman Gs,Lyon Td,2
Goodman Gs,Mcelvaney R,2
Goodman Gs,Mcmurman M,2
Goodman Gs,Mossige S,2
Goodman Gs,Mudaly N,2
Goodman Gs,Olafson E,2
Goodman Gs,Orbach Y,2
Goodman Gs,Pipe M,2
Goodman Gs,Priebe G,2
Goodman Gs,Quas Ja,2
Goodman Gs,Reichelt S,2
Goodman Gs,Resnick Hs,2
Goodman Gs,Saunders Be,2
Goodman Gs,Shuman D,2
Goodman Gs,Sjoberg Rl,2
Goodman Gs,Sternberg Kj,2
Goodman Gs,Svedin Cg,2
Goodman Gs,Tjersland Oa,2
Goodman Gs,Westcott Hl,2
Goudena Pp,Greene S,2
Goudena Pp,Gulbrandsen W,2
Goudena Pp,Hershkowitz I,2
Goudena Pp,Hogan D,2
Goudena Pp,Hollin Cr,2
Goudena Pp,Jensen Tk,2
Goudena Pp,Jones Dph,2
Goudena Pp,Jonson E,2
Goudena Pp,Jonsson L,2
Goudena Pp,Kilpatrick Dg,2
Goudena Pp,Kogan Sm,2
Goudena Pp,Kristen W,2
Goudena Pp,Lalor K,2
Goudena Pp,Lamb M,2
Goudena Pp,Lamb Me,2
Goudena Pp,Lanes O,2
Goudena Pp,Lawson L,2
Goudena Pp,Lederman Cs,2
Goudena Pp,Lf L,2
Goudena Pp,Lindblad F,2
Goudena Pp,London K,2
Goudena Pp,Lyon Td,2
Goudena Pp,Mcelvaney R,2
Goudena Pp,Mcmurman M,2
Goudena Pp,Mossige S,2
Goudena Pp,Mudaly N,2
Goudena Pp,Olafson E,2
Goudena Pp,Orbach Y,2
Goudena Pp,Pipe M,2
Goudena Pp,Priebe G,2
Goudena Pp,Quas Ja,2
Goudena Pp,Reichelt S,2
Goudena Pp,Resnick Hs,2
Goudena Pp,Saunders Be,2
Goudena Pp,Shuman D,2
Goudena Pp,Sjoberg Rl,2
Goudena Pp,Sternberg Kj,2
Goudena Pp,Svedin Cg,2
Goudena Pp,Tjersland Oa,2
Goudena Pp,Westcott Hl,2
Greene S,Hollin Cr,2
Greene S,Jensen Tk,2
Greene S,Jones Dph,2
Greene S,Jonson E,2
Greene S,Jonsson L,2
Greene S,Kilpatrick Dg,2
Greene S,Kogan Sm,2
Greene S,Kristen W,2
Greene S,Lalor K,2
Greene S,Lamb M,2
Greene S,Lamb Me,2
Greene S,Lawson L,2
Greene S,Lederman Cs,2
Greene S,Lf L,2
Greene S,Lyon Td,2
Greene S,Mcmurman M,2
Greene S,Mudaly N,2
Greene S,Olafson E,2
Greene S,Orbach Y,2
Greene S,Pipe M,2
Greene S,Quas Ja,2
Greene S,Resnick Hs,2
Greene S,Saunders Be,2
Greene S,Shuman D,2
Greene S,Sjoberg Rl,2
Greene S,Sternberg Kj,2
Greene S,Svedin Cg,2
Greene S,Tjersland Oa,2
Greene S,Westcott Hl,2
Gulbrandsen W,Hollin Cr,2
Gulbrandsen W,Jensen Tk,2
Gulbrandsen W,Jones Dph,2
Gulbrandsen W,Jonson E,2
Gulbrandsen W,Jonsson L,2
Gulbrandsen W,Kilpatrick Dg,2
Gulbrandsen W,Kogan Sm,2
Gulbrandsen W,Kristen W,2
Gulbrandsen W,Lalor K,2
Gulbrandsen W,Lamb M,2
Gulbrandsen W,Lamb Me,2
Gulbrandsen W,Lawson L,2
Gulbrandsen W,Lederman Cs,2
Gulbrandsen W,Lf L,2
Gulbrandsen W,Lyon Td,2
Gulbrandsen W,Mcmurman M,2
Gulbrandsen W,Mudaly N,2
Gulbrandsen W,Olafson E,2
Gulbrandsen W,Orbach Y,2
Gulbrandsen W,Pipe M,2
Gulbrandsen W,Priebe G,2
Gulbrandsen W,Quas Ja,2
Gulbrandsen W,Resnick Hs,2
Gulbrandsen W,Saunders Be,2
Gulbrandsen W,Shuman D,2
Gulbrandsen W,Sjoberg Rl,2
Gulbrandsen W,Sternberg Kj,2
Gulbrandsen W,Svedin Cg,2
Gulbrandsen W,Tjersland Oa,2
Gulbrandsen W,Westcott Hl,2
Hershkowitz I,Hollin Cr,2
Hershkowitz I,Jensen Tk,2
Hershkowitz I,Jones Dph,2
Hershkowitz I,Jonson E,2
Hershkowitz I,Jonsson L,2
Hershkowitz I,Kilpatrick Dg,2
Hershkowitz I,Kogan Sm,2
Hershkowitz I,Kristen W,2
Hershkowitz I,Lalor K,2
Hershkowitz I,Lamb M,2
Hershkowitz I,Lamb Me,2
Hershkowitz I,Lawson L,2
Hershkowitz I,Lederman Cs,2
Hershkowitz I,Lf L,2
Hershkowitz I,Lyon Td,2
Hershkowitz I,Mcmurman M,2
Hershkowitz I,Mudaly N,2
Hershkowitz I,Olafson E,2
Hershkowitz I,Orbach Y,2
Hershkowitz I,Pipe M,2
Hershkowitz I,Priebe G,2
Hershkowitz I,Quas Ja,2
Hershkowitz I,Resnick Hs,2
Hershkowitz I,Saunders Be,2
Hershkowitz I,Shuman D,2
Hershkowitz I,Sjoberg Rl,2
Hershkowitz I,Sternberg Kj,2
Hershkowitz I,Svedin Cg,2
Hershkowitz I,Tjersland Oa,2
Hershkowitz I,Westcott Hl,2
Hogan D,Hollin Cr,2
Hogan D,Jensen Tk,2
Hogan D,Jones Dph,2
Hogan D,Jonson E,2
Hogan D,Jonsson L,2
Hogan D,Kilpatrick Dg,2
Hogan D,Kogan Sm,2
Hogan D,Kristen W,2
Hogan D,Lalor K,2
Hogan D,Lamb M,2
Hogan D,Lamb Me,2
Hogan D,Lawson L,2
Hogan D,Lederman Cs,2
Hogan D,Lf L,2
Hogan D,Lyon Td,2
Hogan D,Mcmurman M,2
Hogan D,Mudaly N,2
Hogan D,Olafson E,2
Hogan D,Orbach Y,2
Hogan D,Pipe M,2
Hogan D,Quas Ja,2
Hogan D,Resnick Hs,2
Hogan D,Saunders Be,2
Hogan D,Shuman D,2
Hogan D,Sjoberg Rl,2
Hogan D,Sternberg Kj,2
Hogan D,Svedin Cg,2
Hogan D,Tjersland Oa,2
Hogan D,Westcott Hl,2
Hollin Cr,Jensen Tk,2
Hollin Cr,Jones Dph,2
Hollin Cr,Jonson E,2
Hollin Cr,Jonsson L,2
Hollin Cr,Kilpatrick Dg,2
Hollin Cr,Kogan Sm,2
Hollin Cr,Kristen W,2
Hollin Cr,Lalor K,2
Hollin Cr,Lamb M,2
Hollin Cr,Lamb Me,2
Hollin Cr,Lanes O,2
Hollin Cr,Lawson L,2
Hollin Cr,Lederman Cs,2
Hollin Cr,Lf L,2
Hollin Cr,Lindblad F,2
Hollin Cr,London K,2
Hollin Cr,Lyon Td,2
Hollin Cr,Mcelvaney R,2
Hollin Cr,Mcmurman M,2
Hollin Cr,Mossige S,2
Hollin Cr,Mudaly N,2
Hollin Cr,Olafson E,2
Hollin Cr,Orbach Y,2
Hollin Cr,Pipe M,2
Hollin Cr,Priebe G,2
Hollin Cr,Quas Ja,2
Hollin Cr,Reichelt S,2
Hollin Cr,Resnick Hs,2
Hollin Cr,Saunders Be,2
Hollin Cr,Shuman D,2
Hollin Cr,Sjoberg Rl,2
Hollin Cr,Sternberg Kj,2
Hollin Cr,Svedin Cg,2
Hollin Cr,Tjersland Oa,2
Hollin Cr,Westcott Hl,2
Jensen Tk,Jones Dph,2
Jensen Tk,Jonson E,2
Jensen Tk,Jonsson L,2
Jensen Tk,Kilpatrick Dg,2
Jensen Tk,Kogan Sm,2
Jensen Tk,Kristen W,2
Jensen Tk,Lalor K,2
Jensen Tk,Lamb M,2
Jensen Tk,Lamb Me,2
Jensen Tk,Lanes O,2
Jensen Tk,Lawson L,2
Jensen Tk,Lederman Cs,2
Jensen Tk,Lf L,2
Jensen Tk,Lindblad F,2
Jensen Tk,London K,2
Jensen Tk,Lyon Td,2
Jensen Tk,Mcelvaney R,2
Jensen Tk,Mcmurman M,2
Jensen Tk,Mossige S,2
Jensen Tk,Mudaly N,2
Jensen Tk,Olafson E,2
Jensen Tk,Orbach Y,2
Jensen Tk,Pipe M,2
Jensen Tk,Priebe G,2
Jensen Tk,Quas Ja,2
Jensen Tk,Reichelt S,2
Jensen Tk,Resnick Hs,2
Jensen Tk,Saunders Be,2
Jensen Tk,Shuman D,2
Jensen Tk,Sjoberg Rl,2
Jensen Tk,Sternberg Kj,2
Jensen Tk,Svedin Cg,2
Jensen Tk,Tjersland Oa,2
Jensen Tk,Westcott Hl,2
Jones Dph,Jonson E,2
Jones Dph,Jonsson L,2
Jones Dph,Kilpatrick Dg,2
Jones Dph,Kogan Sm,2
Jones Dph,Kristen W,2
Jones Dph,Lalor K,2
Jones Dph,Lamb M,2
Jones Dph,Lamb Me,2
Jones Dph,Lanes O,2
Jones Dph,Lawson L,2
Jones Dph,Lederman Cs,2
Jones Dph,Lf L,2
Jones Dph,Lindblad F,2
Jones Dph,London K,2
Jones Dph,Lyon Td,2
Jones Dph,Mcelvaney R,2
Jones Dph,Mcmurman M,2
Jones Dph,Mossige S,2
Jones Dph,Mudaly N,2
Jones Dph,Olafson E,2
Jones Dph,Orbach Y,2
Jones Dph,Pipe M,2
Jones Dph,Priebe G,2
Jones Dph,Quas Ja,2
Jones Dph,Reichelt S,2
Jones Dph,Resnick Hs,2
Jones Dph,Saunders Be,2
Jones Dph,Shuman D,2
Jones Dph,Sjoberg Rl,2
Jones Dph,Sternberg Kj,2
Jones Dph,Svedin Cg,2
Jones Dph,Tjersland Oa,2
Jones Dph,Westcott Hl,2
Jonson E,Jonsson L,2
Jonson E,Kilpatrick Dg,2
Jonson E,Kogan Sm,2
Jonson E,Kristen W,2
Jonson E,Lalor K,2
Jonson E,Lamb M,2
Jonson E,Lamb Me,2
Jonson E,Lanes O,2
Jonson E,Lawson L,2
Jonson E,Lederman Cs,2
Jonson E,Lf L,2
Jonson E,Lindblad F,2
Jonson E,London K,2
Jonson E,Lyon Td,2
Jonson E,Mcelvaney R,2
Jonson E,Mcmurman M,2
Jonson E,Mossige S,2
Jonson E,Mudaly N,2
Jonson E,Olafson E,2
Jonson E,Orbach Y,2
Jonson E,Pipe M,2
Jonson E,Priebe G,2
Jonson E,Quas Ja,2
Jonson E,Reichelt S,2
Jonson E,Resnick Hs,2
Jonson E,Saunders Be,2
Jonson E,Shuman D,2
Jonson E,Sjoberg Rl,2
Jonson E,Sternberg Kj,2
Jonson E,Svedin Cg,2
Jonson E,Tjersland Oa,2
Jonson E,Westcott Hl,2
Jonsson L,Kilpatrick Dg,2
Jonsson L,Kogan Sm,2
Jonsson L,Kristen W,2
Jonsson L,Lalor K,2
Jonsson L,Lamb M,2
Jonsson L,Lamb Me,2
Jonsson L,Lanes O,2
Jonsson L,Lawson L,2
Jonsson L,Lederman Cs,2
Jonsson L,Lf L,2
Jonsson L,Lindblad F,2
Jonsson L,London K,2
Jonsson L,Lyon Td,2
Jonsson L,Mcelvaney R,2
Jonsson L,Mcmurman M,2
Jonsson L,Mossige S,2
Jonsson L,Mudaly N,2
Jonsson L,Olafson E,2
Jonsson L,Orbach Y,2
Jonsson L,Pipe M,2
Jonsson L,Priebe G,2
Jonsson L,Quas Ja,2
Jonsson L,Reichelt S,2
Jonsson L,Resnick Hs,2
Jonsson L,Saunders Be,2
Jonsson L,Shuman D,2
Jonsson L,Sjoberg Rl,2
Jonsson L,Sternberg Kj,2
Jonsson L,Svedin Cg,2
Jonsson L,Tjersland Oa,2
Jonsson L,Westcott Hl,2
Kilpatrick Dg,Kogan Sm,2
Kilpatrick Dg,Kristen W,2
Kilpatrick Dg,Lalor K,2
Kilpatrick Dg,Lamb M,2
Kilpatrick Dg,Lamb Me,2
Kilpatrick Dg,Lanes O,2
Kilpatrick Dg,Lawson L,2
Kilpatrick Dg,Lederman Cs,2
Kilpatrick Dg,Lf L,2
Kilpatrick Dg,Lindblad F,2
Kilpatrick Dg,London K,2
Kilpatrick Dg,Lyon Td,2
Kilpatrick Dg,Mcelvaney R,2
Kilpatrick Dg,Mcmurman M,2
Kilpatrick Dg,Mossige S,2
Kilpatrick Dg,Mudaly N,2
Kilpatrick Dg,Olafson E,2
Kilpatrick Dg,Orbach Y,2
Kilpatrick Dg,Pipe M,2
Kilpatrick Dg,Priebe G,2
Kilpatrick Dg,Quas Ja,2
Kilpatrick Dg,Reichelt S,2
Kilpatrick Dg,Shuman D,2
Kilpatrick Dg,Sjoberg Rl,2
Kilpatrick Dg,Sternberg Kj,2
Kilpatrick Dg,Svedin Cg,2
Kilpatrick Dg,Tjersland Oa,2
Kilpatrick Dg,Westcott Hl,2
Kogan Sm,Kristen W,2
Kogan Sm,Lalor K,2
Kogan Sm,Lamb M,2
Kogan Sm,Lamb Me,2
Kogan Sm,Lanes O,2
Kogan Sm,Lawson L,2
Kogan Sm,Lederman Cs,2
Kogan Sm,Lf L,2
Kogan Sm,Lindblad F,2
Kogan Sm,London K,2
Kogan Sm,Lyon Td,2
Kogan Sm,Mcelvaney R,2
Kogan Sm,Mcmurman M,2
Kogan Sm,Mossige S,2
Kogan Sm,Mudaly N,2
Kogan Sm,Olafson E,2
Kogan Sm,Orbach Y,2
Kogan Sm,Pipe M,2
Kogan Sm,Priebe G,2
Kogan Sm,Quas Ja,2
Kogan Sm,Reichelt S,2
Kogan Sm,Resnick Hs,2
Kogan Sm,Saunders Be,2
Kogan Sm,Shuman D,2
Kogan Sm,Sjoberg Rl,2
Kogan Sm,Sternberg Kj,2
Kogan Sm,Svedin Cg,2
Kogan Sm,Tjersland Oa,2
Kogan Sm,Westcott Hl,2
Kristen W,Lalor K,2
Kristen W,Lamb M,2
Kristen W,Lamb Me,2
Kristen W,Lanes O,2
Kristen W,Lawson L,2
Kristen W,Lederman Cs,2
Kristen W,Lf L,2
Kristen W,Lindblad F,2
Kristen W,London K,2
Kristen W,Lyon Td,2
Kristen W,Mcelvaney R,2
Kristen W,Mcmurman M,2
Kristen W,Mossige S,2
Kristen W,Mudaly N,2
Kristen W,Olafson E,2
Kristen W,Orbach Y,2
Kristen W,Pipe M,2
Kristen W,Priebe G,2
Kristen W,Quas Ja,2
Kristen W,Reichelt S,2
Kristen W,Resnick Hs,2
Kristen W,Saunders Be,2
Kristen W,Shuman D,2
Kristen W,Sjoberg Rl,2
Kristen W,Sternberg Kj,2
Kristen W,Svedin Cg,2
Kristen W,Tjersland Oa,2
Kristen W,Westcott Hl,2
Lalor K,Lamb M,2
Lalor K,Lamb Me,2
Lalor K,Lanes O,2
Lalor K,Lawson L,2
Lalor K,Lederman Cs,2
Lalor K,Lf L,2
Lalor K,Lindblad F,2
Lalor K,London K,2
Lalor K,Lyon Td,2
Lalor K,Mcelvaney R,2
Lalor K,Mcmurman M,2
Lalor K,Mossige S,2
Lalor K,Mudaly N,2
Lalor K,Olafson E,2
Lalor K,Orbach Y,2
Lalor K,Pipe M,2
Lalor K,Priebe G,2
Lalor K,Quas Ja,2
Lalor K,Reichelt S,2
Lalor K,Resnick Hs,2
Lalor K,Saunders Be,2
Lalor K,Shuman D,2
Lalor K,Sjoberg Rl,2
Lalor K,Sternberg Kj,2
Lalor K,Svedin Cg,2
Lalor K,Tjersland Oa,2
Lalor K,Westcott Hl,2
Lamb M,Lamb Me,2
Lamb M,Lanes O,2
Lamb M,Lawson L,2
Lamb M,Lederman Cs,2
Lamb M,Lf L,2
Lamb M,Lindblad F,2
Lamb M,London K,2
Lamb M,Lyon Td,2
Lamb M,Mcelvaney R,2
Lamb M,Mcmurman M,2
Lamb M,Mossige S,2
Lamb M,Mudaly N,2
Lamb M,Olafson E,2
Lamb M,Orbach Y,2
Lamb M,Pipe M,2
Lamb M,Priebe G,2
Lamb M,Quas Ja,2
Lamb M,Reichelt S,2
Lamb M,Resnick Hs,2
Lamb M,Saunders Be,2
Lamb M,Shuman D,2
Lamb M,Sjoberg Rl,2
Lamb M,Sternberg Kj,2
Lamb M,Svedin Cg,2
Lamb M,Tjersland Oa,2
Lamb M,Westcott Hl,2
Lamb Me,Lanes O,2
Lamb Me,Lawson L,2
Lamb Me,Lederman Cs,2
Lamb Me,Lf L,2
Lamb Me,Lindblad F,2
Lamb Me,London K,2
Lamb Me,Lyon Td,2
Lamb Me,Mcelvaney R,2
Lamb Me,Mcmurman M,2
Lamb Me,Mossige S,2
Lamb Me,Mudaly N,2
Lamb Me,Olafson E,2
Lamb Me,Orbach Y,2
Lamb Me,Pipe M,2
Lamb Me,Priebe G,2
Lamb Me,Quas Ja,2
Lamb Me,Reichelt S,2
Lamb Me,Resnick Hs,2
Lamb Me,Saunders Be,2
Lamb Me,Shuman D,2
Lamb Me,Sjoberg Rl,2
Lamb Me,Sternberg Kj,2
Lamb Me,Svedin Cg,2
Lamb Me,Tjersland Oa,2
Lamb Me,Westcott Hl,2
Lanes O,Lawson L,2
Lanes O,Lederman Cs,2
Lanes O,Lf L,2
Lanes O,Lyon Td,2
Lanes O,Mcmurman M,2
Lanes O,Mudaly N,2
Lanes O,Olafson E,2
Lanes O,Orbach Y,2
Lanes O,Pipe M,2
Lanes O,Priebe G,2
Lanes O,Quas Ja,2
Lanes O,Resnick Hs,2
Lanes O,Saunders Be,2
Lanes O,Shuman D,2
Lanes O,Sjoberg Rl,2
Lanes O,Sternberg Kj,2
Lanes O,Svedin Cg,2
Lanes O,Tjersland Oa,2
Lanes O,Westcott Hl,2
Lawson L,Lederman Cs,2
Lawson L,Lf L,2
Lawson L,Lindblad F,2
Lawson L,London K,2
Lawson L,Lyon Td,2
Lawson L,Mcelvaney R,2
Lawson L,Mcmurman M,2
Lawson L,Mossige S,2
Lawson L,Mudaly N,2
Lawson L,Olafson E,2
Lawson L,Orbach Y,2
Lawson L,Pipe M,2
Lawson L,Priebe G,2
Lawson L,Quas Ja,2
Lawson L,Reichelt S,2
Lawson L,Resnick Hs,2
Lawson L,Saunders Be,2
Lawson L,Shuman D,2
Lawson L,Sjoberg Rl,2
Lawson L,Sternberg Kj,2
Lawson L,Svedin Cg,2
Lawson L,Tjersland Oa,2
Lawson L,Westcott Hl,2
Lederman Cs,Lf L,2
Lederman Cs,Lindblad F,2
Lederman Cs,London K,2
Lederman Cs,Lyon Td,2
Lederman Cs,Mcelvaney R,2
Lederman Cs,Mcmurman M,2
Lederman Cs,Mossige S,2
Lederman Cs,Mudaly N,2
Lederman Cs,Olafson E,2
Lederman Cs,Orbach Y,2
Lederman Cs,Pipe M,2
Lederman Cs,Priebe G,2
Lederman Cs,Quas Ja,2
Lederman Cs,Reichelt S,2
Lederman Cs,Resnick Hs,2
Lederman Cs,Saunders Be,2
Lederman Cs,Shuman D,2
Lederman Cs,Sjoberg Rl,2
Lederman Cs,Sternberg Kj,2
Lederman Cs,Svedin Cg,2
Lederman Cs,Tjersland Oa,2
Lederman Cs,Westcott Hl,2
Lf L,Lindblad F,2
Lf L,London K,2
Lf L,Lyon Td,2
Lf L,Mcelvaney R,2
Lf L,Mcmurman M,2
Lf L,Mossige S,2
Lf L,Mudaly N,2
Lf L,Olafson E,2
Lf L,Orbach Y,2
Lf L,Pipe M,2
Lf L,Priebe G,2
Lf L,Quas Ja,2
Lf L,Reichelt S,2
Lf L,Resnick Hs,2
Lf L,Saunders Be,2
Lf L,Shuman D,2
Lf L,Sjoberg Rl,2
Lf L,Sternberg Kj,2
Lf L,Svedin Cg,2
Lf L,Tjersland Oa,2
Lf L,Westcott Hl,2
Lindblad F,Lyon Td,2
Lindblad F,Mcmurman M,2
Lindblad F,Mudaly N,2
Lindblad F,Olafson E,2
Lindblad F,Orbach Y,2
Lindblad F,Pipe M,2
Lindblad F,Priebe G,2
Lindblad F,Quas Ja,2
Lindblad F,Resnick Hs,2
Lindblad F,Saunders Be,2
Lindblad F,Shuman D,2
Lindblad F,Sjoberg Rl,2
Lindblad F,Sternberg Kj,2
Lindblad F,Svedin Cg,2
Lindblad F,Tjersland Oa,2
Lindblad F,Westcott Hl,2
London K,Lyon Td,2
London K,Mcmurman M,2
London K,Mudaly N,2
London K,Olafson E,2
London K,Orbach Y,2
London K,Pipe M,2
London K,Priebe G,2
London K,Quas Ja,2
London K,Resnick Hs,2
London K,Saunders Be,2
London K,Shuman D,2
London K,Sjoberg Rl,2
London K,Sternberg Kj,2
London K,Svedin Cg,2
London K,Tjersland Oa,2
London K,Westcott Hl,2
Lyon Td,Mcelvaney R,2
Lyon Td,Mcmurman M,2
Lyon Td,Mossige S,2
Lyon Td,Mudaly N,2
Lyon Td,Olafson E,2
Lyon Td,Orbach Y,2
Lyon Td,Pipe M,2
Lyon Td,Priebe G,2
Lyon Td,Quas Ja,2
Lyon Td,Reichelt S,2
Lyon Td,Resnick Hs,2
Lyon Td,Saunders Be,2
Lyon Td,Shuman D,2
Lyon Td,Sjoberg Rl,2
Lyon Td,Sternberg Kj,2
Lyon Td,Svedin Cg,2
Lyon Td,Tjersland Oa,2
Lyon Td,Westcott Hl,2
Mcelvaney R,Mcmurman M,2
Mcelvaney R,Mudaly N,2
Mcelvaney R,Olafson E,2
Mcelvaney R,Orbach Y,2
Mcelvaney R,Pipe M,2
Mcelvaney R,Quas Ja,2
Mcelvaney R,Resnick Hs,2
Mcelvaney R,Saunders Be,2
Mcelvaney R,Shuman D,2
Mcelvaney R,Sjoberg Rl,2
Mcelvaney R,Sternberg Kj,2
Mcelvaney R,Svedin Cg,2
Mcelvaney R,Tjersland Oa,2
Mcelvaney R,Westcott Hl,2
Mcmurman M,Mossige S,2
Mcmurman M,Mudaly N,2
Mcmurman M,Olafson E,2
Mcmurman M,Orbach Y,2
Mcmurman M,Pipe M,2
Mcmurman M,Priebe G,2
Mcmurman M,Quas Ja,2
Mcmurman M,Reichelt S,2
Mcmurman M,Resnick Hs,2
Mcmurman M,Saunders Be,2
Mcmurman M,Shuman D,2
Mcmurman M,Sjoberg Rl,2
Mcmurman M,Sternberg Kj,2
Mcmurman M,Svedin Cg,2
Mcmurman M,Tjersland Oa,2
Mcmurman M,Westcott Hl,2
Mossige S,Mudaly N,2
Mossige S,Olafson E,2
Mossige S,Orbach Y,2
Mossige S,Pipe M,2
Mossige S,Priebe G,2
Mossige S,Quas Ja,2
Mossige S,Resnick Hs,2
Mossige S,Saunders Be,2
Mossige S,Shuman D,2
Mossige S,Sjoberg Rl,2
Mossige S,Sternberg Kj,2
Mossige S,Svedin Cg,2
Mossige S,Tjersland Oa,2
Mossige S,Westcott Hl,2
Mudaly N,Olafson E,2
Mudaly N,Orbach Y,2
Mudaly N,Pipe M,2
Mudaly N,Priebe G,2
Mudaly N,Quas Ja,2
Mudaly N,Reichelt S,2
Mudaly N,Resnick Hs,2
Mudaly N,Saunders Be,2
Mudaly N,Shuman D,2
Mudaly N,Sjoberg Rl,2
Mudaly N,Sternberg Kj,2
Mudaly N,Svedin Cg,2
Mudaly N,Tjersland Oa,2
Mudaly N,Westcott Hl,2
Olafson E,Orbach Y,2
Olafson E,Pipe M,2
Olafson E,Priebe G,2
Olafson E,Quas Ja,2
Olafson E,Reichelt S,2
Olafson E,Resnick Hs,2
Olafson E,Saunders Be,2
Olafson E,Shuman D,2
Olafson E,Sjoberg Rl,2
Olafson E,Sternberg Kj,2
Olafson E,Svedin Cg,2
Olafson E,Tjersland Oa,2
Olafson E,Westcott Hl,2
Orbach Y,Pipe M,2
Orbach Y,Priebe G,2
Orbach Y,Quas Ja,2
Orbach Y,Reichelt S,2
Orbach Y,Resnick Hs,2
Orbach Y,Saunders Be,2
Orbach Y,Shuman D,2
Orbach Y,Sjoberg Rl,2
Orbach Y,Sternberg Kj,2
Orbach Y,Svedin Cg,2
Orbach Y,Tjersland Oa,2
Orbach Y,Westcott Hl,2
Pipe M,Priebe G,2
Pipe M,Quas Ja,2
Pipe M,Reichelt S,2
Pipe M,Resnick Hs,2
Pipe M,Saunders Be,2
Pipe M,Shuman D,2
Pipe M,Sjoberg Rl,2
Pipe M,Sternberg Kj,2
Pipe M,Svedin Cg,2
Pipe M,Tjersland Oa,2
Pipe M,Westcott Hl,2
Priebe G,Quas Ja,2
Priebe G,Reichelt S,2
Priebe G,Resnick Hs,2
Priebe G,Saunders Be,2
Priebe G,Shuman D,2
Priebe G,Sjoberg Rl,2
Priebe G,Sternberg Kj,2
Priebe G,Svedin Cg,2
Priebe G,Tjersland Oa,2
Priebe G,Westcott Hl,2
Quas Ja,Reichelt S,2
Quas Ja,Resnick Hs,2
Quas Ja,Saunders Be,2
Quas Ja,Shuman D,2
Quas Ja,Sjoberg Rl,2
Quas Ja,Sternberg Kj,2
Quas Ja,Svedin Cg,2
Quas Ja,Tjersland Oa,2
Quas Ja,Westcott Hl,2
Reichelt S,Resnick Hs,2
Reichelt S,Saunders Be,2
Reichelt S,Shuman D,2
Reichelt S,Sjoberg Rl,2
Reichelt S,Sternberg Kj,2
Reichelt S,Svedin Cg,2
Reichelt S,Tjersland Oa,2
Reichelt S,Westcott Hl,2
Resnick Hs,Shuman D,2
Resnick Hs,Sjoberg Rl,2
Resnick Hs,Sternberg Kj,2
Resnick Hs,Svedin Cg,2
Resnick Hs,Tjersland Oa,2
Resnick Hs,Westcott Hl,2
Saunders Be,Shuman D,2
Saunders Be,Sjoberg Rl,2
Saunders Be,Sternberg Kj,2
Saunders Be,Svedin Cg,2
Saunders Be,Tjersland Oa,2
Saunders Be,Westcott Hl,2
Shuman D,Sjoberg Rl,2
Shuman D,Sternberg Kj,2
Shuman D,Svedin Cg,2
Shuman D,Tjersland Oa,2
Shuman D,Westcott Hl,2
Sjoberg Rl,Sternberg Kj,2
Sjoberg Rl,Svedin Cg,2
Sjoberg Rl,Tjersland Oa,2
Sjoberg Rl,Westcott Hl,2
Sternberg Kj,Svedin Cg,2
Sternberg Kj,Tjersland Oa,2
Sternberg Kj,Westcott Hl,2
Svedin Cg,Tjersland Oa,2
Svedin Cg,Westcott Hl,2
Tjersland Oa,Westcott Hl,2
Andrew Urdiales,Park Dietz,2
Deepak Kalpoe,Joseph Naso,2
Deepak Kalpoe,Park Dietz,2
Deepak Kalpoe,Phillip C Mcgraw,2
Deepak Kalpoe,Satish Kalpoe,2
Joseph Naso,Park Dietz,2
Joseph Naso,Phillip C Mcgraw,2
Joseph Naso,Satish Kalpoe,2
Park Dietz,Phillip C Mcgraw,2
Park Dietz,Satish Kalpoe,2
Phillip C Mcgraw,Satish Kalpoe,2
Christianson S,Doyle Jm,2
Christianson S,Goodman J,2
Christianson S,Greene E,2
Christianson S,Loftus Ef,2
Christianson S,Loftus Gr,2
Doyle Jm,Schooler Jw,2
Doyle Jm,Wilson L,2
Foster Ra,Loftus Ef,2
Foster Ra,Schooler Jw,2
Goodman J,Tousignant Jp,2
Greene E,Tousignant Jp,2
Loftus Ef,Tousignant Jp,2
Loftus Gr,Schooler Jw,2
Loftus Gr,Tousignant Jp,2
Loftus Gr,Wilson L,2
Appel Jm,Cooke B,2
Appel Jm,Ellis R,2
Appel Jm,Fredrick D,2
Appel Jm,Friedman S,2
Appel Jm,Frierson R,2
Appel Jm,Gold L,2
Appel Jm,Hall Rcw,2
Appel Jm,Hatters Friedman S,2
Appel Jm,Jain A,2
Appel Jm,Kaemph A,2
Appel Jm,Knoll Jl,2
Appel Jm,Lapchenko M,2
Appel Jm,Lee J,2
Appel Jm,Marcus A,2
Appel Jm,Packer S,2
Appel Jm,Rosner R,2
Appel Jm,Scott C,2
Appel Jm,Sorrentino R,2
Appel Jm,Tamburello A,2
Appel Jm,Wagoner R,2
Cooke B,Fredrick D,2
Cooke B,Friedman S,2
Cooke B,Frierson R,2
Cooke B,Gold L,2
Cooke B,Kaemph A,2
Cooke B,Knoll Jl,2
Cooke B,Lapchenko M,2
Cooke B,Lee J,2
Cooke B,Marcus A,2
Cooke B,Rosner R,2
Cooke B,Scott C,2
Ellis R,Fredrick D,2
Ellis R,Friedman S,2
Ellis R,Frierson R,2
Ellis R,Gold L,2
Ellis R,Kaemph A,2
Ellis R,Knoll Jl,2
Ellis R,Lapchenko M,2
Ellis R,Lee J,2
Ellis R,Marcus A,2
Ellis R,Packer S,2
Ellis R,Rosner R,2
Ellis R,Scott C,2
Ellis R,Tamburello A,2
Fredrick D,Friedman S,2
Fredrick D,Frierson R,2
Fredrick D,Gold L,2
Fredrick D,Hall Rcw,2
Fredrick D,Hatters Friedman S,2
Fredrick D,Jain A,2
Fredrick D,Kaemph A,2
Fredrick D,Knoll Jl,2
Fredrick D,Lapchenko M,2
Fredrick D,Lee J,2
Fredrick D,Marcus A,2
Fredrick D,Packer S,2
Fredrick D,Rosner R,2
Fredrick D,Scott C,2
Fredrick D,Sorrentino R,2
Fredrick D,Tamburello A,2
Fredrick D,Wagoner R,2
Friedman S,Frierson R,2
Friedman S,Gold L,2
Friedman S,Jain A,2
Friedman S,Kaemph A,2
Friedman S,Knoll Jl,2
Friedman S,Lapchenko M,2
Friedman S,Lee J,2
Friedman S,Marcus A,2
Friedman S,Packer S,2
Friedman S,Rosner R,2
Friedman S,Scott C,2
Friedman S,Sorrentino R,2
Friedman S,Tamburello A,2
Friedman S,Wagoner R,2
Frierson R,Gold L,2
Frierson R,Hall Rcw,2
Frierson R,Hatters Friedman S,2
Frierson R,Jain A,2
Frierson R,Kaemph A,2
Frierson R,Knoll Jl,2
Frierson R,Lapchenko M,2
Frierson R,Lee J,2
Frierson R,Marcus A,2
Frierson R,Packer S,2
Frierson R,Rosner R,2
Frierson R,Scott C,2
Frierson R,Sorrentino R,2
Frierson R,Tamburello A,2
Frierson R,Wagoner R,2
Gold L,Hall Rcw,2
Gold L,Hatters Friedman S,2
Gold L,Jain A,2
Gold L,Kaemph A,2
Gold L,Knoll Jl,2
Gold L,Lapchenko M,2
Gold L,Lee J,2
Gold L,Marcus A,2
Gold L,Packer S,2
Gold L,Rosner R,2
Gold L,Scott C,2
Gold L,Sorrentino R,2
Gold L,Tamburello A,2
Gold L,Wagoner R,2
Hall Rcw,Kaemph A,2
Hall Rcw,Knoll Jl,2
Hall Rcw,Lapchenko M,2
Hall Rcw,Lee J,2
Hall Rcw,Marcus A,2
Hall Rcw,Rosner R,2
Hatters Friedman S,Kaemph A,2
Hatters Friedman S,Knoll Jl,2
Hatters Friedman S,Lapchenko M,2
Hatters Friedman S,Lee J,2
Hatters Friedman S,Marcus A,2
Hatters Friedman S,Packer S,2
Hatters Friedman S,Rosner R,2
Hatters Friedman S,Tamburello A,2
Jain A,Kaemph A,2
Jain A,Knoll Jl,2
Jain A,Lapchenko M,2
Jain A,Lee J,2
Jain A,Marcus A,2
Jain A,Rosner R,2
Kaemph A,Knoll Jl,2
Kaemph A,Lapchenko M,2
Kaemph A,Lee J,2
Kaemph A,Marcus A,2
Kaemph A,Packer S,2
Kaemph A,Rosner R,2
Kaemph A,Scott C,2
Kaemph A,Sorrentino R,2
Kaemph A,Tamburello A,2
Kaemph A,Wagoner R,2
Knoll Jl,Lapchenko M,2
Knoll Jl,Lee J,2
Knoll Jl,Marcus A,2
Knoll Jl,Packer S,2
Knoll Jl,Rosner R,2
Knoll Jl,Scott C,2
Knoll Jl,Sorrentino R,2
Knoll Jl,Tamburello A,2
Knoll Jl,Wagoner R,2
Lapchenko M,Lee J,2
Lapchenko M,Marcus A,2
Lapchenko M,Packer S,2
Lapchenko M,Rosner R,2
Lapchenko M,Scott C,2
Lapchenko M,Sorrentino R,2
Lapchenko M,Tamburello A,2
Lapchenko M,Wagoner R,2
Lee J,Marcus A,2
Lee J,Packer S,2
Lee J,Rosner R,2
Lee J,Scott C,2
Lee J,Sorrentino R,2
Lee J,Tamburello A,2
Lee J,Wagoner R,2
Marcus A,Packer S,2
Marcus A,Rosner R,2
Marcus A,Scott C,2
Marcus A,Sorrentino R,2
Marcus A,Tamburello A,2
Marcus A,Wagoner R,2
Packer S,Rosner R,2
Packer S,Scott C,2
Packer S,Wagoner R,2
Rosner R,Scott C,2
Rosner R,Sorrentino R,2
Rosner R,Tamburello A,2
Rosner R,Wagoner R,2
Scott C,Tamburello A,2
Scott C,Wagoner R,2
Tamburello A,Wagoner R,2
H Hayne,M Garry,2
Jeffrey Epstein,William Odonohue,2
Jessica Engle,William Odonohue,2
Administrator Feldman,Alison J Nathan,2
Administrator Feldman,Ghislaine Maxwell,2
Doyle Jm,Wortman Cb,2
Loftus Ef,Wortman Cb,2
Loftus Gr,Wortman Cb,2
Abraham J,Gould N,2
Abraham J,Liu C,2
Abraham J,Mccann U,2
Abraham J,Mckibben J,2
Abraham J,Romeus L,2
Abraham J,Tardif I,2
Blakey Re,Gould N,2
Blakey Re,Liu C,2
Blakey Re,Mccann U,2
Blakey Re,Mckibben J,2
Blakey Re,Romeus L,2
Blakey Re,Tardif I,2
Gould N,Hall Rcw,2
Gould N,Hazard Sc,2
Gould N,Liu C,2
Gould N,Marriner B,2
Gould N,Mccann U,2
Gould N,Mckibben J,2
Gould N,Pacheco Ca,2
Gould N,Platt De,2
Gould N,Rich W,2
Gould N,Romeus L,2
Gould N,Ryan C W Hall,2
Gould N,Sarmiento B,2
Gould N,Tardif I,2
Gould N,Tseng T,2
Hall Rcw,Liu C,2
Hall Rcw,Mccann U,2
Hall Rcw,Mckibben J,2
Hall Rcw,Romeus L,2
Hazard Sc,Liu C,2
Hazard Sc,Mccann U,2
Hazard Sc,Mckibben J,2
Hazard Sc,Platt De,2
Hazard Sc,Romeus L,2
Hazard Sc,Tardif I,2
Liu C,Marriner B,2
Liu C,Mccann U,2
Liu C,Mckibben J,2
Liu C,Pacheco Ca,2
Liu C,Platt De,2
Liu C,Rich W,2
Liu C,Romeus L,2
Liu C,Ryan C W Hall,2
Liu C,Sarmiento B,2
Liu C,Tardif I,2
Liu C,Tseng T,2
Marriner B,Mccann U,2
Marriner B,Mckibben J,2
Marriner B,Platt De,2
Marriner B,Romeus L,2
Marriner B,Tardif I,2
Mccann U,Mckibben J,2
Mccann U,Pacheco Ca,2
Mccann U,Platt De,2
Mccann U,Rich W,2
Mccann U,Romeus L,2
Mccann U,Ryan C W Hall,2
Mccann U,Sarmiento B,2
Mccann U,Tardif I,2
Mccann U,Tseng T,2
Mckibben J,Pacheco Ca,2
Mckibben J,Platt De,2
Mckibben J,Rich W,2
Mckibben J,Romeus L,2
Mckibben J,Ryan C W Hall,2
Mckibben J,Sarmiento B,2
Mckibben J,Tardif I,2
Mckibben J,Tseng T,2
Pacheco Ca,Romeus L,2
Pacheco Ca,Tardif I,2
Platt De,Rich W,2
Platt De,Romeus L,2
Platt De,Ryan C W Hall,2
Platt De,Sarmiento B,2
Platt De,Tardif I,2
Platt De,Tseng T,2
Rich W,Romeus L,2
Rich W,Tardif I,2
Romeus L,Ryan C W Hall,2
Romeus L,Sarmiento B,2
Romeus L,Tardif I,2
Romeus L,Tseng T,2
Sarmiento B,Tardif I,2
Tardif I,Tseng T,2
Candilis P,Glezer A,2
Candilis P,Hatters Friedman S,2
Candilis P,Kaufman A,2
Candilis P,Kenedi C,2
Candilis P,Knoll J,2
Candilis P,Mossman D,2
Candilis P,Myers W,2
Candilis P,Scott C,2
Candilis P,Wisner K,2
Glezer A,Kaufman A,2
Glezer A,Kenedi C,2
Glezer A,Knoll J,2
Glezer A,Kolla N,2
Glezer A,Mossman D,2
Glezer A,Myers W,2
Glezer A,Robert Wesley,2
Glezer A,Scott C,2
Hatters Friedman S,Kolla N,2
Hatters Friedman S,Robert Wesley,2
Jain A,Kenedi C,2
Jain A,Knoll J,2
Kaufman A,Kenedi C,2
Kaufman A,Knoll J,2
Kaufman A,Kolla N,2
Kaufman A,Robert Wesley,2
Kaufman A,Scott C,2
Kaufman A,Wisner K,2
Kenedi C,Kolla N,2
Kenedi C,Mossman D,2
Kenedi C,Myers W,2
Kenedi C,Robert Wesley,2
Kenedi C,Scott C,2
Kenedi C,Sorrentino R,2
Kenedi C,Wisner K,2
Knoll J,Kolla N,2
Knoll J,Mossman D,2
Knoll J,Myers W,2
Knoll J,Robert Wesley,2
Knoll J,Scott C,2
Knoll J,Sorrentino R,2
Knoll J,Wisner K,2
Kolla N,Mossman D,2
Kolla N,Myers W,2
Kolla N,Scott C,2
Kolla N,Wisner K,2
Mossman D,Robert Wesley,2
Mossman D,Scott C,2
Mossman D,Wisner K,2
Myers W,Robert Wesley,2
Myers W,Scott C,2
Myers W,Wisner K,2
Robert Wesley,Scott C,2
Robert Wesley,Wisner K,2
Scott C,Wisner K,2
Appleby B,Chapman M,2
Appleby B,Fullerton Cs,2
Appleby B,Norwood Ae,2
Appleby B,Ursano Rj,2
Chapman M,Fullerton Cs,2
Chapman M,Norwood Ae,2
Chapman M,Ursano Rj,2
Fullerton Cs,Hall Rcw,2
Fullerton Cs,Norwood Ae,2
Fullerton Cs,Ursano Rj,2
Hall Rcw,Norwood Ae,2
Hall Rcw,Ursano Rj,2
Norwood Ae,Ursano Rj,2
Cris Barrish,Donna Leinwand Leger,2
Cris Barrish,Heidi Hatch,2
Cris Barrish,J L Webb,2
Cris Barrish,Jessica Sanchez,2
Cris Barrish,Jihyun Song,2
Cris Barrish,Karen Lusky,2
Cris Barrish,Keith Landry,2
Cris Barrish,Margaux Watt,2
Cris Barrish,Nam Nae Won,2
Cris Barrish,Roberto Schiattino,2
Cris Barrish,Steve Blow,2
Cris Barrish,Zac Anderson,2
Donna Leinwand Leger,Heidi Hatch,2
Donna Leinwand Leger,J L Webb,2
Donna Leinwand Leger,Jessica Sanchez,2
Donna Leinwand Leger,Jihyun Song,2
Donna Leinwand Leger,Karen Lusky,2
Donna Leinwand Leger,Keith Landry,2
Donna Leinwand Leger,Margaux Watt,2
Donna Leinwand Leger,Nam Nae Won,2
Donna Leinwand Leger,Roberto Schiattino,2
Donna Leinwand Leger,Steve Blow,2
Donna Leinwand Leger,Zac Anderson,2
Heidi Hatch,J L Webb,2
Heidi Hatch,Jessica Sanchez,2
Heidi Hatch,Jihyun Song,2
Heidi Hatch,Karen Lusky,2
Heidi Hatch,Keith Landry,2
Heidi Hatch,Margaux Watt,2
Heidi Hatch,Nam Nae Won,2
Heidi Hatch,Roberto Schiattino,2
Heidi Hatch,Steve Blow,2
Heidi Hatch,Zac Anderson,2
J L Webb,Jessica Sanchez,2
J L Webb,Jihyun Song,2
J L Webb,Karen Lusky,2
J L Webb,Keith Landry,2
J L Webb,Margaux Watt,2
J L Webb,Nam Nae Won,2
J L Webb,Roberto Schiattino,2
J L Webb,Steve Blow,2
J L Webb,Zac Anderson,2
Jessica Sanchez,Jihyun Song,2
Jessica Sanchez,Karen Lusky,2
Jessica Sanchez,Keith Landry,2
Jessica Sanchez,Margaux Watt,2
Jessica Sanchez,Nam Nae Won,2
Jessica Sanchez,Roberto Schiattino,2
Jessica Sanchez,Steve Blow,2
Jessica Sanchez,Zac Anderson,2
Jihyun Song,Karen Lusky,2
Jihyun Song,Keith Landry,2
Jihyun Song,Margaux Watt,2
Jihyun Song,Nam Nae Won,2
Jihyun Song,Roberto Schiattino,2
Jihyun Song,Steve Blow,2
Jihyun Song,Zac Anderson,2
Karen Lusky,Keith Landry,2
Karen Lusky,Margaux Watt,2
Karen Lusky,Nam Nae Won,2
Karen Lusky,Roberto Schiattino,2
Karen Lusky,Steve Blow,2
Karen Lusky,Zac Anderson,2
Keith Landry,Margaux Watt,2
Keith Landry,Nam Nae Won,2
Keith Landry,Roberto Schiattino,2
Keith Landry,Steve Blow,2
Keith Landry,Zac Anderson,2
Margaux Watt,Nam Nae Won,2
Margaux Watt,Roberto Schiattino,2
Margaux Watt,Steve Blow,2
Margaux Watt,Zac Anderson,2
Nam Nae Won,Roberto Schiattino,2
Nam Nae Won,Steve Blow,2
Nam Nae Won,Zac Anderson,2
Roberto Schiattino,Steve Blow,2
Roberto Schiattino,Zac Anderson,2
Steve Blow,Zac Anderson,2
Jane Doe-4,Jeffrey Epstein,2
Claudius English,Minor Victim-4,2
Jeffrey L Dahmer,Park Dietz,2
Jeffrey L Dahmer,William George Bonin,2
Park Dietz,William George Bonin,2
Dietz Pe,Murrie Dc,2
Hazelwood Rr,Murrie Dc,2
Martell Da,Murrie Dc,2
Murrie Dc,Park Dietz,2
Murrie Dc,Warren Ji,2
A Marie Villapaa,Gerald Lefcourt,2
A Marie Villapaa,Jeffrey Epstein,2
A Marie Villapaa,Lilly Ann Sanchez,2
A Marie Villapaa,R Alexander Acosta,2
Claudius English,Minor Victim-3,2
John Hinckley,Park Dietz,2
Alison J Nathan,Judge Caproni,2
Crowder Jd,Hazelwood Rr,2
Crowder Jd,Warren Ji,2
Fitch Lw,Hazelwood Rr,2
Fitch Lw,Park Dietz,2
Fitch Lw,Ressler Rk,2
Fitch Lw,Warren Ji,2
Ressler Rk,Warren Ji,2
Bauld L,Bernstein Dm,2
Bauld L,Bruck M,2
Bauld L,Cauffman E,2
Bauld L,Chen C,2
Bauld L,Clarke-Stewart Ka,2
Bauld L,Clifasefi Sl,2
Bauld L,Dong Q,2
Bauld L,Fenn Km,2
Bauld L,Frenda Sj,2
Bauld L,Garry M,2
Bauld L,Giesbrecht T,2
Bauld L,Hastings G,2
Bauld L,Hazlett G,2
Bauld L,Ho Ly,2
Bauld L,Kaasa So,2
Bauld L,Klemfuss J Z,2
Bauld L,Laney C,2
Bauld L,Lappas St,2
Bauld L,Leport Akr,2
Bauld L,Lewandowsky S,2
Bauld L,Lewis Hc,2
Bauld L,Lilienfeld So,2
Bauld L,Lin C,2
Bauld L,Loftus Ef,2
Bauld L,Lynn Sj,2
Bauld L,Malaktaris A,2
Bauld L,Mann M E,2
Bauld L,Mantonakis A,2
Bauld L,Mcgaugh Jl,2
Bauld L,Mcnally Rj,2
Bauld L,Merckelbach H,2
Bauld L,Morgan Ca,2
Bauld L,Moyzis Rk,2
Bauld L,Newman Ej,2
Bauld L,Nichols Rm,2
Bauld L,Patihis L,2
Bauld L,Petersen N,2
Bauld L,Southwick S,2
Bauld L,Stark Cel,2
Bauld L,Steblay Nk,2
Bauld L,Steffian G,2
Bauld L,Tingen Iw,2
Bauld L,Wells G L,2
Bauld L,Wudarzewski A,2
Bauld L,Zhu B,2
Bernstein Dm,Bruck M,2
Bernstein Dm,Cauffman E,2
Bernstein Dm,Clarke-Stewart Ka,2
Bernstein Dm,Clifasefi Sl,2
Bernstein Dm,Giesbrecht T,2
Bernstein Dm,Hastings G,2
Bernstein Dm,Hazlett G,2
Bernstein Dm,Ho Ly,2
Bernstein Dm,Klemfuss J Z,2
Bernstein Dm,Lappas St,2
Bernstein Dm,Leport Akr,2
Bernstein Dm,Lewandowsky S,2
Bernstein Dm,Lewis Hc,2
Bernstein Dm,Lynn Sj,2
Bernstein Dm,Malaktaris A,2
Bernstein Dm,Mann M E,2
Bernstein Dm,Mcgaugh Jl,2
Bernstein Dm,Mcnally Rj,2
Bernstein Dm,Merckelbach H,2
Bernstein Dm,Morgan Ca,2
Bernstein Dm,Patihis L,2
Bernstein Dm,Petersen N,2
Bernstein Dm,Southwick S,2
Bernstein Dm,Steblay Nk,2
Bernstein Dm,Steffian G,2
Bernstein Dm,Tingen Iw,2
Bernstein Dm,Wudarzewski A,2
Bruck M,Cauffman E,2
Bruck M,Chen C,2
Bruck M,Clarke-Stewart Ka,2
Bruck M,Clifasefi Sl,2
Bruck M,Dong Q,2
Bruck M,Fenn Km,2
Bruck M,Frenda Sj,2
Bruck M,Giesbrecht T,2
Bruck M,Hastings G,2
Bruck M,Hazlett G,2
Bruck M,Ho Ly,2
Bruck M,Kaasa So,2
Bruck M,Klemfuss J Z,2
Bruck M,Laney C,2
Bruck M,Lappas St,2
Bruck M,Leport Akr,2
Bruck M,Lewandowsky S,2
Bruck M,Lewis Hc,2
Bruck M,Lin C,2
Bruck M,Malaktaris A,2
Bruck M,Mann M E,2
Bruck M,Mantonakis A,2
Bruck M,Mcgaugh Jl,2
Bruck M,Mcnally Rj,2
Bruck M,Merckelbach H,2
Bruck M,Morgan Ca,2
Bruck M,Moyzis Rk,2
Bruck M,Newman Ej,2
Bruck M,Nichols Rm,2
Bruck M,Patihis L,2
Bruck M,Petersen N,2
Bruck M,Southwick S,2
Bruck M,Stark Cel,2
Bruck M,Steblay Nk,2
Bruck M,Steffian G,2
Bruck M,Tingen Iw,2
Bruck M,Wells G L,2
Bruck M,Wudarzewski A,2
Bruck M,Zhu B,2
Cauffman E,Chen C,2
Cauffman E,Clarke-Stewart Ka,2
Cauffman E,Clifasefi Sl,2
Cauffman E,Dong Q,2
Cauffman E,Fenn Km,2
Cauffman E,Frenda Sj,2
Cauffman E,Garry M,2
Cauffman E,Giesbrecht T,2
Cauffman E,Hastings G,2
Cauffman E,Hazlett G,2
Cauffman E,Ho Ly,2
Cauffman E,Kaasa So,2
Cauffman E,Klemfuss J Z,2
Cauffman E,Laney C,2
Cauffman E,Lappas St,2
Cauffman E,Leport Akr,2
Cauffman E,Lewandowsky S,2
Cauffman E,Lewis Hc,2
Cauffman E,Lilienfeld So,2
Cauffman E,Lin C,2
Cauffman E,Loftus Ef,2
Cauffman E,Lynn Sj,2
Cauffman E,Malaktaris A,2
Cauffman E,Mann M E,2
Cauffman E,Mantonakis A,2
Cauffman E,Mcgaugh Jl,2
Cauffman E,Mcnally Rj,2
Cauffman E,Merckelbach H,2
Cauffman E,Morgan Ca,2
Cauffman E,Moyzis Rk,2
Cauffman E,Newman Ej,2
Cauffman E,Nichols Rm,2
Cauffman E,Patihis L,2
Cauffman E,Petersen N,2
Cauffman E,Southwick S,2
Cauffman E,Stark Cel,2
Cauffman E,Steblay Nk,2
Cauffman E,Steffian G,2
Cauffman E,Tingen Iw,2
Cauffman E,Wells G L,2
Cauffman E,Wudarzewski A,2
Cauffman E,Zhu B,2
Chen C,Clarke-Stewart Ka,2
Chen C,Clifasefi Sl,2
Chen C,Giesbrecht T,2
Chen C,Hastings G,2
Chen C,Hazlett G,2
Chen C,Klemfuss J Z,2
Chen C,Lappas St,2
Chen C,Leport Akr,2
Chen C,Lewandowsky S,2
Chen C,Lewis Hc,2
Chen C,Malaktaris A,2
Chen C,Mann M E,2
Chen C,Mcgaugh Jl,2
Chen C,Mcnally Rj,2
Chen C,Morgan Ca,2
Chen C,Petersen N,2
Chen C,Southwick S,2
Chen C,Steblay Nk,2
Chen C,Steffian G,2
Chen C,Tingen Iw,2
Chen C,Wells G L,2
Chen C,Wudarzewski A,2
Clarke-Stewart Ka,Clifasefi Sl,2
Clarke-Stewart Ka,Dong Q,2
Clarke-Stewart Ka,Fenn Km,2
Clarke-Stewart Ka,Frenda Sj,2
Clarke-Stewart Ka,Garry M,2
Clarke-Stewart Ka,Giesbrecht T,2
Clarke-Stewart Ka,Hastings G,2
Clarke-Stewart Ka,Hazlett G,2
Clarke-Stewart Ka,Ho Ly,2
Clarke-Stewart Ka,Kaasa So,2
Clarke-Stewart Ka,Klemfuss J Z,2
Clarke-Stewart Ka,Laney C,2
Clarke-Stewart Ka,Lappas St,2
Clarke-Stewart Ka,Leport Akr,2
Clarke-Stewart Ka,Lewandowsky S,2
Clarke-Stewart Ka,Lewis Hc,2
Clarke-Stewart Ka,Lilienfeld So,2
Clarke-Stewart Ka,Lin C,2
Clarke-Stewart Ka,Loftus Ef,2
Clarke-Stewart Ka,Lynn Sj,2
Clarke-Stewart Ka,Malaktaris A,2
Clarke-Stewart Ka,Mann M E,2
Clarke-Stewart Ka,Mantonakis A,2
Clarke-Stewart Ka,Mcgaugh Jl,2
Clarke-Stewart Ka,Mcnally Rj,2
Clarke-Stewart Ka,Merckelbach H,2
Clarke-Stewart Ka,Morgan Ca,2
Clarke-Stewart Ka,Moyzis Rk,2
Clarke-Stewart Ka,Newman Ej,2
Clarke-Stewart Ka,Nichols Rm,2
Clarke-Stewart Ka,Patihis L,2
Clarke-Stewart Ka,Petersen N,2
Clarke-Stewart Ka,Southwick S,2
Clarke-Stewart Ka,Stark Cel,2
Clarke-Stewart Ka,Steblay Nk,2
Clarke-Stewart Ka,Steffian G,2
Clarke-Stewart Ka,Tingen Iw,2
Clarke-Stewart Ka,Wells G L,2
Clarke-Stewart Ka,Wudarzewski A,2
Clarke-Stewart Ka,Zhu B,2
Clifasefi Sl,Dong Q,2
Clifasefi Sl,Fenn Km,2
Clifasefi Sl,Frenda Sj,2
Clifasefi Sl,Garry M,2
Clifasefi Sl,Giesbrecht T,2
Clifasefi Sl,Hastings G,2
Clifasefi Sl,Hazlett G,2
Clifasefi Sl,Ho Ly,2
Clifasefi Sl,Kaasa So,2
Clifasefi Sl,Klemfuss J Z,2
Clifasefi Sl,Laney C,2
Clifasefi Sl,Lappas St,2
Clifasefi Sl,Leport Akr,2
Clifasefi Sl,Lewandowsky S,2
Clifasefi Sl,Lewis Hc,2
Clifasefi Sl,Lilienfeld So,2
Clifasefi Sl,Lin C,2
Clifasefi Sl,Loftus Ef,2
Clifasefi Sl,Lynn Sj,2
Clifasefi Sl,Malaktaris A,2
Clifasefi Sl,Mann M E,2
Clifasefi Sl,Mantonakis A,2
Clifasefi Sl,Mcgaugh Jl,2
Clifasefi Sl,Mcnally Rj,2
Clifasefi Sl,Merckelbach H,2
Clifasefi Sl,Morgan Ca,2
Clifasefi Sl,Moyzis Rk,2
Clifasefi Sl,Newman Ej,2
Clifasefi Sl,Nichols Rm,2
Clifasefi Sl,Patihis L,2
Clifasefi Sl,Petersen N,2
Clifasefi Sl,Southwick S,2
Clifasefi Sl,Stark Cel,2
Clifasefi Sl,Steblay Nk,2
Clifasefi Sl,Steffian G,2
Clifasefi Sl,Tingen Iw,2
Clifasefi Sl,Wells G L,2
Clifasefi Sl,Wudarzewski A,2
Clifasefi Sl,Zhu B,2
Dong Q,Giesbrecht T,2
Dong Q,Hastings G,2
Dong Q,Hazlett G,2
Dong Q,Klemfuss J Z,2
Dong Q,Lappas St,2
Dong Q,Leport Akr,2
Dong Q,Lewandowsky S,2
Dong Q,Lewis Hc,2
Dong Q,Malaktaris A,2
Dong Q,Mann M E,2
Dong Q,Mcgaugh Jl,2
Dong Q,Mcnally Rj,2
Dong Q,Morgan Ca,2
Dong Q,Petersen N,2
Dong Q,Southwick S,2
Dong Q,Steblay Nk,2
Dong Q,Steffian G,2
Dong Q,Tingen Iw,2
Dong Q,Wells G L,2
Dong Q,Wudarzewski A,2
Fenn Km,Giesbrecht T,2
Fenn Km,Hastings G,2
Fenn Km,Hazlett G,2
Fenn Km,Ho Ly,2
Fenn Km,Kaasa So,2
Fenn Km,Klemfuss J Z,2
Fenn Km,Laney C,2
Fenn Km,Lappas St,2
Fenn Km,Leport Akr,2
Fenn Km,Lewandowsky S,2
Fenn Km,Lewis Hc,2
Fenn Km,Malaktaris A,2
Fenn Km,Mann M E,2
Fenn Km,Mantonakis A,2
Fenn Km,Mcgaugh Jl,2
Fenn Km,Mcnally Rj,2
Fenn Km,Morgan Ca,2
Fenn Km,Moyzis Rk,2
Fenn Km,Newman Ej,2
Fenn Km,Nichols Rm,2
Fenn Km,Petersen N,2
Fenn Km,Southwick S,2
Fenn Km,Steblay Nk,2
Fenn Km,Steffian G,2
Fenn Km,Tingen Iw,2
Fenn Km,Wells G L,2
Fenn Km,Wudarzewski A,2
Frenda Sj,Giesbrecht T,2
Frenda Sj,Hastings G,2
Frenda Sj,Hazlett G,2
Frenda Sj,Klemfuss J Z,2
Frenda Sj,Lappas St,2
Frenda Sj,Leport Akr,2
Frenda Sj,Lewandowsky S,2
Frenda Sj,Lewis Hc,2
Frenda Sj,Malaktaris A,2
Frenda Sj,Mann M E,2
Frenda Sj,Mcgaugh Jl,2
Frenda Sj,Mcnally Rj,2
Frenda Sj,Morgan Ca,2
Frenda Sj,Petersen N,2
Frenda Sj,Southwick S,2
Frenda Sj,Steblay Nk,2
Frenda Sj,Steffian G,2
Frenda Sj,Tingen Iw,2
Frenda Sj,Wells G L,2
Frenda Sj,Wudarzewski A,2
Garry M,Hastings G,2
Garry M,Hazlett G,2
Garry M,Klemfuss J Z,2
Garry M,Lappas St,2
Garry M,Leport Akr,2
Garry M,Lewandowsky S,2
Garry M,Lewis Hc,2
Garry M,Malaktaris A,2
Garry M,Mann M E,2
Garry M,Mcgaugh Jl,2
Garry M,Mcnally Rj,2
Garry M,Morgan Ca,2
Garry M,Moyzis Rk,2
Garry M,Petersen N,2
Garry M,Southwick S,2
Garry M,Stark Cel,2
Garry M,Steblay Nk,2
Garry M,Steffian G,2
Garry M,Tingen Iw,2
Garry M,Wudarzewski A,2
Giesbrecht T,Hastings G,2
Giesbrecht T,Hazlett G,2
Giesbrecht T,Ho Ly,2
Giesbrecht T,Kaasa So,2
Giesbrecht T,Klemfuss J Z,2
Giesbrecht T,Laney C,2
Giesbrecht T,Lappas St,2
Giesbrecht T,Leport Akr,2
Giesbrecht T,Lewandowsky S,2
Giesbrecht T,Lewis Hc,2
Giesbrecht T,Lilienfeld So,2
Giesbrecht T,Lin C,2
Giesbrecht T,Loftus Ef,2
Giesbrecht T,Lynn Sj,2
Giesbrecht T,Malaktaris A,2
Giesbrecht T,Mann M E,2
Giesbrecht T,Mantonakis A,2
Giesbrecht T,Mcgaugh Jl,2
Giesbrecht T,Mcnally Rj,2
Giesbrecht T,Morgan Ca,2
Giesbrecht T,Moyzis Rk,2
Giesbrecht T,Newman Ej,2
Giesbrecht T,Nichols Rm,2
Giesbrecht T,Patihis L,2
Giesbrecht T,Petersen N,2
Giesbrecht T,Southwick S,2
Giesbrecht T,Stark Cel,2
Giesbrecht T,Steblay Nk,2
Giesbrecht T,Steffian G,2
Giesbrecht T,Tingen Iw,2
Giesbrecht T,Wells G L,2
Giesbrecht T,Wudarzewski A,2
Giesbrecht T,Zhu B,2
Hastings G,Hazlett G,2
Hastings G,Ho Ly,2
Hastings G,Kaasa So,2
Hastings G,Klemfuss J Z,2
Hastings G,Laney C,2
Hastings G,Lappas St,2
Hastings G,Leport Akr,2
Hastings G,Lewandowsky S,2
Hastings G,Lewis Hc,2
Hastings G,Lilienfeld So,2
Hastings G,Lin C,2
Hastings G,Loftus Ef,2
Hastings G,Lynn Sj,2
Hastings G,Malaktaris A,2
Hastings G,Mann M E,2
Hastings G,Mantonakis A,2
Hastings G,Mcgaugh Jl,2
Hastings G,Mcnally Rj,2
Hastings G,Merckelbach H,2
Hastings G,Morgan Ca,2
Hastings G,Moyzis Rk,2
Hastings G,Newman Ej,2
Hastings G,Nichols Rm,2
Hastings G,Patihis L,2
Hastings G,Petersen N,2
Hastings G,Southwick S,2
Hastings G,Stark Cel,2
Hastings G,Steblay Nk,2
Hastings G,Steffian G,2
Hastings G,Tingen Iw,2
Hastings G,Wells G L,2
Hastings G,Wudarzewski A,2
Hastings G,Zhu B,2
Hazlett G,Ho Ly,2
Hazlett G,Kaasa So,2
Hazlett G,Klemfuss J Z,2
Hazlett G,Laney C,2
Hazlett G,Lappas St,2
Hazlett G,Leport Akr,2
Hazlett G,Lewandowsky S,2
Hazlett G,Lewis Hc,2
Hazlett G,Lilienfeld So,2
Hazlett G,Lin C,2
Hazlett G,Loftus Ef,2
Hazlett G,Lynn Sj,2
Hazlett G,Malaktaris A,2
Hazlett G,Mann M E,2
Hazlett G,Mantonakis A,2
Hazlett G,Mcgaugh Jl,2
Hazlett G,Mcnally Rj,2
Hazlett G,Merckelbach H,2
Hazlett G,Morgan Ca,2
Hazlett G,Moyzis Rk,2
Hazlett G,Newman Ej,2
Hazlett G,Nichols Rm,2
Hazlett G,Patihis L,2
Hazlett G,Petersen N,2
Hazlett G,Southwick S,2
Hazlett G,Stark Cel,2
Hazlett G,Steblay Nk,2
Hazlett G,Steffian G,2
Hazlett G,Tingen Iw,2
Hazlett G,Wells G L,2
Hazlett G,Wudarzewski A,2
Hazlett G,Zhu B,2
Ho Ly,Kaasa So,2
Ho Ly,Klemfuss J Z,2
Ho Ly,Laney C,2
Ho Ly,Lappas St,2
Ho Ly,Leport Akr,2
Ho Ly,Lewandowsky S,2
Ho Ly,Lewis Hc,2
Ho Ly,Malaktaris A,2
Ho Ly,Mann M E,2
Ho Ly,Mantonakis A,2
Ho Ly,Mcgaugh Jl,2
Ho Ly,Mcnally Rj,2
Ho Ly,Morgan Ca,2
Ho Ly,Moyzis Rk,2
Ho Ly,Newman Ej,2
Ho Ly,Petersen N,2
Ho Ly,Southwick S,2
Ho Ly,Stark Cel,2
Ho Ly,Steblay Nk,2
Ho Ly,Steffian G,2
Ho Ly,Tingen Iw,2
Ho Ly,Wells G L,2
Ho Ly,Wudarzewski A,2
Kaasa So,Klemfuss J Z,2
Kaasa So,Lappas St,2
Kaasa So,Leport Akr,2
Kaasa So,Lewandowsky S,2
Kaasa So,Lewis Hc,2
Kaasa So,Lynn Sj,2
Kaasa So,Malaktaris A,2
Kaasa So,Mann M E,2
Kaasa So,Mcgaugh Jl,2
Kaasa So,Mcnally Rj,2
Kaasa So,Merckelbach H,2
Kaasa So,Morgan Ca,2
Kaasa So,Moyzis Rk,2
Kaasa So,Patihis L,2
Kaasa So,Petersen N,2
Kaasa So,Southwick S,2
Kaasa So,Stark Cel,2
Kaasa So,Steblay Nk,2
Kaasa So,Steffian G,2
Kaasa So,Tingen Iw,2
Kaasa So,Wells G L,2
Kaasa So,Wudarzewski A,2
Klemfuss J Z,Laney C,2
Klemfuss J Z,Lappas St,2
Klemfuss J Z,Leport Akr,2
Klemfuss J Z,Lewandowsky S,2
Klemfuss J Z,Lewis Hc,2
Klemfuss J Z,Lilienfeld So,2
Klemfuss J Z,Lin C,2
Klemfuss J Z,Loftus Ef,2
Klemfuss J Z,Lynn Sj,2
Klemfuss J Z,Malaktaris A,2
Klemfuss J Z,Mann M E,2
Klemfuss J Z,Mantonakis A,2
Klemfuss J Z,Mcgaugh Jl,2
Klemfuss J Z,Mcnally Rj,2
Klemfuss J Z,Merckelbach H,2
Klemfuss J Z,Morgan Ca,2
Klemfuss J Z,Moyzis Rk,2
Klemfuss J Z,Newman Ej,2
Klemfuss J Z,Nichols Rm,2
Klemfuss J Z,Patihis L,2
Klemfuss J Z,Petersen N,2
Klemfuss J Z,Southwick S,2
Klemfuss J Z,Stark Cel,2
Klemfuss J Z,Steblay Nk,2
Klemfuss J Z,Steffian G,2
Klemfuss J Z,Tingen Iw,2
Klemfuss J Z,Wells G L,2
Klemfuss J Z,Wudarzewski A,2
Klemfuss J Z,Zhu B,2
Laney C,Lappas St,2
Laney C,Leport Akr,2
Laney C,Lewandowsky S,2
Laney C,Lewis Hc,2
Laney C,Malaktaris A,2
Laney C,Mann M E,2
Laney C,Mcgaugh Jl,2
Laney C,Mcnally Rj,2
Laney C,Morgan Ca,2
Laney C,Petersen N,2
Laney C,Southwick S,2
Laney C,Steblay Nk,2
Laney C,Steffian G,2
Laney C,Tingen Iw,2
Laney C,Wells G L,2
Laney C,Wudarzewski A,2
Lappas St,Leport Akr,2
Lappas St,Lewandowsky S,2
Lappas St,Lewis Hc,2
Lappas St,Lilienfeld So,2
Lappas St,Lin C,2
Lappas St,Loftus Ef,2
Lappas St,Lynn Sj,2
Lappas St,Malaktaris A,2
Lappas St,Mann M E,2
Lappas St,Mantonakis A,2
Lappas St,Mcgaugh Jl,2
Lappas St,Mcnally Rj,2
Lappas St,Merckelbach H,2
Lappas St,Morgan Ca,2
Lappas St,Moyzis Rk,2
Lappas St,Newman Ej,2
Lappas St,Nichols Rm,2
Lappas St,Patihis L,2
Lappas St,Petersen N,2
Lappas St,Southwick S,2
Lappas St,Stark Cel,2
Lappas St,Steblay Nk,2
Lappas St,Steffian G,2
Lappas St,Tingen Iw,2
Lappas St,Wells G L,2
Lappas St,Wudarzewski A,2
Lappas St,Zhu B,2
Leport Akr,Lewandowsky S,2
Leport Akr,Lewis Hc,2
Leport Akr,Lilienfeld So,2
Leport Akr,Lin C,2
Leport Akr,Loftus Ef,2
Leport Akr,Lynn Sj,2
Leport Akr,Malaktaris A,2
Leport Akr,Mann M E,2
Leport Akr,Mantonakis A,2
Leport Akr,Mcgaugh Jl,2
Leport Akr,Mcnally Rj,2
Leport Akr,Merckelbach H,2
Leport Akr,Morgan Ca,2
Leport Akr,Moyzis Rk,2
Leport Akr,Newman Ej,2
Leport Akr,Nichols Rm,2
Leport Akr,Patihis L,2
Leport Akr,Petersen N,2
Leport Akr,Southwick S,2
Leport Akr,Stark Cel,2
Leport Akr,Steblay Nk,2
Leport Akr,Steffian G,2
Leport Akr,Tingen Iw,2
Leport Akr,Wells G L,2
Leport Akr,Wudarzewski A,2
Leport Akr,Zhu B,2
Lewandowsky S,Lewis Hc,2
Lewandowsky S,Lilienfeld So,2
Lewandowsky S,Lin C,2
Lewandowsky S,Loftus Ef,2
Lewandowsky S,Lynn Sj,2
Lewandowsky S,Malaktaris A,2
Lewandowsky S,Mann M E,2
Lewandowsky S,Mantonakis A,2
Lewandowsky S,Mcgaugh Jl,2
Lewandowsky S,Mcnally Rj,2
Lewandowsky S,Merckelbach H,2
Lewandowsky S,Morgan Ca,2
Lewandowsky S,Moyzis Rk,2
Lewandowsky S,Newman Ej,2
Lewandowsky S,Nichols Rm,2
Lewandowsky S,Patihis L,2
Lewandowsky S,Petersen N,2
Lewandowsky S,Southwick S,2
Lewandowsky S,Stark Cel,2
Lewandowsky S,Steblay Nk,2
Lewandowsky S,Steffian G,2
Lewandowsky S,Tingen Iw,2
Lewandowsky S,Wells G L,2
Lewandowsky S,Wudarzewski A,2
Lewandowsky S,Zhu B,2
Lewis Hc,Lilienfeld So,2
Lewis Hc,Lin C,2
Lewis Hc,Loftus Ef,2
Lewis Hc,Lynn Sj,2
Lewis Hc,Malaktaris A,2
Lewis Hc,Mann M E,2
Lewis Hc,Mantonakis A,2
Lewis Hc,Mcgaugh Jl,2
Lewis Hc,Mcnally Rj,2
Lewis Hc,Merckelbach H,2
Lewis Hc,Morgan Ca,2
Lewis Hc,Moyzis Rk,2
Lewis Hc,Newman Ej,2
Lewis Hc,Nichols Rm,2
Lewis Hc,Patihis L,2
Lewis Hc,Petersen N,2
Lewis Hc,Southwick S,2
Lewis Hc,Stark Cel,2
Lewis Hc,Steblay Nk,2
Lewis Hc,Steffian G,2
Lewis Hc,Tingen Iw,2
Lewis Hc,Wells G L,2
Lewis Hc,Wudarzewski A,2
Lewis Hc,Zhu B,2
Lilienfeld So,Malaktaris A,2
Lilienfeld So,Mann M E,2
Lilienfeld So,Mantonakis A,2
Lilienfeld So,Mcgaugh Jl,2
Lilienfeld So,Mcnally Rj,2
Lilienfeld So,Morgan Ca,2
Lilienfeld So,Moyzis Rk,2
Lilienfeld So,Newman Ej,2
Lilienfeld So,Petersen N,2
Lilienfeld So,Southwick S,2
Lilienfeld So,Steblay Nk,2
Lilienfeld So,Steffian G,2
Lilienfeld So,Tingen Iw,2
Lilienfeld So,Wudarzewski A,2
Lin C,Malaktaris A,2
Lin C,Mann M E,2
Lin C,Mcgaugh Jl,2
Lin C,Mcnally Rj,2
Lin C,Morgan Ca,2
Lin C,Petersen N,2
Lin C,Southwick S,2
Lin C,Steblay Nk,2
Lin C,Steffian G,2
Lin C,Tingen Iw,2
Lin C,Wells G L,2
Lin C,Wudarzewski A,2
Loftus Ef,Malaktaris A,2
Loftus Ef,Mann M E,2
Loftus Ef,Mcgaugh Jl,2
Loftus Ef,Mcnally Rj,2
Loftus Ef,Morgan Ca,2
Loftus Ef,Petersen N,2
Loftus Ef,Southwick S,2
Loftus Ef,Steblay Nk,2
Loftus Ef,Steffian G,2
Loftus Ef,Tingen Iw,2
Loftus Ef,Wudarzewski A,2
Lynn Sj,Malaktaris A,2
Lynn Sj,Mann M E,2
Lynn Sj,Mantonakis A,2
Lynn Sj,Mcgaugh Jl,2
Lynn Sj,Mcnally Rj,2
Lynn Sj,Morgan Ca,2
Lynn Sj,Moyzis Rk,2
Lynn Sj,Newman Ej,2
Lynn Sj,Petersen N,2
Lynn Sj,Southwick S,2
Lynn Sj,Steblay Nk,2
Lynn Sj,Steffian G,2
Lynn Sj,Tingen Iw,2
Lynn Sj,Wells G L,2
Lynn Sj,Wudarzewski A,2
Malaktaris A,Mann M E,2
Malaktaris A,Mantonakis A,2
Malaktaris A,Mcgaugh Jl,2
Malaktaris A,Mcnally Rj,2
Malaktaris A,Merckelbach H,2
Malaktaris A,Morgan Ca,2
Malaktaris A,Moyzis Rk,2
Malaktaris A,Newman Ej,2
Malaktaris A,Nichols Rm,2
Malaktaris A,Patihis L,2
Malaktaris A,Petersen N,2
Malaktaris A,Southwick S,2
Malaktaris A,Stark Cel,2
Malaktaris A,Steblay Nk,2
Malaktaris A,Steffian G,2
Malaktaris A,Tingen Iw,2
Malaktaris A,Wells G L,2
Malaktaris A,Wudarzewski A,2
Malaktaris A,Zhu B,2
Mann M E,Mantonakis A,2
Mann M E,Mcgaugh Jl,2
Mann M E,Mcnally Rj,2
Mann M E,Merckelbach H,2
Mann M E,Morgan Ca,2
Mann M E,Moyzis Rk,2
Mann M E,Newman Ej,2
Mann M E,Nichols Rm,2
Mann M E,Patihis L,2
Mann M E,Petersen N,2
Mann M E,Southwick S,2
Mann M E,Stark Cel,2
Mann M E,Steblay Nk,2
Mann M E,Steffian G,2
Mann M E,Tingen Iw,2
Mann M E,Wells G L,2
Mann M E,Wudarzewski A,2
Mann M E,Zhu B,2
Mantonakis A,Mcgaugh Jl,2
Mantonakis A,Mcnally Rj,2
Mantonakis A,Merckelbach H,2
Mantonakis A,Morgan Ca,2
Mantonakis A,Moyzis Rk,2
Mantonakis A,Patihis L,2
Mantonakis A,Petersen N,2
Mantonakis A,Southwick S,2
Mantonakis A,Stark Cel,2
Mantonakis A,Steblay Nk,2
Mantonakis A,Steffian G,2
Mantonakis A,Tingen Iw,2
Mantonakis A,Wells G L,2
Mantonakis A,Wudarzewski A,2
Mcgaugh Jl,Mcnally Rj,2
Mcgaugh Jl,Merckelbach H,2
Mcgaugh Jl,Morgan Ca,2
Mcgaugh Jl,Moyzis Rk,2
Mcgaugh Jl,Newman Ej,2
Mcgaugh Jl,Nichols Rm,2
Mcgaugh Jl,Patihis L,2
Mcgaugh Jl,Petersen N,2
Mcgaugh Jl,Southwick S,2
Mcgaugh Jl,Stark Cel,2
Mcgaugh Jl,Steblay Nk,2
Mcgaugh Jl,Steffian G,2
Mcgaugh Jl,Tingen Iw,2
Mcgaugh Jl,Wells G L,2
Mcgaugh Jl,Wudarzewski A,2
Mcgaugh Jl,Zhu B,2
Mcnally Rj,Merckelbach H,2
Mcnally Rj,Morgan Ca,2
Mcnally Rj,Moyzis Rk,2
Mcnally Rj,Newman Ej,2
Mcnally Rj,Nichols Rm,2
Mcnally Rj,Patihis L,2
Mcnally Rj,Petersen N,2
Mcnally Rj,Southwick S,2
Mcnally Rj,Stark Cel,2
Mcnally Rj,Steblay Nk,2
Mcnally Rj,Steffian G,2
Mcnally Rj,Tingen Iw,2
Mcnally Rj,Wells G L,2
Mcnally Rj,Wudarzewski A,2
Mcnally Rj,Zhu B,2
Merckelbach H,Morgan Ca,2
Merckelbach H,Moyzis Rk,2
Merckelbach H,Newman Ej,2
Merckelbach H,Petersen N,2
Merckelbach H,Southwick S,2
Merckelbach H,Steblay Nk,2
Merckelbach H,Steffian G,2
Merckelbach H,Tingen Iw,2
Merckelbach H,Wells G L,2
Merckelbach H,Wudarzewski A,2
Morgan Ca,Moyzis Rk,2
Morgan Ca,Newman Ej,2
Morgan Ca,Nichols Rm,2
Morgan Ca,Patihis L,2
Morgan Ca,Petersen N,2
Morgan Ca,Southwick S,2
Morgan Ca,Stark Cel,2
Morgan Ca,Steblay Nk,2
Morgan Ca,Steffian G,2
Morgan Ca,Tingen Iw,2
Morgan Ca,Wells G L,2
Morgan Ca,Wudarzewski A,2
Morgan Ca,Zhu B,2
Moyzis Rk,Newman Ej,2
Moyzis Rk,Nichols Rm,2
Moyzis Rk,Patihis L,2
Moyzis Rk,Petersen N,2
Moyzis Rk,Southwick S,2
Moyzis Rk,Steblay Nk,2
Moyzis Rk,Steffian G,2
Moyzis Rk,Tingen Iw,2
Moyzis Rk,Wells G L,2
Moyzis Rk,Wudarzewski A,2
Newman Ej,Patihis L,2
Newman Ej,Petersen N,2
Newman Ej,Southwick S,2
Newman Ej,Stark Cel,2
Newman Ej,Steblay Nk,2
Newman Ej,Steffian G,2
Newman Ej,Tingen Iw,2
Newman Ej,Wells G L,2
Newman Ej,Wudarzewski A,2
Nichols Rm,Petersen N,2
Nichols Rm,Southwick S,2
Nichols Rm,Stark Cel,2
Nichols Rm,Steblay Nk,2
Nichols Rm,Steffian G,2
Nichols Rm,Tingen Iw,2
Nichols Rm,Wells G L,2
Nichols Rm,Wudarzewski A,2
Patihis L,Petersen N,2
Patihis L,Southwick S,2
Patihis L,Steblay Nk,2
Patihis L,Steffian G,2
Patihis L,Tingen Iw,2
Patihis L,Wells G L,2
Patihis L,Wudarzewski A,2
Petersen N,Southwick S,2
Petersen N,Stark Cel,2
Petersen N,Steblay Nk,2
Petersen N,Steffian G,2
Petersen N,Tingen Iw,2
Petersen N,Wells G L,2
Petersen N,Wudarzewski A,2
Petersen N,Zhu B,2
Southwick S,Stark Cel,2
Southwick S,Steblay Nk,2
Southwick S,Steffian G,2
Southwick S,Tingen Iw,2
Southwick S,Wells G L,2
Southwick S,Wudarzewski A,2
Southwick S,Zhu B,2
Stark Cel,Steblay Nk,2
Stark Cel,Steffian G,2
Stark Cel,Tingen Iw,2
Stark Cel,Wells G L,2
Stark Cel,Wudarzewski A,2
Steblay Nk,Steffian G,2
Steblay Nk,Tingen Iw,2
Steblay Nk,Wells G L,2
Steblay Nk,Wudarzewski A,2
Steblay Nk,Zhu B,2
Steffian G,Tingen Iw,2
Steffian G,Wells G L,2
Steffian G,Wudarzewski A,2
Steffian G,Zhu B,2
Tingen Iw,Wells G L,2
Tingen Iw,Wudarzewski A,2
Tingen Iw,Zhu B,2
Wells G L,Wudarzewski A,2
Wells G L,Zhu B,2
Wudarzewski A,Zhu B,2
Abigail Ohlheiser,Amy Ohoheiser,2
Abigail Ohlheiser,Andrew Pollock,2
Abigail Ohlheiser,Brandon Keim,2
Abigail Ohlheiser,Erin Brodwin,2
Abigail Ohlheiser,Gwen Knapp,2
Abigail Ohlheiser,Jo Ciaglia,2
Abigail Ohlheiser,Kelley Beaucar Vlahos,2
Abigail Ohlheiser,Laura Evans,2
Abigail Ohlheiser,Mackenzie Carpenter,2
Abigail Ohlheiser,Maia Szlavitz,2
Abigail Ohlheiser,Marisol Bello,2
Abigail Ohlheiser,Naseem Miller,2
Abigail Ohlheiser,Renee Stoll,2
Abigail Ohlheiser,Rich Zeoli,2
Abigail Ohlheiser,Sue Ambrose,2
Amy Ohoheiser,Andrew Pollock,2
Amy Ohoheiser,Brandon Keim,2
Amy Ohoheiser,Erin Brodwin,2
Amy Ohoheiser,Gwen Knapp,2
Amy Ohoheiser,Jo Ciaglia,2
Amy Ohoheiser,Kelley Beaucar Vlahos,2
Amy Ohoheiser,Laura Evans,2
Amy Ohoheiser,Mackenzie Carpenter,2
Amy Ohoheiser,Maia Szlavitz,2
Amy Ohoheiser,Marisol Bello,2
Amy Ohoheiser,Naseem Miller,2
Amy Ohoheiser,Renee Stoll,2
Amy Ohoheiser,Rich Zeoli,2
Amy Ohoheiser,Sue Ambrose,2
Andrew Pollock,Brandon Keim,2
Andrew Pollock,Erin Brodwin,2
Andrew Pollock,Gwen Knapp,2
Andrew Pollock,Jo Ciaglia,2
Andrew Pollock,Kelley Beaucar Vlahos,2
Andrew Pollock,Laura Evans,2
Andrew Pollock,Mackenzie Carpenter,2
Andrew Pollock,Maia Szlavitz,2
Andrew Pollock,Marisol Bello,2
Andrew Pollock,Naseem Miller,2
Andrew Pollock,Renee Stoll,2
Andrew Pollock,Rich Zeoli,2
Andrew Pollock,Sue Ambrose,2
Brandon Keim,Erin Brodwin,2
Brandon Keim,Gwen Knapp,2
Brandon Keim,Jo Ciaglia,2
Brandon Keim,Kelley Beaucar Vlahos,2
Brandon Keim,Laura Evans,2
Brandon Keim,Mackenzie Carpenter,2
Brandon Keim,Maia Szlavitz,2
Brandon Keim,Marisol Bello,2
Brandon Keim,Naseem Miller,2
Brandon Keim,Renee Stoll,2
Brandon Keim,Rich Zeoli,2
Brandon Keim,Sue Ambrose,2
Erin Brodwin,Gwen Knapp,2
Erin Brodwin,Jo Ciaglia,2
Erin Brodwin,Kelley Beaucar Vlahos,2
Erin Brodwin,Laura Evans,2
Erin Brodwin,Mackenzie Carpenter,2
Erin Brodwin,Maia Szlavitz,2
Erin Brodwin,Marisol Bello,2
Erin Brodwin,Naseem Miller,2
Erin Brodwin,Renee Stoll,2
Erin Brodwin,Rich Zeoli,2
Erin Brodwin,Sue Ambrose,2
Gwen Knapp,Jo Ciaglia,2
Gwen Knapp,Kelley Beaucar Vlahos,2
Gwen Knapp,Laura Evans,2
Gwen Knapp,Mackenzie Carpenter,2
Gwen Knapp,Maia Szlavitz,2
Gwen Knapp,Marisol Bello,2
Gwen Knapp,Naseem Miller,2
Gwen Knapp,Renee Stoll,2
Gwen Knapp,Rich Zeoli,2
Gwen Knapp,Sue Ambrose,2
Jo Ciaglia,Kelley Beaucar Vlahos,2
Jo Ciaglia,Laura Evans,2
Jo Ciaglia,Mackenzie Carpenter,2
Jo Ciaglia,Maia Szlavitz,2
Jo Ciaglia,Marisol Bello,2
Jo Ciaglia,Naseem Miller,2
Jo Ciaglia,Renee Stoll,2
Jo Ciaglia,Rich Zeoli,2
Jo Ciaglia,Sue Ambrose,2
Kelley Beaucar Vlahos,Laura Evans,2
Kelley Beaucar Vlahos,Mackenzie Carpenter,2
Kelley Beaucar Vlahos,Maia Szlavitz,2
Kelley Beaucar Vlahos,Marisol Bello,2
Kelley Beaucar Vlahos,Naseem Miller,2
Kelley Beaucar Vlahos,Renee Stoll,2
Kelley Beaucar Vlahos,Rich Zeoli,2
Kelley Beaucar Vlahos,Sue Ambrose,2
Laura Evans,Mackenzie Carpenter,2
Laura Evans,Maia Szlavitz,2
Laura Evans,Marisol Bello,2
Laura Evans,Naseem Miller,2
Laura Evans,Renee Stoll,2
Laura Evans,Rich Zeoli,2
Laura Evans,Sue Ambrose,2
Mackenzie Carpenter,Maia Szlavitz,2
Mackenzie Carpenter,Marisol Bello,2
Mackenzie Carpenter,Naseem Miller,2
Mackenzie Carpenter,Renee Stoll,2
Mackenzie Carpenter,Rich Zeoli,2
Mackenzie Carpenter,Sue Ambrose,2
Maia Szlavitz,Marisol Bello,2
Maia Szlavitz,Naseem Miller,2
Maia Szlavitz,Renee Stoll,2
Maia Szlavitz,Rich Zeoli,2
Maia Szlavitz,Sue Ambrose,2
Marisol Bello,Naseem Miller,2
Marisol Bello,Renee Stoll,2
Marisol Bello,Rich Zeoli,2
Marisol Bello,Sue Ambrose,2
Naseem Miller,Renee Stoll,2
Naseem Miller,Rich Zeoli,2
Naseem Miller,Sue Ambrose,2
Renee Stoll,Rich Zeoli,2
Renee Stoll,Sue Ambrose,2
Rich Zeoli,Sue Ambrose,2
Arthur Mcelroy,Gary Ramona,2
Arthur Mcelroy,James E Swann,2
Arthur Mcelroy,Joel Rifkin,2
Arthur Mcelroy,Park Dietz,2
Arthur Mcelroy,Richard Rose,2
Gary Ramona,James E Swann,2
Gary Ramona,Joel Rifkin,2
Gary Ramona,Park Dietz,2
Gary Ramona,Richard Rose,2
James E Swann,Joel Rifkin,2
James E Swann,Park Dietz,2
James E Swann,Richard Rose,2
Joel Rifkin,Park Dietz,2
Joel Rifkin,Richard Rose,2
Park Dietz,Richard Rose,2
Erik Menendez,Oj Simpson,2
Erik Menendez,Park Dietz,2
Oj Simpson,Park Dietz,2
Bogart D,Davis D,2
Bogart D,Doyle Jm,2
Bogart D,Dysart Je,2
Bogart D,Garry M,2
Bogart D,Grady Rh,2
Bogart D,Loftus Ef,2
Bogart D,Newman E J,2
Bogart D,Strange D,2
Bowman-Fowler N,Garry M,2
Bowman-Fowler N,Peterson T,2
Davis D,Ho Ly,2
Davis D,Newman E J,2
Davis D,Strange D,2
Doyle Jm,Dysart J,2
Doyle Jm,Grady Rh,2
Doyle Jm,Newman E J,2
Doyle Jm,Strange D,2
Doyle Jm,Suppes P,2
Dysart J,Loftus Ef,2
Dysart J,Suppes P,2
Dysart Je,Grady Rh,2
Dysart Je,Lilienfeld So,2
Dysart Je,Newman E J,2
Dysart Je,Strange D,2
Garry M,Grady Rh,2
Garry M,Newman E J,2
Garry M,Peterson T,2
Garry M,Strange D,2
Grady Rh,Ho Ly,2
Grady Rh,Newman E J,2
Grady Rh,Strange D,2
Lilienfeld So,Peterson T,2
Loftus Ef,Newman E J,2
Loftus Ef,Strange D,2
Loftus Ef,Suppes P,2
Newman E J,Strange D,2
Delphine Collin-Vzina,Van Ijzendoorn,2
Ramona Alaggia,Van Ijzendoorn,2
Rusan Lateef,Van Ijzendoorn,2
A Gg A,K Rts Henbaum,2
A Gg A,Kuma O,2
K Rts Henbaum,Kuma O,2
Eisen M L,Garry M,2
Eisen M L,Lynn S J,2
Garry M,Loftus E F,2
Geraerts E,Loftus E F,2
Geraerts E,Lynn S J,2
Geraerts E,Merckelbach H,2
Gudjonsson G H,Merckelbach H,2
Lilienfeld S O,Merckelbach H,2
Loftus E F,Lynn S J,2
Lynn S J,Merckelbach H,2
Jeffrey S Pagliuca,Juan Alessi,2
Kimba M Wood,William Walters,2
Park Dietz,Ressler R,2
Park Dietz,Walter Leroy Moody,2
Burgess Aw,Dietz P,2
Burgess Aw,Martell Da,2
Burgess Aw,Spitzer Rl,2
Burgess Aw,Warren Ji,2
Dietz P,Scurich N,2
Dietz P,Spitzer Rl,2
Dietz P,Warren Ji,2
Dietz Pe,Scurich N,2
Hazelwood Rr,Spitzer Rl,2
Park Dietz,Scurich N,2
Scurich N,Spitzer Rl,2
Doug Kaufman,Richard C W Hall,2
Doug Kaufman,Tony Pipitone,2
Richard C W Hall,Tony Pipitone,2
Day T,Hatters Friedman S,2
Day T,Jain A,2
Day T,Janvier A,2
Day T,Kaufman A,2
Day T,Kaye N,2
Day T,Levine H,2
Day T,Mossman D,2
Day T,Sorrentino R,2
Day T,Tolou-Shams M,2
Day T,Trestman R,2
Hall Rcw,Janvier A,2
Hall Rcw,Trestman R,2
Hatters Friedman S,Janvier A,2
Hatters Friedman S,Kaye N,2
Hatters Friedman S,Trestman R,2
Jain A,Janvier A,2
Jain A,Kaye N,2
Jain A,Trestman R,2
Janvier A,Kaufman A,2
Janvier A,Kaye N,2
Janvier A,Levine H,2
Janvier A,Mossman D,2
Janvier A,Myers W,2
Janvier A,Sorrentino R,2
Janvier A,Tolou-Shams M,2
Janvier A,Trestman R,2
Kaufman A,Kaye N,2
Kaufman A,Levine H,2
Kaufman A,Tolou-Shams M,2
Kaufman A,Trestman R,2
Kaye N,Mossman D,2
Kaye N,Myers W,2
Kaye N,Sorrentino R,2
Kaye N,Tolou-Shams M,2
Kaye N,Trestman R,2
Levine H,Mossman D,2
Levine H,Myers W,2
Levine H,Tolou-Shams M,2
Levine H,Trestman R,2
Mossman D,Tolou-Shams M,2
Mossman D,Trestman R,2
Myers W,Trestman R,2
Sorrentino R,Trestman R,2
Tolou-Shams M,Trestman R,2
Ghislaine Maxwell,Jordana Feldman,2
Chapman Mj,Friedman Sh,2
Chapman Mj,Linden Ev,2
Chapman Mj,Macvaugh Gs,2
Chapman Mj,Merideth P,2
Chapman Mj,Montgomery J,2
Chapman Mj,Resnick Pj,2
Friedman Sh,Linden Ev,2
Friedman Sh,Macvaugh Gs,2
Friedman Sh,Merideth P,2
Friedman Sh,Montgomery J,2
Friedman Sh,Resnick Pj,2
Hall Rcw,Linden Ev,2
Hall Rcw,Macvaugh Gs,2
Hall Rcw,Merideth P,2
Hall Rcw,Montgomery J,2
Hall Rcw,Resnick Pj,2
Linden Ev,Macvaugh Gs,2
Linden Ev,Merideth P,2
Linden Ev,Montgomery J,2
Linden Ev,Resnick Pj,2
Macvaugh Gs,Merideth P,2
Macvaugh Gs,Montgomery J,2
Macvaugh Gs,Resnick Pj,2
Merideth P,Montgomery J,2
Merideth P,Resnick Pj,2
Montgomery J,Resnick Pj,2
Butler B,Murphy G,2
Davis D,Fenn Km,2
Davis D,Greenspan Rl,2
Davis D,Murphy G,2
Davis D,O'Donohue W T,2
Davis D,Otgaar H,2
Davis D,Stark Cel,2
Fenn Km,Grady Rh,2
Fenn Km,Greenspan Rl,2
Fenn Km,Howe Ml,2
Fenn Km,Otgaar H,2
Grady Rh,Greenspan Rl,2
Grady Rh,Murphy G,2
Grady Rh,Otgaar H,2
Greenspan Rl,Howe Ml,2
Greenspan Rl,Loftus Ef,2
Greenspan Rl,Otgaar H,2
Howe Ml,Murphy G,2
Howe Ml,Otgaar H,2
Klemfuss Jz,Murphy G,2
Lilienfeld So,Murphy G,2
Lilienfeld So,O'Donohue W T,2
Loftus Ef,Murphy G,2
Loftus Ef,O'Donohue W T,2
Loftus Ef,Otgaar H,2
Lynn Sj,Murphy G,2
Merckelbach H,Murphy G,2
Murphy G,Patihis L,2
Murphy G,Wang J,2
Cheng J,Cooke B,2
Cheng J,Ellis R,2
Cheng J,Glezer A,2
Cheng J,Hall Rcw,2
Cheng J,Hatters Friedman S,2
Cheng J,Jain A,2
Cheng J,Levine H,2
Cheng J,Piel J,2
Cheng J,Sorrentino R,2
Cheng J,Wagoner R,2
Cheng J,Wall B,2
Cheng J,Wisner K,2
Cooke B,Glezer A,2
Cooke B,Levine H,2
Cooke B,Wisner K,2
Ellis R,Glezer A,2
Ellis R,Levine H,2
Ellis R,Piel J,2
Ellis R,Wall B,2
Ellis R,Wisner K,2
Glezer A,Levine H,2
Glezer A,Piel J,2
Glezer A,Wagoner R,2
Glezer A,Wall B,2
Levine H,Piel J,2
Levine H,Wagoner R,2
Levine H,Wisner K,2
Piel J,Sorrentino R,2
Piel J,Wisner K,2
Sorrentino R,Wall B,2
Wagoner R,Wisner K,2
Wall B,Wisner K,2
Doyle Jm,Newirth Ka,2
Freedman Jl,Loftus Ef,2
Freedman Jl,Loftus Gr,2
Loftus Ef,Newirth Ka,2
Merrell Dow,Old Chief,2
Minor Victim-4,New Hampshire,2
Bernstein Dm,Geis G,2
Bernstein Dm,Godfrey R,2
Bernstein Dm,Morris Ek,2
Bernstein Dm,Peterson T,2
Davis D,Geis G,2
Davis D,Godfrey R,2
Davis D,Kaasa So,2
Doyle Jm,Geis G,2
Doyle Jm,Kaasa So,2
Dysart Je,Geis G,2
Dysart Je,Kaasa So,2
Dysart Je,Morris Ek,2
Garry M,Geis G,2
Garry M,Godfrey R,2
Garry M,Nelson Kj,2
Geis G,Kaasa So,2
Geis G,Laney C,2
Geis G,Loftus Ef,2
Geis G,Morris Ek,2
Geis G,Nelson Kj,2
Godfrey R,Lilienfeld So,2
Godfrey R,Loftus Ef,2
Kaasa So,Morris Ek,2
Kaasa So,Nelson Kj,2
Laney C,Peterson T,2
Morris Ek,Nelson Kj,2
Nelson Kj,Peterson T,2
Balon R,Cochrane Ti,2
Balon R,Collier S,2
Balon R,Day Tr,2
Balon R,Hall Rcw,2
Balon R,Hatters Friedman S,2
Balon R,Jain A,2
Balon R,Jamieson A,2
Balon R,Le T,2
Balon R,Marshall R,2
Balon R,Martin C,2
Balon R,Moenssens Aa,2
Balon R,Myers W,2
Balon R,Myers Wc,2
Balon R,Patel V,2
Balon R,Preedy V,2
Balon R,Shand J,2
Balon R,Soliman S,2
Balon R,Tolou-Shams M,2
Balon R,Wise Tn,2
Balon R,Wooten K,2
Cochrane Ti,Collier S,2
Cochrane Ti,Hatters Friedman S,2
Cochrane Ti,Jain A,2
Cochrane Ti,Jamieson A,2
Cochrane Ti,Marshall R,2
Cochrane Ti,Martin C,2
Cochrane Ti,Moenssens Aa,2
Cochrane Ti,Myers Wc,2
Cochrane Ti,Patel V,2
Cochrane Ti,Preedy V,2
Cochrane Ti,Shand J,2
Cochrane Ti,Soliman S,2
Cochrane Ti,Tolou-Shams M,2
Cochrane Ti,Wise Tn,2
Cochrane Ti,Wooten K,2
Collier S,Day Tr,2
Collier S,Hall Rcw,2
Collier S,Hatters Friedman S,2
Collier S,Jain A,2
Collier S,Jamieson A,2
Collier S,Le T,2
Collier S,Marshall R,2
Collier S,Martin C,2
Collier S,Moenssens Aa,2
Collier S,Myers W,2
Collier S,Myers Wc,2
Collier S,Patel V,2
Collier S,Preedy V,2
Collier S,Shand J,2
Collier S,Soliman S,2
Collier S,Tolou-Shams M,2
Collier S,Wise Tn,2
Collier S,Wooten K,2
Day Tr,Hatters Friedman S,2
Day Tr,Jain A,2
Day Tr,Jamieson A,2
Day Tr,Marshall R,2
Day Tr,Martin C,2
Day Tr,Moenssens Aa,2
Day Tr,Myers Wc,2
Day Tr,Patel V,2
Day Tr,Preedy V,2
Day Tr,Shand J,2
Day Tr,Soliman S,2
Day Tr,Tolou-Shams M,2
Day Tr,Wise Tn,2
Day Tr,Wooten K,2
Hall Rcw,Jamieson A,2
Hall Rcw,Marshall R,2
Hall Rcw,Martin C,2
Hall Rcw,Moenssens Aa,2
Hall Rcw,Patel V,2
Hall Rcw,Preedy V,2
Hall Rcw,Shand J,2
Hall Rcw,Soliman S,2
Hall Rcw,Wise Tn,2
Hall Rcw,Wooten K,2
Hatters Friedman S,Jamieson A,2
Hatters Friedman S,Le T,2
Hatters Friedman S,Marshall R,2
Hatters Friedman S,Martin C,2
Hatters Friedman S,Moenssens Aa,2
Hatters Friedman S,Patel V,2
Hatters Friedman S,Preedy V,2
Hatters Friedman S,Shand J,2
Hatters Friedman S,Soliman S,2
Hatters Friedman S,Wise Tn,2
Hatters Friedman S,Wooten K,2
Jain A,Jamieson A,2
Jain A,Le T,2
Jain A,Marshall R,2
Jain A,Martin C,2
Jain A,Moenssens Aa,2
Jain A,Myers Wc,2
Jain A,Patel V,2
Jain A,Preedy V,2
Jain A,Shand J,2
Jain A,Soliman S,2
Jain A,Wise Tn,2
Jain A,Wooten K,2
Jamieson A,Le T,2
Jamieson A,Marshall R,2
Jamieson A,Martin C,2
Jamieson A,Myers W,2
Jamieson A,Myers Wc,2
Jamieson A,Patel V,2
Jamieson A,Preedy V,2
Jamieson A,Shand J,2
Jamieson A,Soliman S,2
Jamieson A,Tolou-Shams M,2
Jamieson A,Wise Tn,2
Jamieson A,Wooten K,2
Le T,Marshall R,2
Le T,Martin C,2
Le T,Moenssens Aa,2
Le T,Myers Wc,2
Le T,Patel V,2
Le T,Preedy V,2
Le T,Shand J,2
Le T,Soliman S,2
Le T,Tolou-Shams M,2
Le T,Wise Tn,2
Le T,Wooten K,2
Marshall R,Martin C,2
Marshall R,Moenssens Aa,2
Marshall R,Myers W,2
Marshall R,Myers Wc,2
Marshall R,Patel V,2
Marshall R,Preedy V,2
Marshall R,Shand J,2
Marshall R,Soliman S,2
Marshall R,Tolou-Shams M,2
Marshall R,Wise Tn,2
Marshall R,Wooten K,2
Martin C,Moenssens Aa,2
Martin C,Myers W,2
Martin C,Myers Wc,2
Martin C,Patel V,2
Martin C,Preedy V,2
Martin C,Shand J,2
Martin C,Soliman S,2
Martin C,Tolou-Shams M,2
Martin C,Wise Tn,2
Martin C,Wooten K,2
Moenssens Aa,Myers W,2
Moenssens Aa,Myers Wc,2
Moenssens Aa,Patel V,2
Moenssens Aa,Preedy V,2
Moenssens Aa,Shand J,2
Moenssens Aa,Soliman S,2
Moenssens Aa,Tolou-Shams M,2
Moenssens Aa,Wise Tn,2
Moenssens Aa,Wooten K,2
Myers W,Myers Wc,2
Myers W,Patel V,2
Myers W,Preedy V,2
Myers W,Shand J,2
Myers W,Soliman S,2
Myers W,Wise Tn,2
Myers W,Wooten K,2
Myers Wc,Patel V,2
Myers Wc,Preedy V,2
Myers Wc,Shand J,2
Myers Wc,Soliman S,2
Myers Wc,Wise Tn,2
Myers Wc,Wooten K,2
Patel V,Preedy V,2
Patel V,Shand J,2
Patel V,Soliman S,2
Patel V,Tolou-Shams M,2
Patel V,Wise Tn,2
Patel V,Wooten K,2
Preedy V,Shand J,2
Preedy V,Soliman S,2
Preedy V,Tolou-Shams M,2
Preedy V,Wise Tn,2
Preedy V,Wooten K,2
Shand J,Soliman S,2
Shand J,Tolou-Shams M,2
Shand J,Wise Tn,2
Shand J,Wooten K,2
Soliman S,Tolou-Shams M,2
Soliman S,Wise Tn,2
Soliman S,Wooten K,2
Tolou-Shams M,Wise Tn,2
Tolou-Shams M,Wooten K,2
Wise Tn,Wooten K,2
Bell Be,Goodman J,2
Bell Be,Greene E,2
Bell Be,Loftus Ef,2
Bell Be,Schooler Jw,2
Bell Be,Wagenaar Wa,2
Bell Be,Wilson L,2
Christianson Sa,Fiedler J,2
Christianson Sa,Goodman J,2
Christianson Sa,Loftus Ef,2
Christianson Sa,Losel F,2
Christianson Sa,Morris P,2
Christianson Sa,Wagenaar Wa,2
Christianson Sa,Williams Kd,2
Davies G,Hoffman Hg,2
Davies G,Loftus Ef,2
Davies G,Schooler Jw,2
Davies G,Smith Kd,2
Doyle Jm,Hoffman Hg,2
Doyle Jm,Wagenaar Wa,2
Doyle Jm,Wells Gl,2
Doyle Jm,Williams Kd,2
Fiedler J,Goodman J,2
Fiedler J,Loftus Ef,2
Fiedler J,Losel F,2
Fiedler J,Morris P,2
Fiedler J,Wagenaar Wa,2
Fiedler J,Williams Kd,2
Goodman J,Losel F,2
Goodman J,Morris P,2
Goodman J,Williams Kd,2
Hoffman Hg,Schooler Jw,2
Hoffman Hg,Smith Kd,2
Loftus Ef,Losel F,2
Loftus Ef,Morris P,2
Loftus Ef,Smith Kd,2
Losel F,Morris P,2
Losel F,Wagenaar Wa,2
Losel F,Williams Kd,2
Morris P,Wagenaar Wa,2
Morris P,Williams Kd,2
Schooler Jw,Smith Kd,2
Schooler Jw,Wagenaar Wa,2
Wagenaar Wa,Wells Gl,2
Wagenaar Wa,Williams Kd,2
Wagenaar Wa,Wilson L,2
Alison J Nathan,Thurgood Marshall,2
Bobbi C Sternheim,Elizabeth Loftus,2
Bobbi C Sternheim,Park Dietz,2
Alison J Nathan,Juror Number,2
Ghislaine Maxwell,Juror Number,2
Dale Hausner,Douglas Daniel Clark,2
Dale Hausner,Michael Dee Mattson,2
Dale Hausner,Park Dietz,2
Dale Hausner,Samuel Dieteman,2
Douglas Daniel Clark,Michael Dee Mattson,2
Douglas Daniel Clark,Park Dietz,2
Douglas Daniel Clark,Samuel Dieteman,2
Michael Dee Mattson,Park Dietz,2
Michael Dee Mattson,Samuel Dieteman,2
Park Dietz,Samuel Dieteman,2
Detective Recarey,Muhanad Mahmoud Al-Farekh,2
Dietz Pe,Phillips Rtm,2
Park Dietz,Phillips Rtm,2
Barter K,Best Cl,2
Barter K,Kilpatrick Dg,2
Barter K,Letourneau Ej,2
Barter K,O'Brien Ta,2
Barter K,Resnick Hs,2
Barter K,Saunders Be,2
Barter K,Smith Dw,2
Barter K,Staller Km,2
Barter K,Summit R,2
Barter K,Tait P,2
Barter K,Tutty L,2
Barter K,Tutty Lm,2
Barter K,Wheeler Dm,2
Barter K,Williams Kw,2
Barter K,Zwi Kj,2
Best Cl,Fairholm J,2
Best Cl,Letourneau Ej,2
Best Cl,Mcconnell S,2
Best Cl,Nelson Gardell D,2
Best Cl,O'Brien Ta,2
Best Cl,Smith Dw,2
Best Cl,Staller Km,2
Best Cl,Summit R,2
Best Cl,Tait P,2
Best Cl,Tutty L,2
Best Cl,Tutty Lm,2
Best Cl,Ungar M,2
Best Cl,Wheeler Dm,2
Best Cl,Williams Kw,2
Best Cl,Zwi Kj,2
Fairholm J,Kilpatrick Dg,2
Fairholm J,Letourneau Ej,2
Fairholm J,O'Brien Ta,2
Fairholm J,Resnick Hs,2
Fairholm J,Saunders Be,2
Fairholm J,Smith Dw,2
Fairholm J,Staller Km,2
Fairholm J,Summit R,2
Fairholm J,Tait P,2
Fairholm J,Tutty L,2
Fairholm J,Tutty Lm,2
Fairholm J,Wheeler Dm,2
Fairholm J,Williams Kw,2
Fairholm J,Zwi Kj,2
Kilpatrick Dg,Letourneau Ej,2
Kilpatrick Dg,Mcconnell S,2
Kilpatrick Dg,Nelson Gardell D,2
Kilpatrick Dg,O'Brien Ta,2
Kilpatrick Dg,Smith Dw,2
Kilpatrick Dg,Staller Km,2
Kilpatrick Dg,Summit R,2
Kilpatrick Dg,Tait P,2
Kilpatrick Dg,Tutty L,2
Kilpatrick Dg,Tutty Lm,2
Kilpatrick Dg,Ungar M,2
Kilpatrick Dg,Wheeler Dm,2
Kilpatrick Dg,Williams Kw,2
Kilpatrick Dg,Zwi Kj,2
Letourneau Ej,Mcconnell S,2
Letourneau Ej,Nelson Gardell D,2
Letourneau Ej,O'Brien Ta,2
Letourneau Ej,Resnick Hs,2
Letourneau Ej,Saunders Be,2
Letourneau Ej,Smith Dw,2
Letourneau Ej,Staller Km,2
Letourneau Ej,Summit R,2
Letourneau Ej,Tait P,2
Letourneau Ej,Tutty L,2
Letourneau Ej,Tutty Lm,2
Letourneau Ej,Ungar M,2
Letourneau Ej,Wheeler Dm,2
Letourneau Ej,Williams Kw,2
Letourneau Ej,Zwi Kj,2
Mcconnell S,O'Brien Ta,2
Mcconnell S,Resnick Hs,2
Mcconnell S,Saunders Be,2
Mcconnell S,Smith Dw,2
Mcconnell S,Staller Km,2
Mcconnell S,Summit R,2
Mcconnell S,Tait P,2
Mcconnell S,Tutty L,2
Mcconnell S,Tutty Lm,2
Mcconnell S,Wheeler Dm,2
Mcconnell S,Williams Kw,2
Mcconnell S,Zwi Kj,2
Nelson Gardell D,O'Brien Ta,2
Nelson Gardell D,Resnick Hs,2
Nelson Gardell D,Saunders Be,2
Nelson Gardell D,Smith Dw,2
Nelson Gardell D,Staller Km,2
Nelson Gardell D,Summit R,2
Nelson Gardell D,Tait P,2
Nelson Gardell D,Tutty L,2
Nelson Gardell D,Tutty Lm,2
Nelson Gardell D,Wheeler Dm,2
Nelson Gardell D,Williams Kw,2
Nelson Gardell D,Zwi Kj,2
O'Brien Ta,Resnick Hs,2
O'Brien Ta,Saunders Be,2
O'Brien Ta,Smith Dw,2
O'Brien Ta,Staller Km,2
O'Brien Ta,Summit R,2
O'Brien Ta,Tait P,2
O'Brien Ta,Tutty L,2
O'Brien Ta,Tutty Lm,2
O'Brien Ta,Ungar M,2
O'Brien Ta,Wheeler Dm,2
O'Brien Ta,Williams Kw,2
O'Brien Ta,Zwi Kj,2
Resnick Hs,Smith Dw,2
Resnick Hs,Staller Km,2
Resnick Hs,Summit R,2
Resnick Hs,Tait P,2
Resnick Hs,Tutty L,2
Resnick Hs,Tutty Lm,2
Resnick Hs,Ungar M,2
Resnick Hs,Wheeler Dm,2
Resnick Hs,Williams Kw,2
Resnick Hs,Zwi Kj,2
Saunders Be,Smith Dw,2
Saunders Be,Staller Km,2
Saunders Be,Summit R,2
Saunders Be,Tait P,2
Saunders Be,Tutty L,2
Saunders Be,Tutty Lm,2
Saunders Be,Ungar M,2
Saunders Be,Wheeler Dm,2
Saunders Be,Williams Kw,2
Saunders Be,Zwi Kj,2
Smith Dw,Staller Km,2
Smith Dw,Summit R,2
Smith Dw,Tait P,2
Smith Dw,Tutty L,2
Smith Dw,Tutty Lm,2
Smith Dw,Ungar M,2
Smith Dw,Wheeler Dm,2
Smith Dw,Williams Kw,2
Smith Dw,Zwi Kj,2
Staller Km,Summit R,2
Staller Km,Tait P,2
Staller Km,Tutty L,2
Staller Km,Tutty Lm,2
Staller Km,Ungar M,2
Staller Km,Wheeler Dm,2
Staller Km,Williams Kw,2
Staller Km,Zwi Kj,2
Summit R,Tait P,2
Summit R,Tutty L,2
Summit R,Tutty Lm,2
Summit R,Ungar M,2
Summit R,Wheeler Dm,2
Summit R,Williams Kw,2
Summit R,Zwi Kj,2
Tait P,Tutty L,2
Tait P,Tutty Lm,2
Tait P,Ungar M,2
Tait P,Wheeler Dm,2
Tait P,Williams Kw,2
Tait P,Zwi Kj,2
Tutty L,Tutty Lm,2
Tutty L,Ungar M,2
Tutty L,Wheeler Dm,2
Tutty L,Williams Kw,2
Tutty L,Zwi Kj,2
Tutty Lm,Ungar M,2
Tutty Lm,Wheeler Dm,2
Tutty Lm,Williams Kw,2
Tutty Lm,Zwi Kj,2
Ungar M,Wheeler Dm,2
Ungar M,Williams Kw,2
Ungar M,Zwi Kj,2
Wheeler Dm,Williams Kw,2
Wheeler Dm,Zwi Kj,2
Williams Kw,Zwi Kj,2
Alison J Nathan,Sunni Drescher,2
Alison Moe,Sunni Drescher,2
Andrew Rohrbach,Sunni Drescher,2
Bobbi C Sternheim,Sunni Drescher,2
Ghislaine Maxwell,Sunni Drescher,2
Lara Pomerantz,Sunni Drescher,2
Maurene Comey,Sunni Drescher,2
John Monahan,Park Dietz,2
Geoffrey S Berman,Minor Victim-7,2
Deffenbacher Ka,Honeck Rp,2
Deffenbacher Ka,Loftus Ef,2
Greene E,Severance Lj,2
Hall Df,Severance Lj,2
Honeck Rp,Loftus Ef,2
Keating Jp,Severance Lj,2
Loftus Ef,Severance Lj,2
Manber M,Severance Lj,2
Jane Doe,Minor Victim-1,2
Jane Doe,Minor Victim-2,2
Jane Doe,Minor Victim-3,2
David Rodgers,Emmy Taylor,2
C Easterly,E Loftus,2
C Easterly,R Schmechel,2
C Easterly,T O'Toole,2
E Loftus,R Schmechel,2
E Loftus,T O'Toole,2
R Schmechel,T O'Toole,2
Ann Begin,Lisa M Rocchio,2
Davidson C,Flood F,2
Davidson C,Frisher K,2
Davidson C,Hall Rcw,2
Davidson C,Hatters Friedman S,2
Davidson C,Kelley E,2
Davidson C,Kenedi C,2
Davidson C,Knoll J,2
Davidson C,Levine H,2
Davidson C,Phillips Rtm,2
Davidson C,Ryan C W Hall,2
Davidson C,Tardif I,2
Davidson C,Wall B,2
Davidson C,Yang S,2
Davidson C,Zonana H,2
Flood F,Frisher K,2
Flood F,Hall Rcw,2
Flood F,Hatters Friedman S,2
Flood F,Kelley E,2
Flood F,Kenedi C,2
Flood F,Knoll J,2
Flood F,Levine H,2
Flood F,Phillips Rtm,2
Flood F,Ryan C W Hall,2
Flood F,Tardif I,2
Flood F,Wall B,2
Flood F,Yang S,2
Flood F,Zonana H,2
Frisher K,Hall Rcw,2
Frisher K,Hatters Friedman S,2
Frisher K,Kelley E,2
Frisher K,Kenedi C,2
Frisher K,Knoll J,2
Frisher K,Levine H,2
Frisher K,Phillips Rtm,2
Frisher K,Ryan C W Hall,2
Frisher K,Tardif I,2
Frisher K,Wall B,2
Frisher K,Yang S,2
Frisher K,Zonana H,2
Hall Rcw,Kelley E,2
Hall Rcw,Phillips Rtm,2
Hall Rcw,Zonana H,2
Hatters Friedman S,Kelley E,2
Hatters Friedman S,Phillips Rtm,2
Hatters Friedman S,Ryan C W Hall,2
Hatters Friedman S,Tardif I,2
Hatters Friedman S,Yang S,2
Hatters Friedman S,Zonana H,2
Kelley E,Kenedi C,2
Kelley E,Knoll J,2
Kelley E,Levine H,2
Kelley E,Phillips Rtm,2
Kelley E,Ryan C W Hall,2
Kelley E,Tardif I,2
Kelley E,Wall B,2
Kelley E,Yang S,2
Kelley E,Zonana H,2
Kenedi C,Levine H,2
Kenedi C,Phillips Rtm,2
Kenedi C,Ryan C W Hall,2
Kenedi C,Tardif I,2
Kenedi C,Wall B,2
Kenedi C,Yang S,2
Kenedi C,Zonana H,2
Knoll J,Levine H,2
Knoll J,Phillips Rtm,2
Knoll J,Ryan C W Hall,2
Knoll J,Tardif I,2
Knoll J,Wall B,2
Knoll J,Yang S,2
Knoll J,Zonana H,2
Levine H,Phillips Rtm,2
Levine H,Ryan C W Hall,2
Levine H,Tardif I,2
Levine H,Zonana H,2
Phillips Rtm,Ryan C W Hall,2
Phillips Rtm,Tardif I,2
Phillips Rtm,Wall B,2
Phillips Rtm,Yang S,2
Phillips Rtm,Zonana H,2
Ryan C W Hall,Wall B,2
Ryan C W Hall,Yang S,2
Ryan C W Hall,Zonana H,2
Tardif I,Wall B,2
Tardif I,Yang S,2
Tardif I,Zonana H,2
Wall B,Yang S,2
Wall B,Zonana H,2
Yang S,Zonana H,2
Jane Doe-1,Richard J Arcara,2
Alison J Nathan,Jed S Rakoff,2
Alison J Nathan,Matthew Lee,2
Candilis P,Cooke B,2
Candilis P,Forcen F,2
Candilis P,Gage B,2
Candilis P,Greenspan M,2
Candilis P,Hatters-Friedman S,2
Candilis P,Kass E,2
Candilis P,Landess J,2
Candilis P,Levin A,2
Candilis P,Packer S,2
Candilis P,Parker G,2
Candilis P,Tamburello A,2
Candilis P,Waggoner R,2
Cooke B,Forcen F,2
Cooke B,Gage B,2
Cooke B,Greenspan M,2
Cooke B,Hatters-Friedman S,2
Cooke B,Kass E,2
Cooke B,Kolla N,2
Cooke B,Landess J,2
Cooke B,Levin A,2
Cooke B,Parker G,2
Cooke B,Robert Wesley,2
Cooke B,Waggoner R,2
Forcen F,Gage B,2
Forcen F,Greenspan M,2
Forcen F,Hall Rcw,2
Forcen F,Hatters-Friedman S,2
Forcen F,Jain A,2
Forcen F,Kass E,2
Forcen F,Kolla N,2
Forcen F,Landess J,2
Forcen F,Levin A,2
Forcen F,Packer S,2
Forcen F,Parker G,2
Forcen F,Robert Wesley,2
Forcen F,Sorrentino R,2
Forcen F,Tamburello A,2
Forcen F,Waggoner R,2
Gage B,Greenspan M,2
Gage B,Hall Rcw,2
Gage B,Hatters-Friedman S,2
Gage B,Jain A,2
Gage B,Kass E,2
Gage B,Kolla N,2
Gage B,Landess J,2
Gage B,Levin A,2
Gage B,Packer S,2
Gage B,Parker G,2
Gage B,Robert Wesley,2
Gage B,Sorrentino R,2
Gage B,Tamburello A,2
Gage B,Waggoner R,2
Greenspan M,Hall Rcw,2
Greenspan M,Hatters-Friedman S,2
Greenspan M,Jain A,2
Greenspan M,Kass E,2
Greenspan M,Kolla N,2
Greenspan M,Landess J,2
Greenspan M,Levin A,2
Greenspan M,Packer S,2
Greenspan M,Parker G,2
Greenspan M,Robert Wesley,2
Greenspan M,Sorrentino R,2
Greenspan M,Tamburello A,2
Greenspan M,Waggoner R,2
Hall Rcw,Hatters-Friedman S,2
Hall Rcw,Landess J,2
Hall Rcw,Parker G,2
Hall Rcw,Waggoner R,2
Hatters-Friedman S,Jain A,2
Hatters-Friedman S,Kass E,2
Hatters-Friedman S,Kolla N,2
Hatters-Friedman S,Landess J,2
Hatters-Friedman S,Levin A,2
Hatters-Friedman S,Packer S,2
Hatters-Friedman S,Parker G,2
Hatters-Friedman S,Robert Wesley,2
Hatters-Friedman S,Sorrentino R,2
Hatters-Friedman S,Tamburello A,2
Hatters-Friedman S,Waggoner R,2
Jain A,Kass E,2
Jain A,Landess J,2
Jain A,Levin A,2
Jain A,Parker G,2
Jain A,Waggoner R,2
Kass E,Kolla N,2
Kass E,Landess J,2
Kass E,Levin A,2
Kass E,Packer S,2
Kass E,Parker G,2
Kass E,Robert Wesley,2
Kass E,Sorrentino R,2
Kass E,Tamburello A,2
Kass E,Waggoner R,2
Kolla N,Landess J,2
Kolla N,Levin A,2
Kolla N,Packer S,2
Kolla N,Parker G,2
Kolla N,Tamburello A,2
Kolla N,Waggoner R,2
Landess J,Levin A,2
Landess J,Packer S,2
Landess J,Parker G,2
Landess J,Robert Wesley,2
Landess J,Sorrentino R,2
Landess J,Tamburello A,2
Landess J,Waggoner R,2
Levin A,Packer S,2
Levin A,Parker G,2
Levin A,Robert Wesley,2
Levin A,Sorrentino R,2
Levin A,Tamburello A,2
Levin A,Waggoner R,2
Packer S,Parker G,2
Packer S,Robert Wesley,2
Packer S,Waggoner R,2
Parker G,Robert Wesley,2
Parker G,Sorrentino R,2
Parker G,Tamburello A,2
Parker G,Waggoner R,2
Robert Wesley,Tamburello A,2
Robert Wesley,Waggoner R,2
Sorrentino R,Waggoner R,2
Tamburello A,Waggoner R,2
Arredondo M,Cantu A,2
Arredondo M,Laporte G,2
Arredondo M,Shaffer D,2
Arredondo M,Stephens J,2
Cantu A,Laporte G,2
Cantu A,Shaffer D,2
Cantu A,Stephens J,2
Brent English,Minor Victim-6,2
Jay Barnes,Minor Victim-6,2
Minor Victim-6,Minor Victim-7,2
Leath Rothman,Phil Mcgraw,2
Abel Gg,Dietz Pe,2
Abel Gg,Park Dietz,2
Abel Gg,Rada Rt,2
Abel Gg,Sadoff Rl,2
Belli Rf,Clark Se,2
Belli Rf,Garry M,2
Belli Rf,Loftus Ef,2
Belli Rf,Pickrell Je,2
Clark Se,Garry M,2
Clark Se,Loftus Ef,2
Clark Se,Pickrell Je,2
Garry M,Mazzoni G A L,2
Garry M,Pickrell Je,2
Joslyn S,Loftus Ef,2
Joslyn S,Mazzoni G A L,2
Loftus Ef,Pickrell Je,2
Davis D,Levensky E,2
Cu Hane,Messerschm Tt,2
Cu Hane,W S,2
Messerschm Tt,W S,2
John Allen Muhammad,Park Dietz,2
Matthew Russell Lee,Maurene Comey,2
Abraham J,Beech A,2
Abraham J,Brown K,2
Abraham J,Chou S,2
Abraham J,Craig L,2
Abraham J,Feldman M,2
Abraham J,Houdek V,2
Abraham J,Popkin Mk,2
Abraham J,Reid Wh,2
Abraham J,Silver S,2
Abraham J,Treisman Gj,2
Abraham J,Yates G,2
Beech A,Blakey Re,2
Beech A,Brown K,2
Beech A,Chou S,2
Beech A,Craig L,2
Beech A,Dunlap Pk,2
Beech A,Feldman M,2
Beech A,Hall Rcw,2
Beech A,Houdek V,2
Beech A,Pacheco Ca,2
Beech A,Platt De,2
Beech A,Popkin Mk,2
Beech A,Reid Wh,2
Beech A,Silver S,2
Beech A,Treisman Gj,2
Beech A,Yates G,2
Blakey Re,Brown K,2
Blakey Re,Chou S,2
Blakey Re,Craig L,2
Blakey Re,Feldman M,2
Blakey Re,Houdek V,2
Blakey Re,Popkin Mk,2
Blakey Re,Reid Wh,2
Blakey Re,Silver S,2
Blakey Re,Treisman Gj,2
Blakey Re,Yates G,2
Brown K,Chou S,2
Brown K,Craig L,2
Brown K,Dunlap Pk,2
Brown K,Feldman M,2
Brown K,Hall Rcw,2
Brown K,Houdek V,2
Brown K,Pacheco Ca,2
Brown K,Platt De,2
Brown K,Popkin Mk,2
Brown K,Reid Wh,2
Brown K,Silver S,2
Brown K,Treisman Gj,2
Brown K,Yates G,2
Chou S,Craig L,2
Chou S,Dunlap Pk,2
Chou S,Feldman M,2
Chou S,Hall Rcw,2
Chou S,Houdek V,2
Chou S,Pacheco Ca,2
Chou S,Platt De,2
Chou S,Popkin Mk,2
Chou S,Reid Wh,2
Chou S,Silver S,2
Chou S,Treisman Gj,2
Chou S,Yates G,2
Craig L,Dunlap Pk,2
Craig L,Feldman M,2
Craig L,Hall Rcw,2
Craig L,Houdek V,2
Craig L,Pacheco Ca,2
Craig L,Platt De,2
Craig L,Popkin Mk,2
Craig L,Reid Wh,2
Craig L,Silver S,2
Craig L,Treisman Gj,2
Craig L,Yates G,2
Dunlap Pk,Feldman M,2
Dunlap Pk,Houdek V,2
Dunlap Pk,Platt De,2
Dunlap Pk,Popkin Mk,2
Dunlap Pk,Reid Wh,2
Dunlap Pk,Silver S,2
Dunlap Pk,Treisman Gj,2
Dunlap Pk,Yates G,2
Feldman M,Hall Rcw,2
Feldman M,Houdek V,2
Feldman M,Pacheco Ca,2
Feldman M,Platt De,2
Feldman M,Popkin Mk,2
Feldman M,Reid Wh,2
Feldman M,Silver S,2
Feldman M,Treisman Gj,2
Feldman M,Yates G,2
Hall Rcw,Houdek V,2
Hall Rcw,Popkin Mk,2
Hall Rcw,Reid Wh,2
Hall Rcw,Silver S,2
Hall Rcw,Treisman Gj,2
Hall Rcw,Yates G,2
Houdek V,Pacheco Ca,2
Houdek V,Platt De,2
Houdek V,Popkin Mk,2
Houdek V,Reid Wh,2
Houdek V,Silver S,2
Houdek V,Treisman Gj,2
Houdek V,Yates G,2
Pacheco Ca,Popkin Mk,2
Pacheco Ca,Reid Wh,2
Pacheco Ca,Silver S,2
Pacheco Ca,Treisman Gj,2
Pacheco Ca,Yates G,2
Platt De,Popkin Mk,2
Platt De,Reid Wh,2
Platt De,Silver S,2
Platt De,Treisman Gj,2
Platt De,Yates G,2
Popkin Mk,Reid Wh,2
Popkin Mk,Silver S,2
Popkin Mk,Treisman Gj,2
Popkin Mk,Yates G,2
Reid Wh,Silver S,2
Reid Wh,Treisman Gj,2
Reid Wh,Yates G,2
Silver S,Treisman Gj,2
Silver S,Yates G,2
Treisman Gj,Yates G,2
Barry Dj,Dietz Pe,2
Barry Dj,Hazelwood Rr,2
Barry Dj,Labowitz Di,2
Barry Dj,Park Dietz,2
Barry Dj,Sadoff Rl,2
Dietz Pe,Labowitz Di,2
Dietz Pe,Reid Wh,2
Dietz Pe,Tanay E,2
Fillinger H,Park Dietz,2
Hazelwood Rr,Labowitz Di,2
Hazelwood Rr,Sadoff Rl,2
Labowitz Di,Park Dietz,2
Labowitz Di,Sadoff Rl,2
Park Dietz,Tanay E,2
Rada Rt,Reid Wh,2
Reid Wh,Sadoff Rl,2
Lisa Montgomery,Park Dietz,2
Lisa Montgomery,Troy Ashmus,2
Park Dietz,Troy Ashmus,2
Jeffrey Epstein,Old Chief,2
L Stolzenberg,S D'Alessio,2
Alison Moe,Gerald Laporte,2
Alison Moe,Jennifer Naso,2
Andrew Rohrbach,Gerald Laporte,2
Andrew Rohrbach,Jennifer Naso,2
Gerald Laporte,Lara Pomerantz,2
Gerald Laporte,Maurene Comey,2
Jennifer Naso,Lara Pomerantz,2
Jennifer Naso,Maurene Comey,2
Ceci Sj,Loftus Ef,2
Dashiell Rl,Goodman J,2
Dashiell Rl,Greenmun Gn,2
Dashiell Rl,Hoffman H,2
Dashiell Rl,Loftus Ef,2
Dashiell Rl,Wagenaar Wa,2
Goodman J,Greenmun Gn,2
Goodman J,Hoffman H,2
Greenmun Gn,Hoffman H,2
Greenmun Gn,Loftus Ef,2
Greenmun Gn,Wagenaar Wa,2
Hoffman H,Wagenaar Wa,2
Loftus Gr,Wagenaar Wa,2
Loftus Gr,Wells Gl,2
Ca Courtois,D Hughes,2
Ca Courtois,Dm Hughes,2
Ca Courtois,J Anthony,2
Ca Courtois,K Rose,2
Ca Courtois,L Feil,2
Ca Courtois,Lisa Marie Rocchio,2
Ca Courtois,M Spencer,2
Ca Courtois,R Sabo,2
Ca Courtois,W Plante,2
D Hughes,Dm Hughes,2
D Hughes,J Anthony,2
D Hughes,K Rose,2
D Hughes,L Feil,2
D Hughes,Lisa Marie Rocchio,2
D Hughes,M Spencer,2
D Hughes,R Sabo,2
D Hughes,W Plante,2
Dm Hughes,J Anthony,2
Dm Hughes,K Rose,2
Dm Hughes,L Feil,2
Dm Hughes,M Spencer,2
Dm Hughes,R Sabo,2
Dm Hughes,W Plante,2
J Anthony,K Rose,2
J Anthony,L Feil,2
J Anthony,Lisa Marie Rocchio,2
J Anthony,M Spencer,2
J Anthony,R Sabo,2
J Anthony,W Plante,2
K Rose,L Feil,2
K Rose,Lisa Marie Rocchio,2
K Rose,M Spencer,2
K Rose,R Sabo,2
K Rose,W Plante,2
L Feil,Lisa Marie Rocchio,2
L Feil,M Spencer,2
L Feil,R Sabo,2
L Feil,W Plante,2
Lisa Marie Rocchio,M Spencer,2
Lisa Marie Rocchio,R Sabo,2
Lisa Marie Rocchio,W Plante,2
M Spencer,R Sabo,2
M Spencer,W Plante,2
R Sabo,W Plante,2
Bernstein Dm,Kohlenberg R J,2
Bernstein Dm,Lock T,2
Bernstein Dm,Lynn S J,2
Lynn S J,Pickrell J E,2
James R Freudenberg,Shanna K Bever,2
Kevin King,Robert P Kelso,2
Robert L Mcgahey,Robert P Kelso,2
Agent Young,Ghislaine Maxwell,2
Alison J Nathan,Ausa Rossmiller,2
Minor Victim-4,Victim-4,2
Bennett Gershman,Ghislain Maxwell,2
Barnett D,Bradford J,2
Barnett D,Dinwiddie Sh,2
Barnett D,Friedman S,2
Barnett D,Hall Rcw,2
Barnett D,Harlow M,2
Barnett D,Kaye N,2
Barnett D,Levin A,2
Barnett D,Levine H,2
Barnett D,Pasternack S,2
Barnett D,Schmidt C,2
Barnett D,Yang S,2
Bradford J,Dinwiddie Sh,2
Bradford J,Friedman S,2
Bradford J,Hall Rcw,2
Bradford J,Harlow M,2
Bradford J,Kaye N,2
Bradford J,Levin A,2
Bradford J,Levine H,2
Bradford J,Pasternack S,2
Bradford J,Schmidt C,2
Bradford J,Yang S,2
Dinwiddie Sh,Friedman S,2
Dinwiddie Sh,Hall Rcw,2
Dinwiddie Sh,Harlow M,2
Dinwiddie Sh,Kaye N,2
Dinwiddie Sh,Levin A,2
Dinwiddie Sh,Levine H,2
Dinwiddie Sh,Pasternack S,2
Dinwiddie Sh,Schmidt C,2
Dinwiddie Sh,Yang S,2
Friedman S,Harlow M,2
Friedman S,Kaye N,2
Friedman S,Levin A,2
Friedman S,Pasternack S,2
Friedman S,Schmidt C,2
Hall Rcw,Harlow M,2
Hall Rcw,Pasternack S,2
Hall Rcw,Schmidt C,2
Harlow M,Kaye N,2
Harlow M,Levin A,2
Harlow M,Levine H,2
Harlow M,Pasternack S,2
Harlow M,Schmidt C,2
Harlow M,Yang S,2
Kaye N,Levin A,2
Kaye N,Pasternack S,2
Kaye N,Schmidt C,2
Kaye N,Yang S,2
Levin A,Levine H,2
Levin A,Pasternack S,2
Levin A,Schmidt C,2
Levin A,Yang S,2
Levine H,Pasternack S,2
Levine H,Schmidt C,2
Pasternack S,Schmidt C,2
Pasternack S,Yang S,2
Schmidt C,Yang S,2
Bernstein D M,Van De Wetering S,2
Croyle Rt,Garry M,2
Croyle Rt,Loftus Ef,2
Davis D,Van De Wetering S,2
Doyle Jm,Van De Wetering S,2
Garry M,Van De Wetering S,2
Loftus Ef,Van De Wetering S,2
Chapman M,Platt De,2
Abelson Rp,Loftus Ef,2
Abelson Rp,Neisser U,2
Loftus Ef,Neisser U,2
C Smith,Dm Hughes,2
C Smith,I Johnston-Robledo,2
C Smith,J Cogan,2
C Smith,Jc Chrisler,2
C Smith,Lisa Marie Rocchio,2
Dm Hughes,I Johnston-Robledo,2
Dm Hughes,J Cogan,2
Dm Hughes,Jc Chrisler,2
I Johnston-Robledo,J Cogan,2
I Johnston-Robledo,Jc Chrisler,2
I Johnston-Robledo,Lisa Marie Rocchio,2
J Cogan,Jc Chrisler,2
J Cogan,Lisa Marie Rocchio,2
Jc Chrisler,Lisa Marie Rocchio,2
Joseph Neale,Park Dietz,2
Dietz P,Sadoff Rl,2
Alison G Moe,Alison J Nathan,2
Alison G Moe,Andrew Rohrbach,2
Alison G Moe,Bobbi C Sternheim,2
Alison G Moe,Christian R Everdell,2
Alison G Moe,Ghislaine Maxwell,2
Alison G Moe,Jeffrey S Pagliuca,2
Alison G Moe,Lara E Pomerantz,2
Alison G Moe,Laura A Menninger,2
Alison J Nathan,Lara E Pomerantz,2
Andrew Rohrbach,Lara E Pomerantz,2
Andrew Rohrbach,Maurene R Comey,2
Bobbi C Sternheim,Lara E Pomerantz,2
Bobbi C Sternheim,Maurene R Comey,2
Christian R Everdell,Lara E Pomerantz,2
Ghislaine Maxwell,Lara E Pomerantz,2
Jeffrey S Pagliuca,Lara E Pomerantz,2
Lara E Pomerantz,Laura A Menninger,2
Lara E Pomerantz,Maurene R Comey,2
Julie Brown,Sanford L Bohrer,2
Alaggia R,Bascelli E,2
Alaggia R,Bohu D,2
Alaggia R,Braun V,2
Alaggia R,Brazelton J F,2
Alaggia R,Browning C R,2
Alaggia R,Bruck M,2
Alaggia R,Ceci S J,2
Alaggia R,Clarke V,2
Alaggia R,Collin Vzina D,2
Alaggia R,Collings S J,2
Alaggia R,Cotter A,2
Alaggia R,Crisma M,2
Alaggia R,Culhane M,2
Alaggia R,Cyr M,2
Alaggia R,Dumont M,2
Alaggia R,Easton S D,2
Alaggia R,Edelstein R S,2
Alaggia R,Fallon B,2
Alaggia R,Finkelhor D,2
Alaggia R,Fontes L A,2
Alaggia R,Gagnier C,2
Alaggia R,Goel S,2
Alaggia R,Goodman Brown T B,2
Alaggia R,Goodman G S,2
Alaggia R,Gordon D S,2
Alaggia R,Greene S,2
Alaggia R,Griffiths S,2
Alaggia R,Gulbrandsen W,2
Alaggia R,Hamby S L,2
Alaggia R,Hbert M,2
Alaggia R,Hershkowitz I,2
Alaggia R,Hogan D,2
Alaggia R,Horowitz D,2
Alaggia R,Hunter S V,2
Alaggia R,Jensen T K,2
Alaggia R,Jillian B,2
Alaggia R,Joly J,2
Alaggia R,Jones D,2
Alaggia R,Jones D P H,2
Alaggia R,Jonzon E,2
Alaggia R,Kirshenbaum S,2
Alaggia R,Kiteley R,2
Alaggia R,Kogan S,2
Alaggia R,Kumalo M,2
Alaggia R,Lamb M E,2
Alaggia R,Lanes O,2
Alaggia R,Laumann E O,2
Alaggia R,Leclerc B,2
Alaggia R,Lefebvre R,2
Alaggia R,Lindblad F,2
Alaggia R,London K,2
Alaggia R,Maclaurin B,2
Alaggia R,Mcduff P,2
Alaggia R,Mcelvaney R,2
Alaggia R,Messerschmitt P,2
Alaggia R,Milne L,2
Alaggia R,Mossige S,2
Alaggia R,Paci D,2
Alaggia R,Palmer A M,2
Alaggia R,Perreault S,2
Alaggia R,Plummer C,2
Alaggia R,Reichelt S,2
Alaggia R,Rey Salmon C,2
Alaggia R,Romito P,2
Alaggia R,Sablonni D L,2
Alaggia R,Saltzman L Y,2
Alaggia R,Shattuck A,2
Alaggia R,Shuman D W,2
Alaggia R,Sinha V,2
Alaggia R,Stogdon C,2
Alaggia R,Tjersland O A,2
Alaggia R,Tourigny M,2
Alaggia R,Trocm N,2
Alaggia R,Turner H A,2
Alaggia R,Van Wert M,2
Alaggia R,Vila G,2
Alaggia R,Willis D G,2
Alaggia R,Wortley R,2
Bascelli E,Bohu D,2
Bascelli E,Braun V,2
Bascelli E,Brazelton J F,2
Bascelli E,Browning C R,2
Bascelli E,Bruck M,2
Bascelli E,Ceci S J,2
Bascelli E,Clarke V,2
Bascelli E,Collin Vzina D,2
Bascelli E,Collings S J,2
Bascelli E,Cotter A,2
Bascelli E,Crisma M,2
Bascelli E,Culhane M,2
Bascelli E,Cyr M,2
Bascelli E,Dumont M,2
Bascelli E,Easton S D,2
Bascelli E,Edelstein R S,2
Bascelli E,Fallon B,2
Bascelli E,Finkelhor D,2
Bascelli E,Fontes L A,2
Bascelli E,Gagnier C,2
Bascelli E,Goel S,2
Bascelli E,Goodman Brown T B,2
Bascelli E,Goodman G S,2
Bascelli E,Gordon D S,2
Bascelli E,Greene S,2
Bascelli E,Griffiths S,2
Bascelli E,Gulbrandsen W,2
Bascelli E,Hamby S L,2
Bascelli E,Hbert M,2
Bascelli E,Hershkowitz I,2
Bascelli E,Hogan D,2
Bascelli E,Horowitz D,2
Bascelli E,Hunter S V,2
Bascelli E,Jensen T K,2
Bascelli E,Jillian B,2
Bascelli E,Joly J,2
Bascelli E,Jones D,2
Bascelli E,Jones D P H,2
Bascelli E,Jonzon E,2
Bascelli E,Kirshenbaum S,2
Bascelli E,Kiteley R,2
Bascelli E,Kogan S,2
Bascelli E,Kumalo M,2
Bascelli E,Lamb M E,2
Bascelli E,Lanes O,2
Bascelli E,Laumann E O,2
Bascelli E,Leclerc B,2
Bascelli E,Lefebvre R,2
Bascelli E,Lindblad F,2
Bascelli E,London K,2
Bascelli E,Maclaurin B,2
Bascelli E,Mcduff P,2
Bascelli E,Mcelvaney R,2
Bascelli E,Messerschmitt P,2
Bascelli E,Milne L,2
Bascelli E,Mossige S,2
Bascelli E,Paci D,2
Bascelli E,Palmer A M,2
Bascelli E,Perreault S,2
Bascelli E,Plummer C,2
Bascelli E,Reichelt S,2
Bascelli E,Rey Salmon C,2
Bascelli E,Romito P,2
Bascelli E,Sablonni D L,2
Bascelli E,Saltzman L Y,2
Bascelli E,Shattuck A,2
Bascelli E,Shuman D W,2
Bascelli E,Sinha V,2
Bascelli E,Stogdon C,2
Bascelli E,Tjersland O A,2
Bascelli E,Tourigny M,2
Bascelli E,Trocm N,2
Bascelli E,Turner H A,2
Bascelli E,Van Wert M,2
Bascelli E,Vila G,2
Bascelli E,Willis D G,2
Bascelli E,Wortley R,2
Bohu D,Braun V,2
Bohu D,Brazelton J F,2
Bohu D,Browning C R,2
Bohu D,Bruck M,2
Bohu D,Ceci S J,2
Bohu D,Clarke V,2
Bohu D,Collin Vzina D,2
Bohu D,Collings S J,2
Bohu D,Cotter A,2
Bohu D,Crisma M,2
Bohu D,Culhane M,2
Bohu D,Cyr M,2
Bohu D,Dumont M,2
Bohu D,Easton S D,2
Bohu D,Edelstein R S,2
Bohu D,Fallon B,2
Bohu D,Finkelhor D,2
Bohu D,Fontes L A,2
Bohu D,Gagnier C,2
Bohu D,Goel S,2
Bohu D,Goodman Brown T B,2
Bohu D,Goodman G S,2
Bohu D,Gordon D S,2
Bohu D,Greene S,2
Bohu D,Griffiths S,2
Bohu D,Gulbrandsen W,2
Bohu D,Hamby S L,2
Bohu D,Hbert M,2
Bohu D,Hershkowitz I,2
Bohu D,Hogan D,2
Bohu D,Horowitz D,2
Bohu D,Hunter S V,2
Bohu D,Jensen T K,2
Bohu D,Jillian B,2
Bohu D,Joly J,2
Bohu D,Jones D,2
Bohu D,Jones D P H,2
Bohu D,Jonzon E,2
Bohu D,Kirshenbaum S,2
Bohu D,Kiteley R,2
Bohu D,Kogan S,2
Bohu D,Kumalo M,2
Bohu D,Lamb M E,2
Bohu D,Lanes O,2
Bohu D,Laumann E O,2
Bohu D,Leclerc B,2
Bohu D,Lefebvre R,2
Bohu D,Lindblad F,2
Bohu D,London K,2
Bohu D,Maclaurin B,2
Bohu D,Mcduff P,2
Bohu D,Mcelvaney R,2
Bohu D,Messerschmitt P,2
Bohu D,Milne L,2
Bohu D,Mossige S,2
Bohu D,Paci D,2
Bohu D,Palmer A M,2
Bohu D,Perreault S,2
Bohu D,Plummer C,2
Bohu D,Reichelt S,2
Bohu D,Rey Salmon C,2
Bohu D,Romito P,2
Bohu D,Sablonni D L,2
Bohu D,Saltzman L Y,2
Bohu D,Shattuck A,2
Bohu D,Shuman D W,2
Bohu D,Sinha V,2
Bohu D,Stogdon C,2
Bohu D,Tjersland O A,2
Bohu D,Tourigny M,2
Bohu D,Trocm N,2
Bohu D,Turner H A,2
Bohu D,Van Wert M,2
Bohu D,Vila G,2
Bohu D,Willis D G,2
Bohu D,Wortley R,2
Braun V,Brazelton J F,2
Braun V,Browning C R,2
Braun V,Bruck M,2
Braun V,Ceci S J,2
Braun V,Clarke V,2
Braun V,Collin Vzina D,2
Braun V,Collings S J,2
Braun V,Cotter A,2
Braun V,Crisma M,2
Braun V,Culhane M,2
Braun V,Cyr M,2
Braun V,Dumont M,2
Braun V,Easton S D,2
Braun V,Edelstein R S,2
Braun V,Fallon B,2
Braun V,Finkelhor D,2
Braun V,Fontes L A,2
Braun V,Gagnier C,2
Braun V,Goel S,2
Braun V,Goodman Brown T B,2
Braun V,Goodman G S,2
Braun V,Gordon D S,2
Braun V,Greene S,2
Braun V,Griffiths S,2
Braun V,Gulbrandsen W,2
Braun V,Hamby S L,2
Braun V,Hbert M,2
Braun V,Hershkowitz I,2
Braun V,Hogan D,2
Braun V,Horowitz D,2
Braun V,Hunter S V,2
Braun V,Jensen T K,2
Braun V,Jillian B,2
Braun V,Joly J,2
Braun V,Jones D,2
Braun V,Jones D P H,2
Braun V,Jonzon E,2
Braun V,Kirshenbaum S,2
Braun V,Kiteley R,2
Braun V,Kogan S,2
Braun V,Kumalo M,2
Braun V,Lamb M E,2
Braun V,Lanes O,2
Braun V,Laumann E O,2
Braun V,Leclerc B,2
Braun V,Lefebvre R,2
Braun V,Lindblad F,2
Braun V,London K,2
Braun V,Maclaurin B,2
Braun V,Mcduff P,2
Braun V,Mcelvaney R,2
Braun V,Messerschmitt P,2
Braun V,Milne L,2
Braun V,Mossige S,2
Braun V,Paci D,2
Braun V,Palmer A M,2
Braun V,Perreault S,2
Braun V,Plummer C,2
Braun V,Reichelt S,2
Braun V,Rey Salmon C,2
Braun V,Romito P,2
Braun V,Sablonni D L,2
Braun V,Saltzman L Y,2
Braun V,Shattuck A,2
Braun V,Shuman D W,2
Braun V,Sinha V,2
Braun V,Stogdon C,2
Braun V,Tjersland O A,2
Braun V,Tourigny M,2
Braun V,Trocm N,2
Braun V,Turner H A,2
Braun V,Van Wert M,2
Braun V,Vila G,2
Braun V,Willis D G,2
Braun V,Wortley R,2
Brazelton J F,Browning C R,2
Brazelton J F,Bruck M,2
Brazelton J F,Ceci S J,2
Brazelton J F,Clarke V,2
Brazelton J F,Collin Vzina D,2
Brazelton J F,Collings S J,2
Brazelton J F,Cotter A,2
Brazelton J F,Crisma M,2
Brazelton J F,Culhane M,2
Brazelton J F,Cyr M,2
Brazelton J F,Dumont M,2
Brazelton J F,Easton S D,2
Brazelton J F,Edelstein R S,2
Brazelton J F,Fallon B,2
Brazelton J F,Finkelhor D,2
Brazelton J F,Fontes L A,2
Brazelton J F,Gagnier C,2
Brazelton J F,Goel S,2
Brazelton J F,Goodman Brown T B,2
Brazelton J F,Goodman G S,2
Brazelton J F,Gordon D S,2
Brazelton J F,Greene S,2
Brazelton J F,Griffiths S,2
Brazelton J F,Gulbrandsen W,2
Brazelton J F,Hamby S L,2
Brazelton J F,Hbert M,2
Brazelton J F,Hershkowitz I,2
Brazelton J F,Hogan D,2
Brazelton J F,Horowitz D,2
Brazelton J F,Hunter S V,2
Brazelton J F,Jensen T K,2
Brazelton J F,Jillian B,2
Brazelton J F,Joly J,2
Brazelton J F,Jones D,2
Brazelton J F,Jones D P H,2
Brazelton J F,Jonzon E,2
Brazelton J F,Kirshenbaum S,2
Brazelton J F,Kiteley R,2
Brazelton J F,Kogan S,2
Brazelton J F,Kumalo M,2
Brazelton J F,Lamb M E,2
Brazelton J F,Lanes O,2
Brazelton J F,Laumann E O,2
Brazelton J F,Leclerc B,2
Brazelton J F,Lefebvre R,2
Brazelton J F,Lindblad F,2
Brazelton J F,London K,2
Brazelton J F,Maclaurin B,2
Brazelton J F,Mcduff P,2
Brazelton J F,Mcelvaney R,2
Brazelton J F,Messerschmitt P,2
Brazelton J F,Milne L,2
Brazelton J F,Mossige S,2
Brazelton J F,Paci D,2
Brazelton J F,Palmer A M,2
Brazelton J F,Perreault S,2
Brazelton J F,Plummer C,2
Brazelton J F,Reichelt S,2
Brazelton J F,Rey Salmon C,2
Brazelton J F,Romito P,2
Brazelton J F,Sablonni D L,2
Brazelton J F,Saltzman L Y,2
Brazelton J F,Shattuck A,2
Brazelton J F,Shuman D W,2
Brazelton J F,Sinha V,2
Brazelton J F,Stogdon C,2
Brazelton J F,Tjersland O A,2
Brazelton J F,Tourigny M,2
Brazelton J F,Trocm N,2
Brazelton J F,Turner H A,2
Brazelton J F,Van Wert M,2
Brazelton J F,Vila G,2
Brazelton J F,Willis D G,2
Brazelton J F,Wortley R,2
Browning C R,Bruck M,2
Browning C R,Ceci S J,2
Browning C R,Clarke V,2
Browning C R,Collin Vzina D,2
Browning C R,Collings S J,2
Browning C R,Cotter A,2
Browning C R,Crisma M,2
Browning C R,Culhane M,2
Browning C R,Cyr M,2
Browning C R,Dumont M,2
Browning C R,Easton S D,2
Browning C R,Edelstein R S,2
Browning C R,Fallon B,2
Browning C R,Finkelhor D,2
Browning C R,Fontes L A,2
Browning C R,Gagnier C,2
Browning C R,Goel S,2
Browning C R,Goodman Brown T B,2
Browning C R,Goodman G S,2
Browning C R,Gordon D S,2
Browning C R,Greene S,2
Browning C R,Griffiths S,2
Browning C R,Gulbrandsen W,2
Browning C R,Hamby S L,2
Browning C R,Hbert M,2
Browning C R,Hershkowitz I,2
Browning C R,Hogan D,2
Browning C R,Horowitz D,2
Browning C R,Hunter S V,2
Browning C R,Jensen T K,2
Browning C R,Jillian B,2
Browning C R,Joly J,2
Browning C R,Jones D,2
Browning C R,Jones D P H,2
Browning C R,Jonzon E,2
Browning C R,Kirshenbaum S,2
Browning C R,Kiteley R,2
Browning C R,Kogan S,2
Browning C R,Kumalo M,2
Browning C R,Lamb M E,2
Browning C R,Lanes O,2
Browning C R,Laumann E O,2
Browning C R,Leclerc B,2
Browning C R,Lefebvre R,2
Browning C R,Lindblad F,2
Browning C R,London K,2
Browning C R,Maclaurin B,2
Browning C R,Mcduff P,2
Browning C R,Mcelvaney R,2
Browning C R,Messerschmitt P,2
Browning C R,Milne L,2
Browning C R,Mossige S,2
Browning C R,Paci D,2
Browning C R,Palmer A M,2
Browning C R,Perreault S,2
Browning C R,Plummer C,2
Browning C R,Reichelt S,2
Browning C R,Rey Salmon C,2
Browning C R,Romito P,2
Browning C R,Sablonni D L,2
Browning C R,Saltzman L Y,2
Browning C R,Shattuck A,2
Browning C R,Shuman D W,2
Browning C R,Sinha V,2
Browning C R,Stogdon C,2
Browning C R,Tjersland O A,2
Browning C R,Tourigny M,2
Browning C R,Trocm N,2
Browning C R,Turner H A,2
Browning C R,Van Wert M,2
Browning C R,Vila G,2
Browning C R,Willis D G,2
Browning C R,Wortley R,2
Bruck M,Clarke V,2
Bruck M,Collin Vzina D,2
Bruck M,Collings S J,2
Bruck M,Cotter A,2
Bruck M,Crisma M,2
Bruck M,Culhane M,2
Bruck M,Cyr M,2
Bruck M,Dumont M,2
Bruck M,Easton S D,2
Bruck M,Edelstein R S,2
Bruck M,Fallon B,2
Bruck M,Fontes L A,2
Bruck M,Gagnier C,2
Bruck M,Goel S,2
Bruck M,Goodman Brown T B,2
Bruck M,Goodman G S,2
Bruck M,Gordon D S,2
Bruck M,Griffiths S,2
Bruck M,Hamby S L,2
Bruck M,Hbert M,2
Bruck M,Horowitz D,2
Bruck M,Hunter S V,2
Bruck M,Jensen T K,2
Bruck M,Jillian B,2
Bruck M,Joly J,2
Bruck M,Jones D,2
Bruck M,Jones D P H,2
Bruck M,Jonzon E,2
Bruck M,Kirshenbaum S,2
Bruck M,Kiteley R,2
Bruck M,Kogan S,2
Bruck M,Kumalo M,2
Bruck M,Lamb M E,2
Bruck M,Laumann E O,2
Bruck M,Leclerc B,2
Bruck M,Lefebvre R,2
Bruck M,Maclaurin B,2
Bruck M,Mcduff P,2
Bruck M,Messerschmitt P,2
Bruck M,Milne L,2
Bruck M,Paci D,2
Bruck M,Palmer A M,2
Bruck M,Perreault S,2
Bruck M,Plummer C,2
Bruck M,Rey Salmon C,2
Bruck M,Romito P,2
Bruck M,Sablonni D L,2
Bruck M,Saltzman L Y,2
Bruck M,Shattuck A,2
Bruck M,Shuman D W,2
Bruck M,Sinha V,2
Bruck M,Stogdon C,2
Bruck M,Tjersland O A,2
Bruck M,Tourigny M,2
Bruck M,Trocm N,2
Bruck M,Turner H A,2
Bruck M,Van Wert M,2
Bruck M,Vila G,2
Bruck M,Willis D G,2
Bruck M,Wortley R,2
Ceci S J,Clarke V,2
Ceci S J,Collin Vzina D,2
Ceci S J,Collings S J,2
Ceci S J,Cotter A,2
Ceci S J,Crisma M,2
Ceci S J,Culhane M,2
Ceci S J,Cyr M,2
Ceci S J,Dumont M,2
Ceci S J,Easton S D,2
Ceci S J,Edelstein R S,2
Ceci S J,Fallon B,2
Ceci S J,Fontes L A,2
Ceci S J,Gagnier C,2
Ceci S J,Goel S,2
Ceci S J,Goodman Brown T B,2
Ceci S J,Goodman G S,2
Ceci S J,Gordon D S,2
Ceci S J,Greene S,2
Ceci S J,Griffiths S,2
Ceci S J,Gulbrandsen W,2
Ceci S J,Hamby S L,2
Ceci S J,Hbert M,2
Ceci S J,Hershkowitz I,2
Ceci S J,Hogan D,2
Ceci S J,Horowitz D,2
Ceci S J,Hunter S V,2
Ceci S J,Jensen T K,2
Ceci S J,Jillian B,2
Ceci S J,Joly J,2
Ceci S J,Jones D,2
Ceci S J,Jones D P H,2
Ceci S J,Jonzon E,2
Ceci S J,Kirshenbaum S,2
Ceci S J,Kiteley R,2
Ceci S J,Kogan S,2
Ceci S J,Kumalo M,2
Ceci S J,Lamb M E,2
Ceci S J,Lanes O,2
Ceci S J,Laumann E O,2
Ceci S J,Leclerc B,2
Ceci S J,Lefebvre R,2
Ceci S J,Lindblad F,2
Ceci S J,London K,2
Ceci S J,Maclaurin B,2
Ceci S J,Mcduff P,2
Ceci S J,Mcelvaney R,2
Ceci S J,Messerschmitt P,2
Ceci S J,Milne L,2
Ceci S J,Mossige S,2
Ceci S J,Paci D,2
Ceci S J,Palmer A M,2
Ceci S J,Perreault S,2
Ceci S J,Plummer C,2
Ceci S J,Reichelt S,2
Ceci S J,Rey Salmon C,2
Ceci S J,Romito P,2
Ceci S J,Sablonni D L,2
Ceci S J,Saltzman L Y,2
Ceci S J,Shattuck A,2
Ceci S J,Shuman D W,2
Ceci S J,Sinha V,2
Ceci S J,Stogdon C,2
Ceci S J,Tjersland O A,2
Ceci S J,Tourigny M,2
Ceci S J,Trocm N,2
Ceci S J,Turner H A,2
Ceci S J,Van Wert M,2
Ceci S J,Vila G,2
Ceci S J,Willis D G,2
Ceci S J,Wortley R,2
Clarke V,Collin Vzina D,2
Clarke V,Collings S J,2
Clarke V,Cotter A,2
Clarke V,Crisma M,2
Clarke V,Culhane M,2
Clarke V,Cyr M,2
Clarke V,Dumont M,2
Clarke V,Easton S D,2
Clarke V,Edelstein R S,2
Clarke V,Fallon B,2
Clarke V,Finkelhor D,2
Clarke V,Fontes L A,2
Clarke V,Gagnier C,2
Clarke V,Goel S,2
Clarke V,Goodman Brown T B,2
Clarke V,Goodman G S,2
Clarke V,Gordon D S,2
Clarke V,Greene S,2
Clarke V,Griffiths S,2
Clarke V,Gulbrandsen W,2
Clarke V,Hamby S L,2
Clarke V,Hbert M,2
Clarke V,Hershkowitz I,2
Clarke V,Hogan D,2
Clarke V,Horowitz D,2
Clarke V,Hunter S V,2
Clarke V,Jensen T K,2
Clarke V,Jillian B,2
Clarke V,Joly J,2
Clarke V,Jones D,2
Clarke V,Jones D P H,2
Clarke V,Jonzon E,2
Clarke V,Kirshenbaum S,2
Clarke V,Kiteley R,2
Clarke V,Kogan S,2
Clarke V,Kumalo M,2
Clarke V,Lamb M E,2
Clarke V,Lanes O,2
Clarke V,Laumann E O,2
Clarke V,Leclerc B,2
Clarke V,Lefebvre R,2
Clarke V,Lindblad F,2
Clarke V,London K,2
Clarke V,Maclaurin B,2
Clarke V,Mcduff P,2
Clarke V,Mcelvaney R,2
Clarke V,Messerschmitt P,2
Clarke V,Milne L,2
Clarke V,Mossige S,2
Clarke V,Paci D,2
Clarke V,Palmer A M,2
Clarke V,Perreault S,2
Clarke V,Plummer C,2
Clarke V,Reichelt S,2
Clarke V,Rey Salmon C,2
Clarke V,Romito P,2
Clarke V,Sablonni D L,2
Clarke V,Saltzman L Y,2
Clarke V,Shattuck A,2
Clarke V,Shuman D W,2
Clarke V,Sinha V,2
Clarke V,Stogdon C,2
Clarke V,Tjersland O A,2
Clarke V,Tourigny M,2
Clarke V,Trocm N,2
Clarke V,Turner H A,2
Clarke V,Van Wert M,2
Clarke V,Vila G,2
Clarke V,Willis D G,2
Clarke V,Wortley R,2
Collin Vzina D,Collings S J,2
Collin Vzina D,Cotter A,2
Collin Vzina D,Crisma M,2
Collin Vzina D,Culhane M,2
Collin Vzina D,Cyr M,2
Collin Vzina D,Dumont M,2
Collin Vzina D,Easton S D,2
Collin Vzina D,Edelstein R S,2
Collin Vzina D,Fallon B,2
Collin Vzina D,Finkelhor D,2
Collin Vzina D,Fontes L A,2
Collin Vzina D,Gagnier C,2
Collin Vzina D,Goel S,2
Collin Vzina D,Goodman Brown T B,2
Collin Vzina D,Goodman G S,2
Collin Vzina D,Gordon D S,2
Collin Vzina D,Greene S,2
Collin Vzina D,Griffiths S,2
Collin Vzina D,Gulbrandsen W,2
Collin Vzina D,Hamby S L,2
Collin Vzina D,Hbert M,2
Collin Vzina D,Hershkowitz I,2
Collin Vzina D,Hogan D,2
Collin Vzina D,Horowitz D,2
Collin Vzina D,Hunter S V,2
Collin Vzina D,Jensen T K,2
Collin Vzina D,Jillian B,2
Collin Vzina D,Joly J,2
Collin Vzina D,Jones D,2
Collin Vzina D,Jones D P H,2
Collin Vzina D,Jonzon E,2
Collin Vzina D,Kirshenbaum S,2
Collin Vzina D,Kiteley R,2
Collin Vzina D,Kogan S,2
Collin Vzina D,Kumalo M,2
Collin Vzina D,Lamb M E,2
Collin Vzina D,Lanes O,2
Collin Vzina D,Laumann E O,2
Collin Vzina D,Leclerc B,2
Collin Vzina D,Lefebvre R,2
Collin Vzina D,Lindblad F,2
Collin Vzina D,London K,2
Collin Vzina D,Maclaurin B,2
Collin Vzina D,Mcduff P,2
Collin Vzina D,Mcelvaney R,2
Collin Vzina D,Messerschmitt P,2
Collin Vzina D,Milne L,2
Collin Vzina D,Mossige S,2
Collin Vzina D,Paci D,2
Collin Vzina D,Palmer A M,2
Collin Vzina D,Perreault S,2
Collin Vzina D,Plummer C,2
Collin Vzina D,Reichelt S,2
Collin Vzina D,Rey Salmon C,2
Collin Vzina D,Romito P,2
Collin Vzina D,Sablonni D L,2
Collin Vzina D,Saltzman L Y,2
Collin Vzina D,Shattuck A,2
Collin Vzina D,Shuman D W,2
Collin Vzina D,Sinha V,2
Collin Vzina D,Stogdon C,2
Collin Vzina D,Tjersland O A,2
Collin Vzina D,Tourigny M,2
Collin Vzina D,Trocm N,2
Collin Vzina D,Turner H A,2
Collin Vzina D,Van Wert M,2
Collin Vzina D,Vila G,2
Collin Vzina D,Willis D G,2
Collin Vzina D,Wortley R,2
Collings S J,Cotter A,2
Collings S J,Crisma M,2
Collings S J,Culhane M,2
Collings S J,Cyr M,2
Collings S J,Dumont M,2
Collings S J,Easton S D,2
Collings S J,Edelstein R S,2
Collings S J,Fallon B,2
Collings S J,Finkelhor D,2
Collings S J,Fontes L A,2
Collings S J,Gagnier C,2
Collings S J,Goel S,2
Collings S J,Goodman Brown T B,2
Collings S J,Goodman G S,2
Collings S J,Gordon D S,2
Collings S J,Greene S,2
Collings S J,Griffiths S,2
Collings S J,Gulbrandsen W,2
Collings S J,Hamby S L,2
Collings S J,Hbert M,2
Collings S J,Hershkowitz I,2
Collings S J,Hogan D,2
Collings S J,Horowitz D,2
Collings S J,Hunter S V,2
Collings S J,Jensen T K,2
Collings S J,Jillian B,2
Collings S J,Joly J,2
Collings S J,Jones D,2
Collings S J,Jones D P H,2
Collings S J,Jonzon E,2
Collings S J,Kirshenbaum S,2
Collings S J,Kiteley R,2
Collings S J,Kogan S,2
Collings S J,Kumalo M,2
Collings S J,Lamb M E,2
Collings S J,Lanes O,2
Collings S J,Laumann E O,2
Collings S J,Leclerc B,2
Collings S J,Lefebvre R,2
Collings S J,Lindblad F,2
Collings S J,London K,2
Collings S J,Maclaurin B,2
Collings S J,Mcduff P,2
Collings S J,Mcelvaney R,2
Collings S J,Messerschmitt P,2
Collings S J,Milne L,2
Collings S J,Mossige S,2
Collings S J,Paci D,2
Collings S J,Palmer A M,2
Collings S J,Perreault S,2
Collings S J,Plummer C,2
Collings S J,Reichelt S,2
Collings S J,Rey Salmon C,2
Collings S J,Romito P,2
Collings S J,Sablonni D L,2
Collings S J,Saltzman L Y,2
Collings S J,Shattuck A,2
Collings S J,Shuman D W,2
Collings S J,Sinha V,2
Collings S J,Stogdon C,2
Collings S J,Tjersland O A,2
Collings S J,Tourigny M,2
Collings S J,Trocm N,2
Collings S J,Turner H A,2
Collings S J,Van Wert M,2
Collings S J,Vila G,2
Collings S J,Willis D G,2
Collings S J,Wortley R,2
Cotter A,Crisma M,2
Cotter A,Culhane M,2
Cotter A,Cyr M,2
Cotter A,Dumont M,2
Cotter A,Easton S D,2
Cotter A,Edelstein R S,2
Cotter A,Fallon B,2
Cotter A,Finkelhor D,2
Cotter A,Fontes L A,2
Cotter A,Gagnier C,2
Cotter A,Goel S,2
Cotter A,Goodman Brown T B,2
Cotter A,Goodman G S,2
Cotter A,Gordon D S,2
Cotter A,Greene S,2
Cotter A,Griffiths S,2
Cotter A,Gulbrandsen W,2
Cotter A,Hamby S L,2
Cotter A,Hbert M,2
Cotter A,Hershkowitz I,2
Cotter A,Hogan D,2
Cotter A,Horowitz D,2
Cotter A,Hunter S V,2
Cotter A,Jensen T K,2
Cotter A,Jillian B,2
Cotter A,Joly J,2
Cotter A,Jones D,2
Cotter A,Jones D P H,2
Cotter A,Jonzon E,2
Cotter A,Kirshenbaum S,2
Cotter A,Kiteley R,2
Cotter A,Kogan S,2
Cotter A,Kumalo M,2
Cotter A,Lamb M E,2
Cotter A,Lanes O,2
Cotter A,Laumann E O,2
Cotter A,Leclerc B,2
Cotter A,Lefebvre R,2
Cotter A,Lindblad F,2
Cotter A,London K,2
Cotter A,Maclaurin B,2
Cotter A,Mcduff P,2
Cotter A,Mcelvaney R,2
Cotter A,Messerschmitt P,2
Cotter A,Milne L,2
Cotter A,Mossige S,2
Cotter A,Paci D,2
Cotter A,Palmer A M,2
Cotter A,Perreault S,2
Cotter A,Plummer C,2
Cotter A,Reichelt S,2
Cotter A,Rey Salmon C,2
Cotter A,Romito P,2
Cotter A,Sablonni D L,2
Cotter A,Saltzman L Y,2
Cotter A,Shattuck A,2
Cotter A,Shuman D W,2
Cotter A,Sinha V,2
Cotter A,Stogdon C,2
Cotter A,Tjersland O A,2
Cotter A,Tourigny M,2
Cotter A,Trocm N,2
Cotter A,Turner H A,2
Cotter A,Van Wert M,2
Cotter A,Vila G,2
Cotter A,Willis D G,2
Cotter A,Wortley R,2
Crisma M,Culhane M,2
Crisma M,Cyr M,2
Crisma M,Dumont M,2
Crisma M,Easton S D,2
Crisma M,Edelstein R S,2
Crisma M,Fallon B,2
Crisma M,Finkelhor D,2
Crisma M,Fontes L A,2
Crisma M,Gagnier C,2
Crisma M,Goel S,2
Crisma M,Goodman Brown T B,2
Crisma M,Goodman G S,2
Crisma M,Gordon D S,2
Crisma M,Greene S,2
Crisma M,Griffiths S,2
Crisma M,Gulbrandsen W,2
Crisma M,Hamby S L,2
Crisma M,Hbert M,2
Crisma M,Hershkowitz I,2
Crisma M,Hogan D,2
Crisma M,Horowitz D,2
Crisma M,Hunter S V,2
Crisma M,Jensen T K,2
Crisma M,Jillian B,2
Crisma M,Joly J,2
Crisma M,Jones D,2
Crisma M,Jones D P H,2
Crisma M,Jonzon E,2
Crisma M,Kirshenbaum S,2
Crisma M,Kiteley R,2
Crisma M,Kogan S,2
Crisma M,Kumalo M,2
Crisma M,Lamb M E,2
Crisma M,Lanes O,2
Crisma M,Laumann E O,2
Crisma M,Leclerc B,2
Crisma M,Lefebvre R,2
Crisma M,Lindblad F,2
Crisma M,London K,2
Crisma M,Maclaurin B,2
Crisma M,Mcduff P,2
Crisma M,Mcelvaney R,2
Crisma M,Messerschmitt P,2
Crisma M,Milne L,2
Crisma M,Mossige S,2
Crisma M,Paci D,2
Crisma M,Palmer A M,2
Crisma M,Perreault S,2
Crisma M,Plummer C,2
Crisma M,Reichelt S,2
Crisma M,Rey Salmon C,2
Crisma M,Romito P,2
Crisma M,Sablonni D L,2
Crisma M,Saltzman L Y,2
Crisma M,Shattuck A,2
Crisma M,Shuman D W,2
Crisma M,Sinha V,2
Crisma M,Stogdon C,2
Crisma M,Tjersland O A,2
Crisma M,Tourigny M,2
Crisma M,Trocm N,2
Crisma M,Turner H A,2
Crisma M,Van Wert M,2
Crisma M,Vila G,2
Crisma M,Willis D G,2
Crisma M,Wortley R,2
Culhane M,Cyr M,2
Culhane M,Dumont M,2
Culhane M,Easton S D,2
Culhane M,Edelstein R S,2
Culhane M,Fallon B,2
Culhane M,Finkelhor D,2
Culhane M,Fontes L A,2
Culhane M,Gagnier C,2
Culhane M,Goel S,2
Culhane M,Goodman Brown T B,2
Culhane M,Goodman G S,2
Culhane M,Gordon D S,2
Culhane M,Greene S,2
Culhane M,Griffiths S,2
Culhane M,Gulbrandsen W,2
Culhane M,Hamby S L,2
Culhane M,Hbert M,2
Culhane M,Hershkowitz I,2
Culhane M,Hogan D,2
Culhane M,Horowitz D,2
Culhane M,Hunter S V,2
Culhane M,Jensen T K,2
Culhane M,Jillian B,2
Culhane M,Joly J,2
Culhane M,Jones D,2
Culhane M,Jones D P H,2
Culhane M,Jonzon E,2
Culhane M,Kirshenbaum S,2
Culhane M,Kiteley R,2
Culhane M,Kogan S,2
Culhane M,Kumalo M,2
Culhane M,Lamb M E,2
Culhane M,Lanes O,2
Culhane M,Laumann E O,2
Culhane M,Leclerc B,2
Culhane M,Lefebvre R,2
Culhane M,Lindblad F,2
Culhane M,London K,2
Culhane M,Maclaurin B,2
Culhane M,Mcduff P,2
Culhane M,Mcelvaney R,2
Culhane M,Messerschmitt P,2
Culhane M,Milne L,2
Culhane M,Mossige S,2
Culhane M,Paci D,2
Culhane M,Palmer A M,2
Culhane M,Perreault S,2
Culhane M,Plummer C,2
Culhane M,Reichelt S,2
Culhane M,Rey Salmon C,2
Culhane M,Romito P,2
Culhane M,Sablonni D L,2
Culhane M,Saltzman L Y,2
Culhane M,Shattuck A,2
Culhane M,Shuman D W,2
Culhane M,Sinha V,2
Culhane M,Stogdon C,2
Culhane M,Tjersland O A,2
Culhane M,Tourigny M,2
Culhane M,Trocm N,2
Culhane M,Turner H A,2
Culhane M,Van Wert M,2
Culhane M,Vila G,2
Culhane M,Willis D G,2
Culhane M,Wortley R,2
Cyr M,Dumont M,2
Cyr M,Easton S D,2
Cyr M,Edelstein R S,2
Cyr M,Fallon B,2
Cyr M,Finkelhor D,2
Cyr M,Fontes L A,2
Cyr M,Gagnier C,2
Cyr M,Goel S,2
Cyr M,Goodman Brown T B,2
Cyr M,Goodman G S,2
Cyr M,Gordon D S,2
Cyr M,Greene S,2
Cyr M,Griffiths S,2
Cyr M,Gulbrandsen W,2
Cyr M,Hamby S L,2
Cyr M,Hbert M,2
Cyr M,Hershkowitz I,2
Cyr M,Hogan D,2
Cyr M,Horowitz D,2
Cyr M,Hunter S V,2
Cyr M,Jensen T K,2
Cyr M,Jillian B,2
Cyr M,Joly J,2
Cyr M,Jones D,2
Cyr M,Jones D P H,2
Cyr M,Jonzon E,2
Cyr M,Kirshenbaum S,2
Cyr M,Kiteley R,2
Cyr M,Kogan S,2
Cyr M,Kumalo M,2
Cyr M,Lamb M E,2
Cyr M,Lanes O,2
Cyr M,Laumann E O,2
Cyr M,Leclerc B,2
Cyr M,Lefebvre R,2
Cyr M,Lindblad F,2
Cyr M,London K,2
Cyr M,Maclaurin B,2
Cyr M,Mcduff P,2
Cyr M,Mcelvaney R,2
Cyr M,Messerschmitt P,2
Cyr M,Milne L,2
Cyr M,Mossige S,2
Cyr M,Paci D,2
Cyr M,Palmer A M,2
Cyr M,Perreault S,2
Cyr M,Plummer C,2
Cyr M,Reichelt S,2
Cyr M,Rey Salmon C,2
Cyr M,Romito P,2
Cyr M,Sablonni D L,2
Cyr M,Saltzman L Y,2
Cyr M,Shattuck A,2
Cyr M,Shuman D W,2
Cyr M,Sinha V,2
Cyr M,Stogdon C,2
Cyr M,Tjersland O A,2
Cyr M,Tourigny M,2
Cyr M,Trocm N,2
Cyr M,Turner H A,2
Cyr M,Van Wert M,2
Cyr M,Vila G,2
Cyr M,Willis D G,2
Cyr M,Wortley R,2
Dumont M,Easton S D,2
Dumont M,Edelstein R S,2
Dumont M,Fallon B,2
Dumont M,Finkelhor D,2
Dumont M,Fontes L A,2
Dumont M,Gagnier C,2
Dumont M,Goel S,2
Dumont M,Goodman Brown T B,2
Dumont M,Goodman G S,2
Dumont M,Gordon D S,2
Dumont M,Greene S,2
Dumont M,Griffiths S,2
Dumont M,Gulbrandsen W,2
Dumont M,Hamby S L,2
Dumont M,Hbert M,2
Dumont M,Hershkowitz I,2
Dumont M,Hogan D,2
Dumont M,Horowitz D,2
Dumont M,Hunter S V,2
Dumont M,Jensen T K,2
Dumont M,Jillian B,2
Dumont M,Joly J,2
Dumont M,Jones D,2
Dumont M,Jones D P H,2
Dumont M,Jonzon E,2
Dumont M,Kirshenbaum S,2
Dumont M,Kiteley R,2
Dumont M,Kogan S,2
Dumont M,Kumalo M,2
Dumont M,Lamb M E,2
Dumont M,Lanes O,2
Dumont M,Laumann E O,2
Dumont M,Leclerc B,2
Dumont M,Lefebvre R,2
Dumont M,Lindblad F,2
Dumont M,London K,2
Dumont M,Maclaurin B,2
Dumont M,Mcduff P,2
Dumont M,Mcelvaney R,2
Dumont M,Messerschmitt P,2
Dumont M,Milne L,2
Dumont M,Mossige S,2
Dumont M,Paci D,2
Dumont M,Palmer A M,2
Dumont M,Perreault S,2
Dumont M,Plummer C,2
Dumont M,Reichelt S,2
Dumont M,Rey Salmon C,2
Dumont M,Romito P,2
Dumont M,Sablonni D L,2
Dumont M,Saltzman L Y,2
Dumont M,Shattuck A,2
Dumont M,Shuman D W,2
Dumont M,Sinha V,2
Dumont M,Stogdon C,2
Dumont M,Tjersland O A,2
Dumont M,Tourigny M,2
Dumont M,Trocm N,2
Dumont M,Turner H A,2
Dumont M,Van Wert M,2
Dumont M,Vila G,2
Dumont M,Willis D G,2
Dumont M,Wortley R,2
Easton S D,Edelstein R S,2
Easton S D,Fallon B,2
Easton S D,Finkelhor D,2
Easton S D,Fontes L A,2
Easton S D,Gagnier C,2
Easton S D,Goel S,2
Easton S D,Goodman Brown T B,2
Easton S D,Goodman G S,2
Easton S D,Gordon D S,2
Easton S D,Greene S,2
Easton S D,Griffiths S,2
Easton S D,Gulbrandsen W,2
Easton S D,Hamby S L,2
Easton S D,Hbert M,2
Easton S D,Hershkowitz I,2
Easton S D,Hogan D,2
Easton S D,Horowitz D,2
Easton S D,Hunter S V,2
Easton S D,Jensen T K,2
Easton S D,Jillian B,2
Easton S D,Joly J,2
Easton S D,Jones D,2
Easton S D,Jones D P H,2
Easton S D,Jonzon E,2
Easton S D,Kirshenbaum S,2
Easton S D,Kiteley R,2
Easton S D,Kogan S,2
Easton S D,Kumalo M,2
Easton S D,Lamb M E,2
Easton S D,Lanes O,2
Easton S D,Laumann E O,2
Easton S D,Leclerc B,2
Easton S D,Lefebvre R,2
Easton S D,Lindblad F,2
Easton S D,London K,2
Easton S D,Maclaurin B,2
Easton S D,Mcduff P,2
Easton S D,Mcelvaney R,2
Easton S D,Messerschmitt P,2
Easton S D,Milne L,2
Easton S D,Mossige S,2
Easton S D,Paci D,2
Easton S D,Palmer A M,2
Easton S D,Perreault S,2
Easton S D,Plummer C,2
Easton S D,Reichelt S,2
Easton S D,Rey Salmon C,2
Easton S D,Romito P,2
Easton S D,Sablonni D L,2
Easton S D,Saltzman L Y,2
Easton S D,Shattuck A,2
Easton S D,Shuman D W,2
Easton S D,Sinha V,2
Easton S D,Stogdon C,2
Easton S D,Tjersland O A,2
Easton S D,Tourigny M,2
Easton S D,Trocm N,2
Easton S D,Turner H A,2
Easton S D,Van Wert M,2
Easton S D,Vila G,2
Easton S D,Willis D G,2
Easton S D,Wortley R,2
Edelstein R S,Fallon B,2
Edelstein R S,Finkelhor D,2
Edelstein R S,Fontes L A,2
Edelstein R S,Gagnier C,2
Edelstein R S,Goel S,2
Edelstein R S,Goodman Brown T B,2
Edelstein R S,Goodman G S,2
Edelstein R S,Gordon D S,2
Edelstein R S,Greene S,2
Edelstein R S,Griffiths S,2
Edelstein R S,Gulbrandsen W,2
Edelstein R S,Hamby S L,2
Edelstein R S,Hbert M,2
Edelstein R S,Hershkowitz I,2
Edelstein R S,Hogan D,2
Edelstein R S,Horowitz D,2
Edelstein R S,Hunter S V,2
Edelstein R S,Jensen T K,2
Edelstein R S,Jillian B,2
Edelstein R S,Joly J,2
Edelstein R S,Jones D,2
Edelstein R S,Jones D P H,2
Edelstein R S,Jonzon E,2
Edelstein R S,Kirshenbaum S,2
Edelstein R S,Kiteley R,2
Edelstein R S,Kogan S,2
Edelstein R S,Kumalo M,2
Edelstein R S,Lamb M E,2
Edelstein R S,Lanes O,2
Edelstein R S,Laumann E O,2
Edelstein R S,Leclerc B,2
Edelstein R S,Lefebvre R,2
Edelstein R S,Lindblad F,2
Edelstein R S,London K,2
Edelstein R S,Maclaurin B,2
Edelstein R S,Mcduff P,2
Edelstein R S,Mcelvaney R,2
Edelstein R S,Messerschmitt P,2
Edelstein R S,Milne L,2
Edelstein R S,Mossige S,2
Edelstein R S,Paci D,2
Edelstein R S,Palmer A M,2
Edelstein R S,Perreault S,2
Edelstein R S,Plummer C,2
Edelstein R S,Reichelt S,2
Edelstein R S,Rey Salmon C,2
Edelstein R S,Romito P,2
Edelstein R S,Sablonni D L,2
Edelstein R S,Saltzman L Y,2
Edelstein R S,Shattuck A,2
Edelstein R S,Shuman D W,2
Edelstein R S,Sinha V,2
Edelstein R S,Stogdon C,2
Edelstein R S,Tjersland O A,2
Edelstein R S,Tourigny M,2
Edelstein R S,Trocm N,2
Edelstein R S,Turner H A,2
Edelstein R S,Van Wert M,2
Edelstein R S,Vila G,2
Edelstein R S,Willis D G,2
Edelstein R S,Wortley R,2
Fallon B,Finkelhor D,2
Fallon B,Fontes L A,2
Fallon B,Gagnier C,2
Fallon B,Goel S,2
Fallon B,Goodman Brown T B,2
Fallon B,Goodman G S,2
Fallon B,Gordon D S,2
Fallon B,Griffiths S,2
Fallon B,Gulbrandsen W,2
Fallon B,Hamby S L,2
Fallon B,Hbert M,2
Fallon B,Hershkowitz I,2
Fallon B,Horowitz D,2
Fallon B,Hunter S V,2
Fallon B,Jensen T K,2
Fallon B,Jillian B,2
Fallon B,Joly J,2
Fallon B,Jones D,2
Fallon B,Jones D P H,2
Fallon B,Jonzon E,2
Fallon B,Kirshenbaum S,2
Fallon B,Kiteley R,2
Fallon B,Kogan S,2
Fallon B,Kumalo M,2
Fallon B,Lamb M E,2
Fallon B,Lanes O,2
Fallon B,Laumann E O,2
Fallon B,Leclerc B,2
Fallon B,Lefebvre R,2
Fallon B,Lindblad F,2
Fallon B,London K,2
Fallon B,Mcduff P,2
Fallon B,Messerschmitt P,2
Fallon B,Milne L,2
Fallon B,Mossige S,2
Fallon B,Paci D,2
Fallon B,Palmer A M,2
Fallon B,Perreault S,2
Fallon B,Plummer C,2
Fallon B,Reichelt S,2
Fallon B,Rey Salmon C,2
Fallon B,Romito P,2
Fallon B,Sablonni D L,2
Fallon B,Saltzman L Y,2
Fallon B,Shattuck A,2
Fallon B,Shuman D W,2
Fallon B,Stogdon C,2
Fallon B,Tjersland O A,2
Fallon B,Tourigny M,2
Fallon B,Turner H A,2
Fallon B,Van Wert M,2
Fallon B,Vila G,2
Fallon B,Willis D G,2
Fallon B,Wortley R,2
Finkelhor D,Fontes L A,2
Finkelhor D,Gagnier C,2
Finkelhor D,Goel S,2
Finkelhor D,Goodman Brown T B,2
Finkelhor D,Goodman G S,2
Finkelhor D,Gordon D S,2
Finkelhor D,Greene S,2
Finkelhor D,Griffiths S,2
Finkelhor D,Gulbrandsen W,2
Finkelhor D,Hamby S L,2
Finkelhor D,Hbert M,2
Finkelhor D,Hershkowitz I,2
Finkelhor D,Hogan D,2
Finkelhor D,Horowitz D,2
Finkelhor D,Hunter S V,2
Finkelhor D,Jensen T K,2
Finkelhor D,Jillian B,2
Finkelhor D,Joly J,2
Finkelhor D,Jones D,2
Finkelhor D,Jones D P H,2
Finkelhor D,Jonzon E,2
Finkelhor D,Kirshenbaum S,2
Finkelhor D,Kiteley R,2
Finkelhor D,Kogan S,2
Finkelhor D,Kumalo M,2
Finkelhor D,Lamb M E,2
Finkelhor D,Lanes O,2
Finkelhor D,Laumann E O,2
Finkelhor D,Leclerc B,2
Finkelhor D,Lefebvre R,2
Finkelhor D,Lindblad F,2
Finkelhor D,London K,2
Finkelhor D,Maclaurin B,2
Finkelhor D,Mcduff P,2
Finkelhor D,Mcelvaney R,2
Finkelhor D,Messerschmitt P,2
Finkelhor D,Milne L,2
Finkelhor D,Mossige S,2
Finkelhor D,Paci D,2
Finkelhor D,Palmer A M,2
Finkelhor D,Perreault S,2
Finkelhor D,Plummer C,2
Finkelhor D,Reichelt S,2
Finkelhor D,Rey Salmon C,2
Finkelhor D,Romito P,2
Finkelhor D,Sablonni D L,2
Finkelhor D,Saltzman L Y,2
Finkelhor D,Shattuck A,2
Finkelhor D,Shuman D W,2
Finkelhor D,Sinha V,2
Finkelhor D,Stogdon C,2
Finkelhor D,Tjersland O A,2
Finkelhor D,Tourigny M,2
Finkelhor D,Trocm N,2
Finkelhor D,Turner H A,2
Finkelhor D,Van Wert M,2
Finkelhor D,Vila G,2
Finkelhor D,Willis D G,2
Finkelhor D,Wortley R,2
Fontes L A,Gagnier C,2
Fontes L A,Goel S,2
Fontes L A,Goodman Brown T B,2
Fontes L A,Goodman G S,2
Fontes L A,Gordon D S,2
Fontes L A,Greene S,2
Fontes L A,Griffiths S,2
Fontes L A,Gulbrandsen W,2
Fontes L A,Hamby S L,2
Fontes L A,Hbert M,2
Fontes L A,Hershkowitz I,2
Fontes L A,Hogan D,2
Fontes L A,Horowitz D,2
Fontes L A,Hunter S V,2
Fontes L A,Jensen T K,2
Fontes L A,Jillian B,2
Fontes L A,Joly J,2
Fontes L A,Jones D,2
Fontes L A,Jones D P H,2
Fontes L A,Jonzon E,2
Fontes L A,Kirshenbaum S,2
Fontes L A,Kiteley R,2
Fontes L A,Kogan S,2
Fontes L A,Kumalo M,2
Fontes L A,Lamb M E,2
Fontes L A,Lanes O,2
Fontes L A,Laumann E O,2
Fontes L A,Leclerc B,2
Fontes L A,Lefebvre R,2
Fontes L A,Lindblad F,2
Fontes L A,London K,2
Fontes L A,Maclaurin B,2
Fontes L A,Mcduff P,2
Fontes L A,Mcelvaney R,2
Fontes L A,Messerschmitt P,2
Fontes L A,Milne L,2
Fontes L A,Mossige S,2
Fontes L A,Paci D,2
Fontes L A,Palmer A M,2
Fontes L A,Perreault S,2
Fontes L A,Plummer C,2
Fontes L A,Reichelt S,2
Fontes L A,Rey Salmon C,2
Fontes L A,Romito P,2
Fontes L A,Sablonni D L,2
Fontes L A,Saltzman L Y,2
Fontes L A,Shattuck A,2
Fontes L A,Shuman D W,2
Fontes L A,Sinha V,2
Fontes L A,Stogdon C,2
Fontes L A,Tjersland O A,2
Fontes L A,Tourigny M,2
Fontes L A,Trocm N,2
Fontes L A,Turner H A,2
Fontes L A,Van Wert M,2
Fontes L A,Vila G,2
Fontes L A,Willis D G,2
Fontes L A,Wortley R,2
Gagnier C,Goel S,2
Gagnier C,Goodman Brown T B,2
Gagnier C,Goodman G S,2
Gagnier C,Gordon D S,2
Gagnier C,Greene S,2
Gagnier C,Griffiths S,2
Gagnier C,Gulbrandsen W,2
Gagnier C,Hamby S L,2
Gagnier C,Hbert M,2
Gagnier C,Hershkowitz I,2
Gagnier C,Hogan D,2
Gagnier C,Horowitz D,2
Gagnier C,Hunter S V,2
Gagnier C,Jensen T K,2
Gagnier C,Jillian B,2
Gagnier C,Joly J,2
Gagnier C,Jones D,2
Gagnier C,Jones D P H,2
Gagnier C,Jonzon E,2
Gagnier C,Kirshenbaum S,2
Gagnier C,Kiteley R,2
Gagnier C,Kogan S,2
Gagnier C,Kumalo M,2
Gagnier C,Lamb M E,2
Gagnier C,Lanes O,2
Gagnier C,Laumann E O,2
Gagnier C,Leclerc B,2
Gagnier C,Lefebvre R,2
Gagnier C,Lindblad F,2
Gagnier C,London K,2
Gagnier C,Maclaurin B,2
Gagnier C,Mcduff P,2
Gagnier C,Mcelvaney R,2
Gagnier C,Messerschmitt P,2
Gagnier C,Milne L,2
Gagnier C,Mossige S,2
Gagnier C,Paci D,2
Gagnier C,Palmer A M,2
Gagnier C,Perreault S,2
Gagnier C,Plummer C,2
Gagnier C,Reichelt S,2
Gagnier C,Rey Salmon C,2
Gagnier C,Romito P,2
Gagnier C,Sablonni D L,2
Gagnier C,Saltzman L Y,2
Gagnier C,Shattuck A,2
Gagnier C,Shuman D W,2
Gagnier C,Sinha V,2
Gagnier C,Stogdon C,2
Gagnier C,Tjersland O A,2
Gagnier C,Tourigny M,2
Gagnier C,Trocm N,2
Gagnier C,Turner H A,2
Gagnier C,Van Wert M,2
Gagnier C,Vila G,2
Gagnier C,Willis D G,2
Gagnier C,Wortley R,2
Goel S,Goodman Brown T B,2
Goel S,Goodman G S,2
Goel S,Gordon D S,2
Goel S,Greene S,2
Goel S,Griffiths S,2
Goel S,Gulbrandsen W,2
Goel S,Hamby S L,2
Goel S,Hbert M,2
Goel S,Hershkowitz I,2
Goel S,Hogan D,2
Goel S,Horowitz D,2
Goel S,Hunter S V,2
Goel S,Jensen T K,2
Goel S,Jillian B,2
Goel S,Joly J,2
Goel S,Jones D,2
Goel S,Jones D P H,2
Goel S,Jonzon E,2
Goel S,Kirshenbaum S,2
Goel S,Kiteley R,2
Goel S,Kogan S,2
Goel S,Kumalo M,2
Goel S,Lamb M E,2
Goel S,Lanes O,2
Goel S,Laumann E O,2
Goel S,Leclerc B,2
Goel S,Lefebvre R,2
Goel S,Lindblad F,2
Goel S,London K,2
Goel S,Maclaurin B,2
Goel S,Mcduff P,2
Goel S,Mcelvaney R,2
Goel S,Messerschmitt P,2
Goel S,Milne L,2
Goel S,Mossige S,2
Goel S,Paci D,2
Goel S,Palmer A M,2
Goel S,Perreault S,2
Goel S,Plummer C,2
Goel S,Reichelt S,2
Goel S,Rey Salmon C,2
Goel S,Romito P,2
Goel S,Sablonni D L,2
Goel S,Saltzman L Y,2
Goel S,Shattuck A,2
Goel S,Shuman D W,2
Goel S,Sinha V,2
Goel S,Stogdon C,2
Goel S,Tjersland O A,2
Goel S,Tourigny M,2
Goel S,Trocm N,2
Goel S,Turner H A,2
Goel S,Van Wert M,2
Goel S,Vila G,2
Goel S,Willis D G,2
Goel S,Wortley R,2
Goodman Brown T B,Goodman G S,2
Goodman Brown T B,Gordon D S,2
Goodman Brown T B,Greene S,2
Goodman Brown T B,Griffiths S,2
Goodman Brown T B,Gulbrandsen W,2
Goodman Brown T B,Hamby S L,2
Goodman Brown T B,Hbert M,2
Goodman Brown T B,Hershkowitz I,2
Goodman Brown T B,Hogan D,2
Goodman Brown T B,Horowitz D,2
Goodman Brown T B,Hunter S V,2
Goodman Brown T B,Jensen T K,2
Goodman Brown T B,Jillian B,2
Goodman Brown T B,Joly J,2
Goodman Brown T B,Jones D,2
Goodman Brown T B,Jones D P H,2
Goodman Brown T B,Jonzon E,2
Goodman Brown T B,Kirshenbaum S,2
Goodman Brown T B,Kiteley R,2
Goodman Brown T B,Kogan S,2
Goodman Brown T B,Kumalo M,2
Goodman Brown T B,Lamb M E,2
Goodman Brown T B,Lanes O,2
Goodman Brown T B,Laumann E O,2
Goodman Brown T B,Leclerc B,2
Goodman Brown T B,Lefebvre R,2
Goodman Brown T B,Lindblad F,2
Goodman Brown T B,London K,2
Goodman Brown T B,Maclaurin B,2
Goodman Brown T B,Mcduff P,2
Goodman Brown T B,Mcelvaney R,2
Goodman Brown T B,Messerschmitt P,2
Goodman Brown T B,Milne L,2
Goodman Brown T B,Mossige S,2
Goodman Brown T B,Paci D,2
Goodman Brown T B,Palmer A M,2
Goodman Brown T B,Perreault S,2
Goodman Brown T B,Plummer C,2
Goodman Brown T B,Reichelt S,2
Goodman Brown T B,Rey Salmon C,2
Goodman Brown T B,Romito P,2
Goodman Brown T B,Sablonni D L,2
Goodman Brown T B,Saltzman L Y,2
Goodman Brown T B,Shattuck A,2
Goodman Brown T B,Shuman D W,2
Goodman Brown T B,Sinha V,2
Goodman Brown T B,Stogdon C,2
Goodman Brown T B,Tjersland O A,2
Goodman Brown T B,Tourigny M,2
Goodman Brown T B,Trocm N,2
Goodman Brown T B,Turner H A,2
Goodman Brown T B,Van Wert M,2
Goodman Brown T B,Vila G,2
Goodman Brown T B,Willis D G,2
Goodman Brown T B,Wortley R,2
Goodman G S,Gordon D S,2
Goodman G S,Greene S,2
Goodman G S,Griffiths S,2
Goodman G S,Gulbrandsen W,2
Goodman G S,Hamby S L,2
Goodman G S,Hbert M,2
Goodman G S,Hershkowitz I,2
Goodman G S,Hogan D,2
Goodman G S,Horowitz D,2
Goodman G S,Hunter S V,2
Goodman G S,Jensen T K,2
Goodman G S,Jillian B,2
Goodman G S,Joly J,2
Goodman G S,Jones D,2
Goodman G S,Jones D P H,2
Goodman G S,Jonzon E,2
Goodman G S,Kirshenbaum S,2
Goodman G S,Kiteley R,2
Goodman G S,Kogan S,2
Goodman G S,Kumalo M,2
Goodman G S,Lamb M E,2
Goodman G S,Lanes O,2
Goodman G S,Laumann E O,2
Goodman G S,Leclerc B,2
Goodman G S,Lefebvre R,2
Goodman G S,Lindblad F,2
Goodman G S,London K,2
Goodman G S,Maclaurin B,2
Goodman G S,Mcduff P,2
Goodman G S,Mcelvaney R,2
Goodman G S,Messerschmitt P,2
Goodman G S,Milne L,2
Goodman G S,Mossige S,2
Goodman G S,Paci D,2
Goodman G S,Palmer A M,2
Goodman G S,Perreault S,2
Goodman G S,Plummer C,2
Goodman G S,Reichelt S,2
Goodman G S,Rey Salmon C,2
Goodman G S,Romito P,2
Goodman G S,Sablonni D L,2
Goodman G S,Saltzman L Y,2
Goodman G S,Shattuck A,2
Goodman G S,Shuman D W,2
Goodman G S,Sinha V,2
Goodman G S,Stogdon C,2
Goodman G S,Tjersland O A,2
Goodman G S,Tourigny M,2
Goodman G S,Trocm N,2
Goodman G S,Turner H A,2
Goodman G S,Van Wert M,2
Goodman G S,Vila G,2
Goodman G S,Willis D G,2
Goodman G S,Wortley R,2
Gordon D S,Greene S,2
Gordon D S,Griffiths S,2
Gordon D S,Gulbrandsen W,2
Gordon D S,Hamby S L,2
Gordon D S,Hbert M,2
Gordon D S,Hershkowitz I,2
Gordon D S,Hogan D,2
Gordon D S,Horowitz D,2
Gordon D S,Hunter S V,2
Gordon D S,Jensen T K,2
Gordon D S,Jillian B,2
Gordon D S,Joly J,2
Gordon D S,Jones D,2
Gordon D S,Jones D P H,2
Gordon D S,Jonzon E,2
Gordon D S,Kirshenbaum S,2
Gordon D S,Kiteley R,2
Gordon D S,Kogan S,2
Gordon D S,Kumalo M,2
Gordon D S,Lamb M E,2
Gordon D S,Lanes O,2
Gordon D S,Laumann E O,2
Gordon D S,Leclerc B,2
Gordon D S,Lefebvre R,2
Gordon D S,Lindblad F,2
Gordon D S,London K,2
Gordon D S,Maclaurin B,2
Gordon D S,Mcduff P,2
Gordon D S,Mcelvaney R,2
Gordon D S,Messerschmitt P,2
Gordon D S,Milne L,2
Gordon D S,Mossige S,2
Gordon D S,Paci D,2
Gordon D S,Palmer A M,2
Gordon D S,Perreault S,2
Gordon D S,Plummer C,2
Gordon D S,Reichelt S,2
Gordon D S,Rey Salmon C,2
Gordon D S,Romito P,2
Gordon D S,Sablonni D L,2
Gordon D S,Saltzman L Y,2
Gordon D S,Shattuck A,2
Gordon D S,Shuman D W,2
Gordon D S,Sinha V,2
Gordon D S,Stogdon C,2
Gordon D S,Tjersland O A,2
Gordon D S,Tourigny M,2
Gordon D S,Trocm N,2
Gordon D S,Turner H A,2
Gordon D S,Van Wert M,2
Gordon D S,Vila G,2
Gordon D S,Willis D G,2
Gordon D S,Wortley R,2
Greene S,Griffiths S,2
Greene S,Hamby S L,2
Greene S,Hbert M,2
Greene S,Horowitz D,2
Greene S,Hunter S V,2
Greene S,Jensen T K,2
Greene S,Jillian B,2
Greene S,Joly J,2
Greene S,Jones D,2
Greene S,Jones D P H,2
Greene S,Jonzon E,2
Greene S,Kirshenbaum S,2
Greene S,Kiteley R,2
Greene S,Kogan S,2
Greene S,Kumalo M,2
Greene S,Lamb M E,2
Greene S,Laumann E O,2
Greene S,Leclerc B,2
Greene S,Lefebvre R,2
Greene S,Mcduff P,2
Greene S,Messerschmitt P,2
Greene S,Milne L,2
Greene S,Paci D,2
Greene S,Palmer A M,2
Greene S,Perreault S,2
Greene S,Plummer C,2
Greene S,Rey Salmon C,2
Greene S,Romito P,2
Greene S,Sablonni D L,2
Greene S,Saltzman L Y,2
Greene S,Shattuck A,2
Greene S,Shuman D W,2
Greene S,Stogdon C,2
Greene S,Tjersland O A,2
Greene S,Tourigny M,2
Greene S,Turner H A,2
Greene S,Van Wert M,2
Greene S,Vila G,2
Greene S,Willis D G,2
Greene S,Wortley R,2
Griffiths S,Gulbrandsen W,2
Griffiths S,Hamby S L,2
Griffiths S,Hbert M,2
Griffiths S,Hershkowitz I,2
Griffiths S,Hogan D,2
Griffiths S,Horowitz D,2
Griffiths S,Hunter S V,2
Griffiths S,Jensen T K,2
Griffiths S,Jillian B,2
Griffiths S,Joly J,2
Griffiths S,Jones D,2
Griffiths S,Jones D P H,2
Griffiths S,Jonzon E,2
Griffiths S,Kirshenbaum S,2
Griffiths S,Kiteley R,2
Griffiths S,Kogan S,2
Griffiths S,Kumalo M,2
Griffiths S,Lamb M E,2
Griffiths S,Lanes O,2
Griffiths S,Laumann E O,2
Griffiths S,Leclerc B,2
Griffiths S,Lefebvre R,2
Griffiths S,Lindblad F,2
Griffiths S,London K,2
Griffiths S,Maclaurin B,2
Griffiths S,Mcduff P,2
Griffiths S,Mcelvaney R,2
Griffiths S,Messerschmitt P,2
Griffiths S,Milne L,2
Griffiths S,Mossige S,2
Griffiths S,Paci D,2
Griffiths S,Palmer A M,2
Griffiths S,Perreault S,2
Griffiths S,Plummer C,2
Griffiths S,Reichelt S,2
Griffiths S,Rey Salmon C,2
Griffiths S,Romito P,2
Griffiths S,Sablonni D L,2
Griffiths S,Saltzman L Y,2
Griffiths S,Shattuck A,2
Griffiths S,Shuman D W,2
Griffiths S,Sinha V,2
Griffiths S,Stogdon C,2
Griffiths S,Tjersland O A,2
Griffiths S,Tourigny M,2
Griffiths S,Trocm N,2
Griffiths S,Turner H A,2
Griffiths S,Van Wert M,2
Griffiths S,Vila G,2
Griffiths S,Willis D G,2
Griffiths S,Wortley R,2
Gulbrandsen W,Hamby S L,2
Gulbrandsen W,Hbert M,2
Gulbrandsen W,Horowitz D,2
Gulbrandsen W,Hunter S V,2
Gulbrandsen W,Jensen T K,2
Gulbrandsen W,Jillian B,2
Gulbrandsen W,Joly J,2
Gulbrandsen W,Jones D,2
Gulbrandsen W,Jones D P H,2
Gulbrandsen W,Jonzon E,2
Gulbrandsen W,Kirshenbaum S,2
Gulbrandsen W,Kiteley R,2
Gulbrandsen W,Kogan S,2
Gulbrandsen W,Kumalo M,2
Gulbrandsen W,Lamb M E,2
Gulbrandsen W,Laumann E O,2
Gulbrandsen W,Leclerc B,2
Gulbrandsen W,Lefebvre R,2
Gulbrandsen W,Maclaurin B,2
Gulbrandsen W,Mcduff P,2
Gulbrandsen W,Messerschmitt P,2
Gulbrandsen W,Milne L,2
Gulbrandsen W,Paci D,2
Gulbrandsen W,Palmer A M,2
Gulbrandsen W,Perreault S,2
Gulbrandsen W,Plummer C,2
Gulbrandsen W,Rey Salmon C,2
Gulbrandsen W,Romito P,2
Gulbrandsen W,Sablonni D L,2
Gulbrandsen W,Saltzman L Y,2
Gulbrandsen W,Shattuck A,2
Gulbrandsen W,Shuman D W,2
Gulbrandsen W,Sinha V,2
Gulbrandsen W,Stogdon C,2
Gulbrandsen W,Tjersland O A,2
Gulbrandsen W,Tourigny M,2
Gulbrandsen W,Trocm N,2
Gulbrandsen W,Turner H A,2
Gulbrandsen W,Van Wert M,2
Gulbrandsen W,Vila G,2
Gulbrandsen W,Willis D G,2
Gulbrandsen W,Wortley R,2
Hamby S L,Hbert M,2
Hamby S L,Hershkowitz I,2
Hamby S L,Hogan D,2
Hamby S L,Horowitz D,2
Hamby S L,Hunter S V,2
Hamby S L,Jensen T K,2
Hamby S L,Jillian B,2
Hamby S L,Joly J,2
Hamby S L,Jones D,2
Hamby S L,Jones D P H,2
Hamby S L,Jonzon E,2
Hamby S L,Kirshenbaum S,2
Hamby S L,Kiteley R,2
Hamby S L,Kogan S,2
Hamby S L,Kumalo M,2
Hamby S L,Lamb M E,2
Hamby S L,Lanes O,2
Hamby S L,Laumann E O,2
Hamby S L,Leclerc B,2
Hamby S L,Lefebvre R,2
Hamby S L,Lindblad F,2
Hamby S L,London K,2
Hamby S L,Maclaurin B,2
Hamby S L,Mcduff P,2
Hamby S L,Mcelvaney R,2
Hamby S L,Messerschmitt P,2
Hamby S L,Milne L,2
Hamby S L,Mossige S,2
Hamby S L,Paci D,2
Hamby S L,Palmer A M,2
Hamby S L,Perreault S,2
Hamby S L,Plummer C,2
Hamby S L,Reichelt S,2
Hamby S L,Rey Salmon C,2
Hamby S L,Romito P,2
Hamby S L,Sablonni D L,2
Hamby S L,Saltzman L Y,2
Hamby S L,Shattuck A,2
Hamby S L,Shuman D W,2
Hamby S L,Sinha V,2
Hamby S L,Stogdon C,2
Hamby S L,Tjersland O A,2
Hamby S L,Tourigny M,2
Hamby S L,Trocm N,2
Hamby S L,Turner H A,2
Hamby S L,Van Wert M,2
Hamby S L,Vila G,2
Hamby S L,Willis D G,2
Hamby S L,Wortley R,2
Hbert M,Hershkowitz I,2
Hbert M,Hogan D,2
Hbert M,Horowitz D,2
Hbert M,Hunter S V,2
Hbert M,Jensen T K,2
Hbert M,Jillian B,2
Hbert M,Joly J,2
Hbert M,Jones D,2
Hbert M,Jones D P H,2
Hbert M,Jonzon E,2
Hbert M,Kirshenbaum S,2
Hbert M,Kiteley R,2
Hbert M,Kogan S,2
Hbert M,Kumalo M,2
Hbert M,Lamb M E,2
Hbert M,Lanes O,2
Hbert M,Laumann E O,2
Hbert M,Leclerc B,2
Hbert M,Lefebvre R,2
Hbert M,Lindblad F,2
Hbert M,London K,2
Hbert M,Maclaurin B,2
Hbert M,Mcduff P,2
Hbert M,Mcelvaney R,2
Hbert M,Messerschmitt P,2
Hbert M,Milne L,2
Hbert M,Mossige S,2
Hbert M,Paci D,2
Hbert M,Palmer A M,2
Hbert M,Perreault S,2
Hbert M,Plummer C,2
Hbert M,Reichelt S,2
Hbert M,Rey Salmon C,2
Hbert M,Romito P,2
Hbert M,Sablonni D L,2
Hbert M,Saltzman L Y,2
Hbert M,Shattuck A,2
Hbert M,Shuman D W,2
Hbert M,Sinha V,2
Hbert M,Stogdon C,2
Hbert M,Tjersland O A,2
Hbert M,Tourigny M,2
Hbert M,Trocm N,2
Hbert M,Turner H A,2
Hbert M,Van Wert M,2
Hbert M,Vila G,2
Hbert M,Willis D G,2
Hbert M,Wortley R,2
Hershkowitz I,Horowitz D,2
Hershkowitz I,Hunter S V,2
Hershkowitz I,Jensen T K,2
Hershkowitz I,Jillian B,2
Hershkowitz I,Joly J,2
Hershkowitz I,Jones D,2
Hershkowitz I,Jones D P H,2
Hershkowitz I,Jonzon E,2
Hershkowitz I,Kirshenbaum S,2
Hershkowitz I,Kiteley R,2
Hershkowitz I,Kogan S,2
Hershkowitz I,Kumalo M,2
Hershkowitz I,Lamb M E,2
Hershkowitz I,Laumann E O,2
Hershkowitz I,Leclerc B,2
Hershkowitz I,Lefebvre R,2
Hershkowitz I,Maclaurin B,2
Hershkowitz I,Mcduff P,2
Hershkowitz I,Messerschmitt P,2
Hershkowitz I,Milne L,2
Hershkowitz I,Paci D,2
Hershkowitz I,Palmer A M,2
Hershkowitz I,Perreault S,2
Hershkowitz I,Plummer C,2
Hershkowitz I,Rey Salmon C,2
Hershkowitz I,Romito P,2
Hershkowitz I,Sablonni D L,2
Hershkowitz I,Saltzman L Y,2
Hershkowitz I,Shattuck A,2
Hershkowitz I,Shuman D W,2
Hershkowitz I,Sinha V,2
Hershkowitz I,Stogdon C,2
Hershkowitz I,Tjersland O A,2
Hershkowitz I,Tourigny M,2
Hershkowitz I,Trocm N,2
Hershkowitz I,Turner H A,2
Hershkowitz I,Van Wert M,2
Hershkowitz I,Vila G,2
Hershkowitz I,Willis D G,2
Hershkowitz I,Wortley R,2
Hogan D,Horowitz D,2
Hogan D,Hunter S V,2
Hogan D,Jensen T K,2
Hogan D,Jillian B,2
Hogan D,Joly J,2
Hogan D,Jones D,2
Hogan D,Jones D P H,2
Hogan D,Jonzon E,2
Hogan D,Kirshenbaum S,2
Hogan D,Kiteley R,2
Hogan D,Kogan S,2
Hogan D,Kumalo M,2
Hogan D,Lamb M E,2
Hogan D,Laumann E O,2
Hogan D,Leclerc B,2
Hogan D,Lefebvre R,2
Hogan D,Mcduff P,2
Hogan D,Messerschmitt P,2
Hogan D,Milne L,2
Hogan D,Paci D,2
Hogan D,Palmer A M,2
Hogan D,Perreault S,2
Hogan D,Plummer C,2
Hogan D,Rey Salmon C,2
Hogan D,Romito P,2
Hogan D,Sablonni D L,2
Hogan D,Saltzman L Y,2
Hogan D,Shattuck A,2
Hogan D,Shuman D W,2
Hogan D,Stogdon C,2
Hogan D,Tjersland O A,2
Hogan D,Tourigny M,2
Hogan D,Turner H A,2
Hogan D,Van Wert M,2
Hogan D,Vila G,2
Hogan D,Willis D G,2
Hogan D,Wortley R,2
Horowitz D,Hunter S V,2
Horowitz D,Jensen T K,2
Horowitz D,Jillian B,2
Horowitz D,Joly J,2
Horowitz D,Jones D,2
Horowitz D,Jones D P H,2
Horowitz D,Jonzon E,2
Horowitz D,Kirshenbaum S,2
Horowitz D,Kiteley R,2
Horowitz D,Kogan S,2
Horowitz D,Kumalo M,2
Horowitz D,Lamb M E,2
Horowitz D,Lanes O,2
Horowitz D,Laumann E O,2
Horowitz D,Leclerc B,2
Horowitz D,Lefebvre R,2
Horowitz D,Lindblad F,2
Horowitz D,London K,2
Horowitz D,Maclaurin B,2
Horowitz D,Mcduff P,2
Horowitz D,Mcelvaney R,2
Horowitz D,Messerschmitt P,2
Horowitz D,Milne L,2
Horowitz D,Mossige S,2
Horowitz D,Paci D,2
Horowitz D,Palmer A M,2
Horowitz D,Perreault S,2
Horowitz D,Plummer C,2
Horowitz D,Reichelt S,2
Horowitz D,Rey Salmon C,2
Horowitz D,Romito P,2
Horowitz D,Sablonni D L,2
Horowitz D,Saltzman L Y,2
Horowitz D,Shattuck A,2
Horowitz D,Shuman D W,2
Horowitz D,Sinha V,2
Horowitz D,Stogdon C,2
Horowitz D,Tjersland O A,2
Horowitz D,Tourigny M,2
Horowitz D,Trocm N,2
Horowitz D,Turner H A,2
Horowitz D,Van Wert M,2
Horowitz D,Vila G,2
Horowitz D,Willis D G,2
Horowitz D,Wortley R,2
Hunter S V,Jensen T K,2
Hunter S V,Jillian B,2
Hunter S V,Joly J,2
Hunter S V,Jones D,2
Hunter S V,Jones D P H,2
Hunter S V,Jonzon E,2
Hunter S V,Kirshenbaum S,2
Hunter S V,Kiteley R,2
Hunter S V,Kogan S,2
Hunter S V,Kumalo M,2
Hunter S V,Lamb M E,2
Hunter S V,Lanes O,2
Hunter S V,Laumann E O,2
Hunter S V,Leclerc B,2
Hunter S V,Lefebvre R,2
Hunter S V,Lindblad F,2
Hunter S V,London K,2
Hunter S V,Maclaurin B,2
Hunter S V,Mcduff P,2
Hunter S V,Mcelvaney R,2
Hunter S V,Messerschmitt P,2
Hunter S V,Milne L,2
Hunter S V,Mossige S,2
Hunter S V,Paci D,2
Hunter S V,Palmer A M,2
Hunter S V,Perreault S,2
Hunter S V,Plummer C,2
Hunter S V,Reichelt S,2
Hunter S V,Rey Salmon C,2
Hunter S V,Romito P,2
Hunter S V,Sablonni D L,2
Hunter S V,Saltzman L Y,2
Hunter S V,Shattuck A,2
Hunter S V,Shuman D W,2
Hunter S V,Sinha V,2
Hunter S V,Stogdon C,2
Hunter S V,Tjersland O A,2
Hunter S V,Tourigny M,2
Hunter S V,Trocm N,2
Hunter S V,Turner H A,2
Hunter S V,Van Wert M,2
Hunter S V,Vila G,2
Hunter S V,Willis D G,2
Hunter S V,Wortley R,2
Jensen T K,Jillian B,2
Jensen T K,Joly J,2
Jensen T K,Jones D,2
Jensen T K,Jones D P H,2
Jensen T K,Jonzon E,2
Jensen T K,Kirshenbaum S,2
Jensen T K,Kiteley R,2
Jensen T K,Kogan S,2
Jensen T K,Kumalo M,2
Jensen T K,Lamb M E,2
Jensen T K,Lanes O,2
Jensen T K,Laumann E O,2
Jensen T K,Leclerc B,2
Jensen T K,Lefebvre R,2
Jensen T K,Lindblad F,2
Jensen T K,London K,2
Jensen T K,Maclaurin B,2
Jensen T K,Mcduff P,2
Jensen T K,Mcelvaney R,2
Jensen T K,Messerschmitt P,2
Jensen T K,Milne L,2
Jensen T K,Mossige S,2
Jensen T K,Paci D,2
Jensen T K,Palmer A M,2
Jensen T K,Perreault S,2
Jensen T K,Plummer C,2
Jensen T K,Reichelt S,2
Jensen T K,Rey Salmon C,2
Jensen T K,Romito P,2
Jensen T K,Sablonni D L,2
Jensen T K,Saltzman L Y,2
Jensen T K,Shattuck A,2
Jensen T K,Shuman D W,2
Jensen T K,Sinha V,2
Jensen T K,Stogdon C,2
Jensen T K,Tjersland O A,2
Jensen T K,Tourigny M,2
Jensen T K,Trocm N,2
Jensen T K,Turner H A,2
Jensen T K,Van Wert M,2
Jensen T K,Vila G,2
Jensen T K,Willis D G,2
Jensen T K,Wortley R,2
Jillian B,Joly J,2
Jillian B,Jones D,2
Jillian B,Jones D P H,2
Jillian B,Jonzon E,2
Jillian B,Kirshenbaum S,2
Jillian B,Kiteley R,2
Jillian B,Kogan S,2
Jillian B,Kumalo M,2
Jillian B,Lamb M E,2
Jillian B,Lanes O,2
Jillian B,Laumann E O,2
Jillian B,Leclerc B,2
Jillian B,Lefebvre R,2
Jillian B,Lindblad F,2
Jillian B,London K,2
Jillian B,Maclaurin B,2
Jillian B,Mcduff P,2
Jillian B,Mcelvaney R,2
Jillian B,Messerschmitt P,2
Jillian B,Milne L,2
Jillian B,Mossige S,2
Jillian B,Paci D,2
Jillian B,Palmer A M,2
Jillian B,Perreault S,2
Jillian B,Plummer C,2
Jillian B,Reichelt S,2
Jillian B,Rey Salmon C,2
Jillian B,Romito P,2
Jillian B,Sablonni D L,2
Jillian B,Saltzman L Y,2
Jillian B,Shattuck A,2
Jillian B,Shuman D W,2
Jillian B,Sinha V,2
Jillian B,Stogdon C,2
Jillian B,Tjersland O A,2
Jillian B,Tourigny M,2
Jillian B,Trocm N,2
Jillian B,Turner H A,2
Jillian B,Van Wert M,2
Jillian B,Vila G,2
Jillian B,Willis D G,2
Jillian B,Wortley R,2
Joly J,Jones D,2
Joly J,Jones D P H,2
Joly J,Jonzon E,2
Joly J,Kirshenbaum S,2
Joly J,Kiteley R,2
Joly J,Kogan S,2
Joly J,Kumalo M,2
Joly J,Lamb M E,2
Joly J,Lanes O,2
Joly J,Laumann E O,2
Joly J,Leclerc B,2
Joly J,Lefebvre R,2
Joly J,Lindblad F,2
Joly J,London K,2
Joly J,Maclaurin B,2
Joly J,Mcduff P,2
Joly J,Mcelvaney R,2
Joly J,Messerschmitt P,2
Joly J,Milne L,2
Joly J,Mossige S,2
Joly J,Paci D,2
Joly J,Palmer A M,2
Joly J,Perreault S,2
Joly J,Plummer C,2
Joly J,Reichelt S,2
Joly J,Rey Salmon C,2
Joly J,Romito P,2
Joly J,Sablonni D L,2
Joly J,Saltzman L Y,2
Joly J,Shattuck A,2
Joly J,Shuman D W,2
Joly J,Sinha V,2
Joly J,Stogdon C,2
Joly J,Tjersland O A,2
Joly J,Tourigny M,2
Joly J,Trocm N,2
Joly J,Turner H A,2
Joly J,Van Wert M,2
Joly J,Vila G,2
Joly J,Willis D G,2
Joly J,Wortley R,2
Jones D,Jones D P H,2
Jones D,Jonzon E,2
Jones D,Kirshenbaum S,2
Jones D,Kiteley R,2
Jones D,Kogan S,2
Jones D,Kumalo M,2
Jones D,Lamb M E,2
Jones D,Lanes O,2
Jones D,Laumann E O,2
Jones D,Leclerc B,2
Jones D,Lefebvre R,2
Jones D,Lindblad F,2
Jones D,London K,2
Jones D,Maclaurin B,2
Jones D,Mcduff P,2
Jones D,Mcelvaney R,2
Jones D,Messerschmitt P,2
Jones D,Milne L,2
Jones D,Mossige S,2
Jones D,Paci D,2
Jones D,Palmer A M,2
Jones D,Perreault S,2
Jones D,Plummer C,2
Jones D,Reichelt S,2
Jones D,Rey Salmon C,2
Jones D,Romito P,2
Jones D,Sablonni D L,2
Jones D,Saltzman L Y,2
Jones D,Shattuck A,2
Jones D,Shuman D W,2
Jones D,Sinha V,2
Jones D,Stogdon C,2
Jones D,Tjersland O A,2
Jones D,Tourigny M,2
Jones D,Trocm N,2
Jones D,Turner H A,2
Jones D,Van Wert M,2
Jones D,Vila G,2
Jones D,Willis D G,2
Jones D,Wortley R,2
Jones D P H,Jonzon E,2
Jones D P H,Kirshenbaum S,2
Jones D P H,Kiteley R,2
Jones D P H,Kogan S,2
Jones D P H,Kumalo M,2
Jones D P H,Lamb M E,2
Jones D P H,Lanes O,2
Jones D P H,Laumann E O,2
Jones D P H,Leclerc B,2
Jones D P H,Lefebvre R,2
Jones D P H,Lindblad F,2
Jones D P H,London K,2
Jones D P H,Maclaurin B,2
Jones D P H,Mcduff P,2
Jones D P H,Mcelvaney R,2
Jones D P H,Messerschmitt P,2
Jones D P H,Milne L,2
Jones D P H,Mossige S,2
Jones D P H,Paci D,2
Jones D P H,Palmer A M,2
Jones D P H,Perreault S,2
Jones D P H,Plummer C,2
Jones D P H,Reichelt S,2
Jones D P H,Rey Salmon C,2
Jones D P H,Romito P,2
Jones D P H,Sablonni D L,2
Jones D P H,Saltzman L Y,2
Jones D P H,Shattuck A,2
Jones D P H,Shuman D W,2
Jones D P H,Sinha V,2
Jones D P H,Stogdon C,2
Jones D P H,Tjersland O A,2
Jones D P H,Tourigny M,2
Jones D P H,Trocm N,2
Jones D P H,Turner H A,2
Jones D P H,Van Wert M,2
Jones D P H,Vila G,2
Jones D P H,Willis D G,2
Jones D P H,Wortley R,2
Jonzon E,Kirshenbaum S,2
Jonzon E,Kiteley R,2
Jonzon E,Kogan S,2
Jonzon E,Kumalo M,2
Jonzon E,Lamb M E,2
Jonzon E,Lanes O,2
Jonzon E,Laumann E O,2
Jonzon E,Leclerc B,2
Jonzon E,Lefebvre R,2
Jonzon E,Lindblad F,2
Jonzon E,London K,2
Jonzon E,Maclaurin B,2
Jonzon E,Mcduff P,2
Jonzon E,Mcelvaney R,2
Jonzon E,Messerschmitt P,2
Jonzon E,Milne L,2
Jonzon E,Mossige S,2
Jonzon E,Paci D,2
Jonzon E,Palmer A M,2
Jonzon E,Perreault S,2
Jonzon E,Plummer C,2
Jonzon E,Reichelt S,2
Jonzon E,Rey Salmon C,2
Jonzon E,Romito P,2
Jonzon E,Sablonni D L,2
Jonzon E,Saltzman L Y,2
Jonzon E,Shattuck A,2
Jonzon E,Shuman D W,2
Jonzon E,Sinha V,2
Jonzon E,Stogdon C,2
Jonzon E,Tjersland O A,2
Jonzon E,Tourigny M,2
Jonzon E,Trocm N,2
Jonzon E,Turner H A,2
Jonzon E,Van Wert M,2
Jonzon E,Vila G,2
Jonzon E,Willis D G,2
Jonzon E,Wortley R,2
Kirshenbaum S,Kiteley R,2
Kirshenbaum S,Kogan S,2
Kirshenbaum S,Kumalo M,2
Kirshenbaum S,Lamb M E,2
Kirshenbaum S,Lanes O,2
Kirshenbaum S,Laumann E O,2
Kirshenbaum S,Leclerc B,2
Kirshenbaum S,Lefebvre R,2
Kirshenbaum S,Lindblad F,2
Kirshenbaum S,London K,2
Kirshenbaum S,Maclaurin B,2
Kirshenbaum S,Mcduff P,2
Kirshenbaum S,Mcelvaney R,2
Kirshenbaum S,Messerschmitt P,2
Kirshenbaum S,Milne L,2
Kirshenbaum S,Mossige S,2
Kirshenbaum S,Paci D,2
Kirshenbaum S,Palmer A M,2
Kirshenbaum S,Perreault S,2
Kirshenbaum S,Plummer C,2
Kirshenbaum S,Reichelt S,2
Kirshenbaum S,Rey Salmon C,2
Kirshenbaum S,Romito P,2
Kirshenbaum S,Sablonni D L,2
Kirshenbaum S,Saltzman L Y,2
Kirshenbaum S,Shattuck A,2
Kirshenbaum S,Shuman D W,2
Kirshenbaum S,Sinha V,2
Kirshenbaum S,Stogdon C,2
Kirshenbaum S,Tjersland O A,2
Kirshenbaum S,Tourigny M,2
Kirshenbaum S,Trocm N,2
Kirshenbaum S,Turner H A,2
Kirshenbaum S,Van Wert M,2
Kirshenbaum S,Vila G,2
Kirshenbaum S,Willis D G,2
Kirshenbaum S,Wortley R,2
Kiteley R,Kogan S,2
Kiteley R,Kumalo M,2
Kiteley R,Lamb M E,2
Kiteley R,Lanes O,2
Kiteley R,Laumann E O,2
Kiteley R,Leclerc B,2
Kiteley R,Lefebvre R,2
Kiteley R,Lindblad F,2
Kiteley R,London K,2
Kiteley R,Maclaurin B,2
Kiteley R,Mcduff P,2
Kiteley R,Mcelvaney R,2
Kiteley R,Messerschmitt P,2
Kiteley R,Milne L,2
Kiteley R,Mossige S,2
Kiteley R,Paci D,2
Kiteley R,Palmer A M,2
Kiteley R,Perreault S,2
Kiteley R,Plummer C,2
Kiteley R,Reichelt S,2
Kiteley R,Rey Salmon C,2
Kiteley R,Romito P,2
Kiteley R,Sablonni D L,2
Kiteley R,Saltzman L Y,2
Kiteley R,Shattuck A,2
Kiteley R,Shuman D W,2
Kiteley R,Sinha V,2
Kiteley R,Stogdon C,2
Kiteley R,Tjersland O A,2
Kiteley R,Tourigny M,2
Kiteley R,Trocm N,2
Kiteley R,Turner H A,2
Kiteley R,Van Wert M,2
Kiteley R,Vila G,2
Kiteley R,Willis D G,2
Kiteley R,Wortley R,2
Kogan S,Kumalo M,2
Kogan S,Lamb M E,2
Kogan S,Lanes O,2
Kogan S,Laumann E O,2
Kogan S,Leclerc B,2
Kogan S,Lefebvre R,2
Kogan S,Lindblad F,2
Kogan S,London K,2
Kogan S,Maclaurin B,2
Kogan S,Mcduff P,2
Kogan S,Mcelvaney R,2
Kogan S,Messerschmitt P,2
Kogan S,Milne L,2
Kogan S,Mossige S,2
Kogan S,Paci D,2
Kogan S,Palmer A M,2
Kogan S,Perreault S,2
Kogan S,Plummer C,2
Kogan S,Reichelt S,2
Kogan S,Rey Salmon C,2
Kogan S,Romito P,2
Kogan S,Sablonni D L,2
Kogan S,Saltzman L Y,2
Kogan S,Shattuck A,2
Kogan S,Shuman D W,2
Kogan S,Sinha V,2
Kogan S,Stogdon C,2
Kogan S,Tjersland O A,2
Kogan S,Tourigny M,2
Kogan S,Trocm N,2
Kogan S,Turner H A,2
Kogan S,Van Wert M,2
Kogan S,Vila G,2
Kogan S,Willis D G,2
Kogan S,Wortley R,2
Kumalo M,Lamb M E,2
Kumalo M,Lanes O,2
Kumalo M,Laumann E O,2
Kumalo M,Leclerc B,2
Kumalo M,Lefebvre R,2
Kumalo M,Lindblad F,2
Kumalo M,London K,2
Kumalo M,Maclaurin B,2
Kumalo M,Mcduff P,2
Kumalo M,Mcelvaney R,2
Kumalo M,Messerschmitt P,2
Kumalo M,Milne L,2
Kumalo M,Mossige S,2
Kumalo M,Paci D,2
Kumalo M,Palmer A M,2
Kumalo M,Perreault S,2
Kumalo M,Plummer C,2
Kumalo M,Reichelt S,2
Kumalo M,Rey Salmon C,2
Kumalo M,Romito P,2
Kumalo M,Sablonni D L,2
Kumalo M,Saltzman L Y,2
Kumalo M,Shattuck A,2
Kumalo M,Shuman D W,2
Kumalo M,Sinha V,2
Kumalo M,Stogdon C,2
Kumalo M,Tjersland O A,2
Kumalo M,Tourigny M,2
Kumalo M,Trocm N,2
Kumalo M,Turner H A,2
Kumalo M,Van Wert M,2
Kumalo M,Vila G,2
Kumalo M,Willis D G,2
Kumalo M,Wortley R,2
Lamb M E,Lanes O,2
Lamb M E,Laumann E O,2
Lamb M E,Leclerc B,2
Lamb M E,Lefebvre R,2
Lamb M E,Lindblad F,2
Lamb M E,London K,2
Lamb M E,Maclaurin B,2
Lamb M E,Mcduff P,2
Lamb M E,Mcelvaney R,2
Lamb M E,Messerschmitt P,2
Lamb M E,Milne L,2
Lamb M E,Mossige S,2
Lamb M E,Paci D,2
Lamb M E,Palmer A M,2
Lamb M E,Perreault S,2
Lamb M E,Plummer C,2
Lamb M E,Reichelt S,2
Lamb M E,Rey Salmon C,2
Lamb M E,Romito P,2
Lamb M E,Sablonni D L,2
Lamb M E,Saltzman L Y,2
Lamb M E,Shattuck A,2
Lamb M E,Shuman D W,2
Lamb M E,Sinha V,2
Lamb M E,Stogdon C,2
Lamb M E,Tjersland O A,2
Lamb M E,Tourigny M,2
Lamb M E,Trocm N,2
Lamb M E,Turner H A,2
Lamb M E,Van Wert M,2
Lamb M E,Vila G,2
Lamb M E,Willis D G,2
Lamb M E,Wortley R,2
Lanes O,Laumann E O,2
Lanes O,Leclerc B,2
Lanes O,Lefebvre R,2
Lanes O,Maclaurin B,2
Lanes O,Mcduff P,2
Lanes O,Messerschmitt P,2
Lanes O,Milne L,2
Lanes O,Paci D,2
Lanes O,Palmer A M,2
Lanes O,Perreault S,2
Lanes O,Plummer C,2
Lanes O,Rey Salmon C,2
Lanes O,Romito P,2
Lanes O,Sablonni D L,2
Lanes O,Saltzman L Y,2
Lanes O,Shattuck A,2
Lanes O,Shuman D W,2
Lanes O,Sinha V,2
Lanes O,Stogdon C,2
Lanes O,Tjersland O A,2
Lanes O,Tourigny M,2
Lanes O,Trocm N,2
Lanes O,Turner H A,2
Lanes O,Van Wert M,2
Lanes O,Vila G,2
Lanes O,Willis D G,2
Lanes O,Wortley R,2
Laumann E O,Leclerc B,2
Laumann E O,Lefebvre R,2
Laumann E O,Lindblad F,2
Laumann E O,London K,2
Laumann E O,Maclaurin B,2
Laumann E O,Mcduff P,2
Laumann E O,Mcelvaney R,2
Laumann E O,Messerschmitt P,2
Laumann E O,Milne L,2
Laumann E O,Mossige S,2
Laumann E O,Paci D,2
Laumann E O,Palmer A M,2
Laumann E O,Perreault S,2
Laumann E O,Plummer C,2
Laumann E O,Reichelt S,2
Laumann E O,Rey Salmon C,2
Laumann E O,Romito P,2
Laumann E O,Sablonni D L,2
Laumann E O,Saltzman L Y,2
Laumann E O,Shattuck A,2
Laumann E O,Shuman D W,2
Laumann E O,Sinha V,2
Laumann E O,Stogdon C,2
Laumann E O,Tjersland O A,2
Laumann E O,Tourigny M,2
Laumann E O,Trocm N,2
Laumann E O,Turner H A,2
Laumann E O,Van Wert M,2
Laumann E O,Vila G,2
Laumann E O,Willis D G,2
Laumann E O,Wortley R,2
Leclerc B,Lefebvre R,2
Leclerc B,Lindblad F,2
Leclerc B,London K,2
Leclerc B,Maclaurin B,2
Leclerc B,Mcduff P,2
Leclerc B,Mcelvaney R,2
Leclerc B,Messerschmitt P,2
Leclerc B,Milne L,2
Leclerc B,Mossige S,2
Leclerc B,Paci D,2
Leclerc B,Palmer A M,2
Leclerc B,Perreault S,2
Leclerc B,Plummer C,2
Leclerc B,Reichelt S,2
Leclerc B,Rey Salmon C,2
Leclerc B,Romito P,2
Leclerc B,Sablonni D L,2
Leclerc B,Saltzman L Y,2
Leclerc B,Shattuck A,2
Leclerc B,Shuman D W,2
Leclerc B,Sinha V,2
Leclerc B,Stogdon C,2
Leclerc B,Tjersland O A,2
Leclerc B,Tourigny M,2
Leclerc B,Trocm N,2
Leclerc B,Turner H A,2
Leclerc B,Van Wert M,2
Leclerc B,Vila G,2
Leclerc B,Willis D G,2
Leclerc B,Wortley R,2
Lefebvre R,Lindblad F,2
Lefebvre R,London K,2
Lefebvre R,Maclaurin B,2
Lefebvre R,Mcduff P,2
Lefebvre R,Mcelvaney R,2
Lefebvre R,Messerschmitt P,2
Lefebvre R,Milne L,2
Lefebvre R,Mossige S,2
Lefebvre R,Paci D,2
Lefebvre R,Palmer A M,2
Lefebvre R,Perreault S,2
Lefebvre R,Plummer C,2
Lefebvre R,Reichelt S,2
Lefebvre R,Rey Salmon C,2
Lefebvre R,Romito P,2
Lefebvre R,Sablonni D L,2
Lefebvre R,Saltzman L Y,2
Lefebvre R,Shattuck A,2
Lefebvre R,Shuman D W,2
Lefebvre R,Sinha V,2
Lefebvre R,Stogdon C,2
Lefebvre R,Tjersland O A,2
Lefebvre R,Tourigny M,2
Lefebvre R,Trocm N,2
Lefebvre R,Turner H A,2
Lefebvre R,Van Wert M,2
Lefebvre R,Vila G,2
Lefebvre R,Willis D G,2
Lefebvre R,Wortley R,2
Lindblad F,Maclaurin B,2
Lindblad F,Mcduff P,2
Lindblad F,Messerschmitt P,2
Lindblad F,Milne L,2
Lindblad F,Paci D,2
Lindblad F,Palmer A M,2
Lindblad F,Perreault S,2
Lindblad F,Plummer C,2
Lindblad F,Rey Salmon C,2
Lindblad F,Romito P,2
Lindblad F,Sablonni D L,2
Lindblad F,Saltzman L Y,2
Lindblad F,Shattuck A,2
Lindblad F,Shuman D W,2
Lindblad F,Sinha V,2
Lindblad F,Stogdon C,2
Lindblad F,Tjersland O A,2
Lindblad F,Tourigny M,2
Lindblad F,Trocm N,2
Lindblad F,Turner H A,2
Lindblad F,Van Wert M,2
Lindblad F,Vila G,2
Lindblad F,Willis D G,2
Lindblad F,Wortley R,2
London K,Maclaurin B,2
London K,Mcduff P,2
London K,Messerschmitt P,2
London K,Milne L,2
London K,Paci D,2
London K,Palmer A M,2
London K,Perreault S,2
London K,Plummer C,2
London K,Rey Salmon C,2
London K,Romito P,2
London K,Sablonni D L,2
London K,Saltzman L Y,2
London K,Shattuck A,2
London K,Shuman D W,2
London K,Sinha V,2
London K,Stogdon C,2
London K,Tjersland O A,2
London K,Tourigny M,2
London K,Trocm N,2
London K,Turner H A,2
London K,Van Wert M,2
London K,Vila G,2
London K,Willis D G,2
London K,Wortley R,2
Maclaurin B,Mcduff P,2
Maclaurin B,Messerschmitt P,2
Maclaurin B,Milne L,2
Maclaurin B,Mossige S,2
Maclaurin B,Paci D,2
Maclaurin B,Palmer A M,2
Maclaurin B,Perreault S,2
Maclaurin B,Plummer C,2
Maclaurin B,Reichelt S,2
Maclaurin B,Rey Salmon C,2
Maclaurin B,Romito P,2
Maclaurin B,Sablonni D L,2
Maclaurin B,Saltzman L Y,2
Maclaurin B,Shattuck A,2
Maclaurin B,Shuman D W,2
Maclaurin B,Stogdon C,2
Maclaurin B,Tjersland O A,2
Maclaurin B,Tourigny M,2
Maclaurin B,Turner H A,2
Maclaurin B,Van Wert M,2
Maclaurin B,Vila G,2
Maclaurin B,Willis D G,2
Maclaurin B,Wortley R,2
Mcduff P,Mcelvaney R,2
Mcduff P,Messerschmitt P,2
Mcduff P,Milne L,2
Mcduff P,Mossige S,2
Mcduff P,Paci D,2
Mcduff P,Palmer A M,2
Mcduff P,Perreault S,2
Mcduff P,Plummer C,2
Mcduff P,Reichelt S,2
Mcduff P,Rey Salmon C,2
Mcduff P,Romito P,2
Mcduff P,Sablonni D L,2
Mcduff P,Saltzman L Y,2
Mcduff P,Shattuck A,2
Mcduff P,Shuman D W,2
Mcduff P,Sinha V,2
Mcduff P,Stogdon C,2
Mcduff P,Tjersland O A,2
Mcduff P,Tourigny M,2
Mcduff P,Trocm N,2
Mcduff P,Turner H A,2
Mcduff P,Van Wert M,2
Mcduff P,Vila G,2
Mcduff P,Willis D G,2
Mcduff P,Wortley R,2
Mcelvaney R,Messerschmitt P,2
Mcelvaney R,Milne L,2
Mcelvaney R,Paci D,2
Mcelvaney R,Palmer A M,2
Mcelvaney R,Perreault S,2
Mcelvaney R,Plummer C,2
Mcelvaney R,Rey Salmon C,2
Mcelvaney R,Romito P,2
Mcelvaney R,Sablonni D L,2
Mcelvaney R,Saltzman L Y,2
Mcelvaney R,Shattuck A,2
Mcelvaney R,Shuman D W,2
Mcelvaney R,Stogdon C,2
Mcelvaney R,Tjersland O A,2
Mcelvaney R,Tourigny M,2
Mcelvaney R,Turner H A,2
Mcelvaney R,Van Wert M,2
Mcelvaney R,Vila G,2
Mcelvaney R,Willis D G,2
Mcelvaney R,Wortley R,2
Messerschmitt P,Milne L,2
Messerschmitt P,Mossige S,2
Messerschmitt P,Paci D,2
Messerschmitt P,Palmer A M,2
Messerschmitt P,Perreault S,2
Messerschmitt P,Plummer C,2
Messerschmitt P,Reichelt S,2
Messerschmitt P,Rey Salmon C,2
Messerschmitt P,Romito P,2
Messerschmitt P,Sablonni D L,2
Messerschmitt P,Saltzman L Y,2
Messerschmitt P,Shattuck A,2
Messerschmitt P,Shuman D W,2
Messerschmitt P,Sinha V,2
Messerschmitt P,Stogdon C,2
Messerschmitt P,Tjersland O A,2
Messerschmitt P,Tourigny M,2
Messerschmitt P,Trocm N,2
Messerschmitt P,Turner H A,2
Messerschmitt P,Van Wert M,2
Messerschmitt P,Vila G,2
Messerschmitt P,Willis D G,2
Messerschmitt P,Wortley R,2
Milne L,Mossige S,2
Milne L,Paci D,2
Milne L,Palmer A M,2
Milne L,Perreault S,2
Milne L,Plummer C,2
Milne L,Reichelt S,2
Milne L,Rey Salmon C,2
Milne L,Romito P,2
Milne L,Sablonni D L,2
Milne L,Saltzman L Y,2
Milne L,Shattuck A,2
Milne L,Shuman D W,2
Milne L,Sinha V,2
Milne L,Stogdon C,2
Milne L,Tjersland O A,2
Milne L,Tourigny M,2
Milne L,Trocm N,2
Milne L,Turner H A,2
Milne L,Van Wert M,2
Milne L,Vila G,2
Milne L,Willis D G,2
Milne L,Wortley R,2
Mossige S,Paci D,2
Mossige S,Palmer A M,2
Mossige S,Perreault S,2
Mossige S,Plummer C,2
Mossige S,Rey Salmon C,2
Mossige S,Romito P,2
Mossige S,Sablonni D L,2
Mossige S,Saltzman L Y,2
Mossige S,Shattuck A,2
Mossige S,Shuman D W,2
Mossige S,Sinha V,2
Mossige S,Stogdon C,2
Mossige S,Tjersland O A,2
Mossige S,Tourigny M,2
Mossige S,Trocm N,2
Mossige S,Turner H A,2
Mossige S,Van Wert M,2
Mossige S,Vila G,2
Mossige S,Willis D G,2
Mossige S,Wortley R,2
Paci D,Palmer A M,2
Paci D,Perreault S,2
Paci D,Plummer C,2
Paci D,Reichelt S,2
Paci D,Rey Salmon C,2
Paci D,Romito P,2
Paci D,Sablonni D L,2
Paci D,Saltzman L Y,2
Paci D,Shattuck A,2
Paci D,Shuman D W,2
Paci D,Sinha V,2
Paci D,Stogdon C,2
Paci D,Tjersland O A,2
Paci D,Tourigny M,2
Paci D,Trocm N,2
Paci D,Turner H A,2
Paci D,Van Wert M,2
Paci D,Vila G,2
Paci D,Willis D G,2
Paci D,Wortley R,2
Palmer A M,Perreault S,2
Palmer A M,Plummer C,2
Palmer A M,Reichelt S,2
Palmer A M,Rey Salmon C,2
Palmer A M,Romito P,2
Palmer A M,Sablonni D L,2
Palmer A M,Saltzman L Y,2
Palmer A M,Shattuck A,2
Palmer A M,Shuman D W,2
Palmer A M,Sinha V,2
Palmer A M,Stogdon C,2
Palmer A M,Tjersland O A,2
Palmer A M,Tourigny M,2
Palmer A M,Trocm N,2
Palmer A M,Turner H A,2
Palmer A M,Van Wert M,2
Palmer A M,Vila G,2
Palmer A M,Willis D G,2
Palmer A M,Wortley R,2
Perreault S,Plummer C,2
Perreault S,Reichelt S,2
Perreault S,Rey Salmon C,2
Perreault S,Romito P,2
Perreault S,Sablonni D L,2
Perreault S,Saltzman L Y,2
Perreault S,Shattuck A,2
Perreault S,Shuman D W,2
Perreault S,Sinha V,2
Perreault S,Stogdon C,2
Perreault S,Tjersland O A,2
Perreault S,Tourigny M,2
Perreault S,Trocm N,2
Perreault S,Turner H A,2
Perreault S,Van Wert M,2
Perreault S,Vila G,2
Perreault S,Willis D G,2
Perreault S,Wortley R,2
Plummer C,Reichelt S,2
Plummer C,Rey Salmon C,2
Plummer C,Romito P,2
Plummer C,Sablonni D L,2
Plummer C,Saltzman L Y,2
Plummer C,Shattuck A,2
Plummer C,Shuman D W,2
Plummer C,Sinha V,2
Plummer C,Stogdon C,2
Plummer C,Tjersland O A,2
Plummer C,Tourigny M,2
Plummer C,Trocm N,2
Plummer C,Turner H A,2
Plummer C,Van Wert M,2
Plummer C,Vila G,2
Plummer C,Willis D G,2
Plummer C,Wortley R,2
Reichelt S,Rey Salmon C,2
Reichelt S,Romito P,2
Reichelt S,Sablonni D L,2
Reichelt S,Saltzman L Y,2
Reichelt S,Shattuck A,2
Reichelt S,Shuman D W,2
Reichelt S,Sinha V,2
Reichelt S,Stogdon C,2
Reichelt S,Tjersland O A,2
Reichelt S,Tourigny M,2
Reichelt S,Trocm N,2
Reichelt S,Turner H A,2
Reichelt S,Van Wert M,2
Reichelt S,Vila G,2
Reichelt S,Willis D G,2
Reichelt S,Wortley R,2
Rey Salmon C,Romito P,2
Rey Salmon C,Sablonni D L,2
Rey Salmon C,Saltzman L Y,2
Rey Salmon C,Shattuck A,2
Rey Salmon C,Shuman D W,2
Rey Salmon C,Sinha V,2
Rey Salmon C,Stogdon C,2
Rey Salmon C,Tjersland O A,2
Rey Salmon C,Tourigny M,2
Rey Salmon C,Trocm N,2
Rey Salmon C,Turner H A,2
Rey Salmon C,Van Wert M,2
Rey Salmon C,Vila G,2
Rey Salmon C,Willis D G,2
Rey Salmon C,Wortley R,2
Romito P,Sablonni D L,2
Romito P,Saltzman L Y,2
Romito P,Shattuck A,2
Romito P,Shuman D W,2
Romito P,Sinha V,2
Romito P,Stogdon C,2
Romito P,Tjersland O A,2
Romito P,Tourigny M,2
Romito P,Trocm N,2
Romito P,Turner H A,2
Romito P,Van Wert M,2
Romito P,Vila G,2
Romito P,Willis D G,2
Romito P,Wortley R,2
Sablonni D L,Saltzman L Y,2
Sablonni D L,Shattuck A,2
Sablonni D L,Shuman D W,2
Sablonni D L,Sinha V,2
Sablonni D L,Stogdon C,2
Sablonni D L,Tjersland O A,2
Sablonni D L,Tourigny M,2
Sablonni D L,Trocm N,2
Sablonni D L,Turner H A,2
Sablonni D L,Van Wert M,2
Sablonni D L,Vila G,2
Sablonni D L,Willis D G,2
Sablonni D L,Wortley R,2
Saltzman L Y,Shattuck A,2
Saltzman L Y,Shuman D W,2
Saltzman L Y,Sinha V,2
Saltzman L Y,Stogdon C,2
Saltzman L Y,Tjersland O A,2
Saltzman L Y,Tourigny M,2
Saltzman L Y,Trocm N,2
Saltzman L Y,Turner H A,2
Saltzman L Y,Van Wert M,2
Saltzman L Y,Vila G,2
Saltzman L Y,Willis D G,2
Saltzman L Y,Wortley R,2
Shattuck A,Shuman D W,2
Shattuck A,Sinha V,2
Shattuck A,Stogdon C,2
Shattuck A,Tjersland O A,2
Shattuck A,Tourigny M,2
Shattuck A,Trocm N,2
Shattuck A,Turner H A,2
Shattuck A,Van Wert M,2
Shattuck A,Vila G,2
Shattuck A,Willis D G,2
Shattuck A,Wortley R,2
Shuman D W,Sinha V,2
Shuman D W,Stogdon C,2
Shuman D W,Tjersland O A,2
Shuman D W,Tourigny M,2
Shuman D W,Trocm N,2
Shuman D W,Turner H A,2
Shuman D W,Van Wert M,2
Shuman D W,Vila G,2
Shuman D W,Willis D G,2
Shuman D W,Wortley R,2
Sinha V,Stogdon C,2
Sinha V,Tjersland O A,2
Sinha V,Tourigny M,2
Sinha V,Turner H A,2
Sinha V,Van Wert M,2
Sinha V,Vila G,2
Sinha V,Willis D G,2
Sinha V,Wortley R,2
Stogdon C,Tjersland O A,2
Stogdon C,Tourigny M,2
Stogdon C,Trocm N,2
Stogdon C,Turner H A,2
Stogdon C,Van Wert M,2
Stogdon C,Vila G,2
Stogdon C,Willis D G,2
Stogdon C,Wortley R,2
Tjersland O A,Tourigny M,2
Tjersland O A,Trocm N,2
Tjersland O A,Turner H A,2
Tjersland O A,Van Wert M,2
Tjersland O A,Vila G,2
Tjersland O A,Willis D G,2
Tjersland O A,Wortley R,2
Tourigny M,Trocm N,2
Tourigny M,Turner H A,2
Tourigny M,Van Wert M,2
Tourigny M,Vila G,2
Tourigny M,Willis D G,2
Tourigny M,Wortley R,2
Trocm N,Turner H A,2
Trocm N,Van Wert M,2
Trocm N,Vila G,2
Trocm N,Willis D G,2
Trocm N,Wortley R,2
Turner H A,Van Wert M,2
Turner H A,Vila G,2
Turner H A,Willis D G,2
Turner H A,Wortley R,2
Van Wert M,Vila G,2
Van Wert M,Willis D G,2
Van Wert M,Wortley R,2
Vila G,Willis D G,2
Vila G,Wortley R,2
Willis D G,Wortley R,2
Adam Hochron,Andy Newman,2
Adam Hochron,Danielle Prieur,2
Adam Hochron,Elizabeth Bachmann,2
Adam Hochron,Joel Solomon,2
Adam Hochron,Michael Greshko,2
Adam Hochron,Naseem Miller,2
Adam Hochron,Tori Walker,2
Adam Hochron,Wes Judd,2
Andy Newman,Danielle Prieur,2
Andy Newman,Elizabeth Bachmann,2
Andy Newman,Joel Solomon,2
Andy Newman,Michael Greshko,2
Andy Newman,Naseem Miller,2
Andy Newman,Tori Walker,2
Andy Newman,Wes Judd,2
Danielle Prieur,Elizabeth Bachmann,2
Danielle Prieur,Joel Solomon,2
Danielle Prieur,Michael Greshko,2
Danielle Prieur,Naseem Miller,2
Danielle Prieur,Tori Walker,2
Danielle Prieur,Wes Judd,2
Elizabeth Bachmann,Joel Solomon,2
Elizabeth Bachmann,Michael Greshko,2
Elizabeth Bachmann,Naseem Miller,2
Elizabeth Bachmann,Tori Walker,2
Elizabeth Bachmann,Wes Judd,2
Joel Solomon,Michael Greshko,2
Joel Solomon,Naseem Miller,2
Joel Solomon,Tori Walker,2
Joel Solomon,Wes Judd,2
Michael Greshko,Naseem Miller,2
Michael Greshko,Tori Walker,2
Michael Greshko,Wes Judd,2
Naseem Miller,Tori Walker,2
Naseem Miller,Wes Judd,2
Tori Walker,Wes Judd,2
Braze Ton,Lec Erc,2
Braze Ton,M Ne,2
Braze Ton,Wort Ey,2
Lec Erc,M Ne,2
Lec Erc,Wort Ey,2
M Ne,Wort Ey,2
Bruck M,Manning C,2
Garry M,Terranova S,2
Garry M,Wright Db,2
Joslyn S,Manning C,2
Joslyn S,Terranova S,2
Joslyn S,Wright Db,2
Loftus E F,Mazzoni G A L,2
Manning C,Terranova S,2
Manning C,Wright Db,2
Terranova S,Wright Db,2
Alison J Nathan,Carolyn Andriano,2
Carolyn Andriano,Ghislaine Maxwell,2
Harvey Weinstein,Tupac Shakur,2
Baker Sp,Matthews D,2
Matthews D,Park Dietz,2
Acierno R,Amstadter A B,2
Acierno R,Barr S C,2
Acierno R,Best C L,2
Acierno R,Braet C,2
Acierno R,Campbell R,2
Acierno R,Clum G,2
Acierno R,Coyne B J,2
Acierno R,Danielson C K,2
Acierno R,Filipas H H,2
Acierno R,Greeson M,2
Acierno R,Hanson R F,2
Acierno R,Hill E D,2
Acierno R,Hlavka H R,2
Acierno R,Holmes M M,2
Acierno R,Humphrey J A,2
Acierno R,Kievit L W,2
Acierno R,Kilpatrick D G,2
Acierno R,Koenen K C,2
Acierno R,Kogan S M,2
Acierno R,Koss M P,2
Acierno R,Kovacs M,2
Acierno R,Lacy J W,2
Acierno R,Landolt M,2
Acierno R,Letourneau E J,2
Acierno R,Linden J A,2
Acierno R,Littleton H,2
Acierno R,Maier T,2
Acierno R,Mccauley J L,2
Acierno R,Mclaughlin K A,2
Acierno R,Mohler Kuo M,2
Acierno R,Patterson D,2
Acierno R,Perrone P A,2
Acierno R,Petukhova M,2
Acierno R,Priebe G,2
Acierno R,Resnick H S,2
Acierno R,Rickert V I,2
Acierno R,Roelofs J,2
Acierno R,Rosner R,2
Acierno R,Ruch L R,2
Acierno R,Ruggiero K J,2
Acierno R,Sampson N A,2
Acierno R,Saunders B E,2
Acierno R,Schnyder U,2
Acierno R,Schonbucher V,2
Acierno R,Smith D W,2
Acierno R,Stark C E,2
Acierno R,Starzynski L L,2
Acierno R,Svedin C G,2
Acierno R,Thoennes N,2
Acierno R,Timbremont B,2
Acierno R,Tjaden P G,2
Acierno R,Townsend S M,2
Acierno R,Ullman S E,2
Acierno R,Unterhitzenberger J,2
Acierno R,Vaughan R D,2
Acierno R,White J W,2
Acierno R,Wiemann C M,2
Acierno R,Wolitzky Taylor K B,2
Acierno R,Zaslavsky A M,2
Acierno R,Zinzow H M,2
Amstadter A B,Barr S C,2
Amstadter A B,Best C L,2
Amstadter A B,Braet C,2
Amstadter A B,Campbell R,2
Amstadter A B,Clum G,2
Amstadter A B,Coyne B J,2
Amstadter A B,Danielson C K,2
Amstadter A B,Filipas H H,2
Amstadter A B,Greeson M,2
Amstadter A B,Hanson R F,2
Amstadter A B,Hill E D,2
Amstadter A B,Hlavka H R,2
Amstadter A B,Holmes M M,2
Amstadter A B,Humphrey J A,2
Amstadter A B,Kievit L W,2
Amstadter A B,Koenen K C,2
Amstadter A B,Kogan S M,2
Amstadter A B,Koss M P,2
Amstadter A B,Kovacs M,2
Amstadter A B,Lacy J W,2
Amstadter A B,Landolt M,2
Amstadter A B,Letourneau E J,2
Amstadter A B,Linden J A,2
Amstadter A B,Littleton H,2
Amstadter A B,Maier T,2
Amstadter A B,Mclaughlin K A,2
Amstadter A B,Mohler Kuo M,2
Amstadter A B,Patterson D,2
Amstadter A B,Perrone P A,2
Amstadter A B,Petukhova M,2
Amstadter A B,Priebe G,2
Amstadter A B,Rickert V I,2
Amstadter A B,Roelofs J,2
Amstadter A B,Rosner R,2
Amstadter A B,Ruch L R,2
Amstadter A B,Sampson N A,2
Amstadter A B,Saunders B E,2
Amstadter A B,Schnyder U,2
Amstadter A B,Schonbucher V,2
Amstadter A B,Smith D W,2
Amstadter A B,Stark C E,2
Amstadter A B,Starzynski L L,2
Amstadter A B,Svedin C G,2
Amstadter A B,Timbremont B,2
Amstadter A B,Tjaden P G,2
Amstadter A B,Townsend S M,2
Amstadter A B,Ullman S E,2
Amstadter A B,Unterhitzenberger J,2
Amstadter A B,Vaughan R D,2
Amstadter A B,White J W,2
Amstadter A B,Wiemann C M,2
Amstadter A B,Wolitzky Taylor K B,2
Amstadter A B,Zaslavsky A M,2
Amstadter A B,Zinzow H M,2
Barr S C,Best C L,2
Barr S C,Braet C,2
Barr S C,Campbell R,2
Barr S C,Clum G,2
Barr S C,Coyne B J,2
Barr S C,Danielson C K,2
Barr S C,Filipas H H,2
Barr S C,Greeson M,2
Barr S C,Hanson R F,2
Barr S C,Hill E D,2
Barr S C,Hlavka H R,2
Barr S C,Holmes M M,2
Barr S C,Humphrey J A,2
Barr S C,Kievit L W,2
Barr S C,Kilpatrick D G,2
Barr S C,Koenen K C,2
Barr S C,Kogan S M,2
Barr S C,Koss M P,2
Barr S C,Kovacs M,2
Barr S C,Lacy J W,2
Barr S C,Landolt M,2
Barr S C,Letourneau E J,2
Barr S C,Linden J A,2
Barr S C,Littleton H,2
Barr S C,Maier T,2
Barr S C,Mccauley J L,2
Barr S C,Mclaughlin K A,2
Barr S C,Mohler Kuo M,2
Barr S C,Patterson D,2
Barr S C,Perrone P A,2
Barr S C,Petukhova M,2
Barr S C,Priebe G,2
Barr S C,Resnick H S,2
Barr S C,Rickert V I,2
Barr S C,Roelofs J,2
Barr S C,Rosner R,2
Barr S C,Ruch L R,2
Barr S C,Ruggiero K J,2
Barr S C,Sampson N A,2
Barr S C,Saunders B E,2
Barr S C,Schnyder U,2
Barr S C,Schonbucher V,2
Barr S C,Smith D W,2
Barr S C,Stark C E,2
Barr S C,Starzynski L L,2
Barr S C,Svedin C G,2
Barr S C,Thoennes N,2
Barr S C,Timbremont B,2
Barr S C,Tjaden P G,2
Barr S C,Townsend S M,2
Barr S C,Ullman S E,2
Barr S C,Unterhitzenberger J,2
Barr S C,Vaughan R D,2
Barr S C,White J W,2
Barr S C,Wiemann C M,2
Barr S C,Wolitzky Taylor K B,2
Barr S C,Zaslavsky A M,2
Barr S C,Zinzow H M,2
Best C L,Braet C,2
Best C L,Campbell R,2
Best C L,Clum G,2
Best C L,Coyne B J,2
Best C L,Danielson C K,2
Best C L,Filipas H H,2
Best C L,Greeson M,2
Best C L,Hanson R F,2
Best C L,Hill E D,2
Best C L,Hlavka H R,2
Best C L,Holmes M M,2
Best C L,Humphrey J A,2
Best C L,Kievit L W,2
Best C L,Koenen K C,2
Best C L,Kogan S M,2
Best C L,Koss M P,2
Best C L,Kovacs M,2
Best C L,Lacy J W,2
Best C L,Landolt M,2
Best C L,Linden J A,2
Best C L,Littleton H,2
Best C L,Mccauley J L,2
Best C L,Mclaughlin K A,2
Best C L,Patterson D,2
Best C L,Perrone P A,2
Best C L,Petukhova M,2
Best C L,Rickert V I,2
Best C L,Roelofs J,2
Best C L,Rosner R,2
Best C L,Ruch L R,2
Best C L,Ruggiero K J,2
Best C L,Sampson N A,2
Best C L,Schonbucher V,2
Best C L,Stark C E,2
Best C L,Starzynski L L,2
Best C L,Thoennes N,2
Best C L,Timbremont B,2
Best C L,Tjaden P G,2
Best C L,Townsend S M,2
Best C L,Ullman S E,2
Best C L,Unterhitzenberger J,2
Best C L,Vaughan R D,2
Best C L,White J W,2
Best C L,Wiemann C M,2
Best C L,Wolitzky Taylor K B,2
Best C L,Zaslavsky A M,2
Best C L,Zinzow H M,2
Braet C,Campbell R,2
Braet C,Clum G,2
Braet C,Coyne B J,2
Braet C,Danielson C K,2
Braet C,Filipas H H,2
Braet C,Greeson M,2
Braet C,Hanson R F,2
Braet C,Hill E D,2
Braet C,Hlavka H R,2
Braet C,Holmes M M,2
Braet C,Humphrey J A,2
Braet C,Kievit L W,2
Braet C,Kilpatrick D G,2
Braet C,Koenen K C,2
Braet C,Kogan S M,2
Braet C,Koss M P,2
Braet C,Kovacs M,2
Braet C,Lacy J W,2
Braet C,Landolt M,2
Braet C,Letourneau E J,2
Braet C,Linden J A,2
Braet C,Littleton H,2
Braet C,Maier T,2
Braet C,Mccauley J L,2
Braet C,Mclaughlin K A,2
Braet C,Mohler Kuo M,2
Braet C,Patterson D,2
Braet C,Perrone P A,2
Braet C,Petukhova M,2
Braet C,Priebe G,2
Braet C,Resnick H S,2
Braet C,Rickert V I,2
Braet C,Roelofs J,2
Braet C,Rosner R,2
Braet C,Ruch L R,2
Braet C,Ruggiero K J,2
Braet C,Sampson N A,2
Braet C,Saunders B E,2
Braet C,Schnyder U,2
Braet C,Schonbucher V,2
Braet C,Smith D W,2
Braet C,Stark C E,2
Braet C,Starzynski L L,2
Braet C,Svedin C G,2
Braet C,Thoennes N,2
Braet C,Timbremont B,2
Braet C,Tjaden P G,2
Braet C,Townsend S M,2
Braet C,Ullman S E,2
Braet C,Unterhitzenberger J,2
Braet C,Vaughan R D,2
Braet C,White J W,2
Braet C,Wiemann C M,2
Braet C,Wolitzky Taylor K B,2
Braet C,Zaslavsky A M,2
Braet C,Zinzow H M,2
Campbell R,Clum G,2
Campbell R,Coyne B J,2
Campbell R,Danielson C K,2
Campbell R,Filipas H H,2
Campbell R,Greeson M,2
Campbell R,Hanson R F,2
Campbell R,Hill E D,2
Campbell R,Hlavka H R,2
Campbell R,Holmes M M,2
Campbell R,Humphrey J A,2
Campbell R,Kievit L W,2
Campbell R,Kilpatrick D G,2
Campbell R,Koenen K C,2
Campbell R,Kogan S M,2
Campbell R,Koss M P,2
Campbell R,Kovacs M,2
Campbell R,Lacy J W,2
Campbell R,Landolt M,2
Campbell R,Letourneau E J,2
Campbell R,Linden J A,2
Campbell R,Littleton H,2
Campbell R,Maier T,2
Campbell R,Mccauley J L,2
Campbell R,Mclaughlin K A,2
Campbell R,Mohler Kuo M,2
Campbell R,Patterson D,2
Campbell R,Perrone P A,2
Campbell R,Petukhova M,2
Campbell R,Priebe G,2
Campbell R,Resnick H S,2
Campbell R,Rickert V I,2
Campbell R,Roelofs J,2
Campbell R,Rosner R,2
Campbell R,Ruch L R,2
Campbell R,Ruggiero K J,2
Campbell R,Sampson N A,2
Campbell R,Saunders B E,2
Campbell R,Schnyder U,2
Campbell R,Schonbucher V,2
Campbell R,Smith D W,2
Campbell R,Stark C E,2
Campbell R,Starzynski L L,2
Campbell R,Svedin C G,2
Campbell R,Thoennes N,2
Campbell R,Timbremont B,2
Campbell R,Tjaden P G,2
Campbell R,Townsend S M,2
Campbell R,Ullman S E,2
Campbell R,Unterhitzenberger J,2
Campbell R,Vaughan R D,2
Campbell R,White J W,2
Campbell R,Wiemann C M,2
Campbell R,Wolitzky Taylor K B,2
Campbell R,Zaslavsky A M,2
Campbell R,Zinzow H M,2
Clum G,Coyne B J,2
Clum G,Danielson C K,2
Clum G,Filipas H H,2
Clum G,Greeson M,2
Clum G,Hanson R F,2
Clum G,Hill E D,2
Clum G,Hlavka H R,2
Clum G,Holmes M M,2
Clum G,Humphrey J A,2
Clum G,Kievit L W,2
Clum G,Kilpatrick D G,2
Clum G,Koenen K C,2
Clum G,Kogan S M,2
Clum G,Koss M P,2
Clum G,Kovacs M,2
Clum G,Lacy J W,2
Clum G,Landolt M,2
Clum G,Letourneau E J,2
Clum G,Linden J A,2
Clum G,Littleton H,2
Clum G,Maier T,2
Clum G,Mccauley J L,2
Clum G,Mclaughlin K A,2
Clum G,Mohler Kuo M,2
Clum G,Patterson D,2
Clum G,Perrone P A,2
Clum G,Petukhova M,2
Clum G,Priebe G,2
Clum G,Resnick H S,2
Clum G,Rickert V I,2
Clum G,Roelofs J,2
Clum G,Rosner R,2
Clum G,Ruch L R,2
Clum G,Ruggiero K J,2
Clum G,Sampson N A,2
Clum G,Saunders B E,2
Clum G,Schnyder U,2
Clum G,Schonbucher V,2
Clum G,Smith D W,2
Clum G,Stark C E,2
Clum G,Starzynski L L,2
Clum G,Svedin C G,2
Clum G,Thoennes N,2
Clum G,Timbremont B,2
Clum G,Tjaden P G,2
Clum G,Townsend S M,2
Clum G,Ullman S E,2
Clum G,Unterhitzenberger J,2
Clum G,Vaughan R D,2
Clum G,White J W,2
Clum G,Wiemann C M,2
Clum G,Wolitzky Taylor K B,2
Clum G,Zaslavsky A M,2
Clum G,Zinzow H M,2
Coyne B J,Danielson C K,2
Coyne B J,Filipas H H,2
Coyne B J,Greeson M,2
Coyne B J,Hanson R F,2
Coyne B J,Hill E D,2
Coyne B J,Hlavka H R,2
Coyne B J,Holmes M M,2
Coyne B J,Humphrey J A,2
Coyne B J,Kievit L W,2
Coyne B J,Kilpatrick D G,2
Coyne B J,Koenen K C,2
Coyne B J,Kogan S M,2
Coyne B J,Koss M P,2
Coyne B J,Kovacs M,2
Coyne B J,Lacy J W,2
Coyne B J,Landolt M,2
Coyne B J,Letourneau E J,2
Coyne B J,Linden J A,2
Coyne B J,Littleton H,2
Coyne B J,Maier T,2
Coyne B J,Mccauley J L,2
Coyne B J,Mclaughlin K A,2
Coyne B J,Mohler Kuo M,2
Coyne B J,Patterson D,2
Coyne B J,Perrone P A,2
Coyne B J,Petukhova M,2
Coyne B J,Priebe G,2
Coyne B J,Resnick H S,2
Coyne B J,Rickert V I,2
Coyne B J,Roelofs J,2
Coyne B J,Rosner R,2
Coyne B J,Ruch L R,2
Coyne B J,Ruggiero K J,2
Coyne B J,Sampson N A,2
Coyne B J,Saunders B E,2
Coyne B J,Schnyder U,2
Coyne B J,Schonbucher V,2
Coyne B J,Smith D W,2
Coyne B J,Stark C E,2
Coyne B J,Starzynski L L,2
Coyne B J,Svedin C G,2
Coyne B J,Thoennes N,2
Coyne B J,Timbremont B,2
Coyne B J,Tjaden P G,2
Coyne B J,Townsend S M,2
Coyne B J,Ullman S E,2
Coyne B J,Unterhitzenberger J,2
Coyne B J,Vaughan R D,2
Coyne B J,White J W,2
Coyne B J,Wiemann C M,2
Coyne B J,Wolitzky Taylor K B,2
Coyne B J,Zaslavsky A M,2
Coyne B J,Zinzow H M,2
Danielson C K,Filipas H H,2
Danielson C K,Greeson M,2
Danielson C K,Hanson R F,2
Danielson C K,Hill E D,2
Danielson C K,Hlavka H R,2
Danielson C K,Holmes M M,2
Danielson C K,Humphrey J A,2
Danielson C K,Kievit L W,2
Danielson C K,Kilpatrick D G,2
Danielson C K,Koenen K C,2
Danielson C K,Kogan S M,2
Danielson C K,Koss M P,2
Danielson C K,Kovacs M,2
Danielson C K,Lacy J W,2
Danielson C K,Landolt M,2
Danielson C K,Letourneau E J,2
Danielson C K,Linden J A,2
Danielson C K,Littleton H,2
Danielson C K,Maier T,2
Danielson C K,Mccauley J L,2
Danielson C K,Mclaughlin K A,2
Danielson C K,Mohler Kuo M,2
Danielson C K,Patterson D,2
Danielson C K,Perrone P A,2
Danielson C K,Petukhova M,2
Danielson C K,Priebe G,2
Danielson C K,Resnick H S,2
Danielson C K,Rickert V I,2
Danielson C K,Roelofs J,2
Danielson C K,Rosner R,2
Danielson C K,Ruch L R,2
Danielson C K,Ruggiero K J,2
Danielson C K,Sampson N A,2
Danielson C K,Saunders B E,2
Danielson C K,Schnyder U,2
Danielson C K,Schonbucher V,2
Danielson C K,Smith D W,2
Danielson C K,Stark C E,2
Danielson C K,Starzynski L L,2
Danielson C K,Svedin C G,2
Danielson C K,Thoennes N,2
Danielson C K,Timbremont B,2
Danielson C K,Tjaden P G,2
Danielson C K,Townsend S M,2
Danielson C K,Ullman S E,2
Danielson C K,Unterhitzenberger J,2
Danielson C K,Vaughan R D,2
Danielson C K,White J W,2
Danielson C K,Wiemann C M,2
Danielson C K,Wolitzky Taylor K B,2
Danielson C K,Zaslavsky A M,2
Danielson C K,Zinzow H M,2
Filipas H H,Greeson M,2
Filipas H H,Hanson R F,2
Filipas H H,Hill E D,2
Filipas H H,Hlavka H R,2
Filipas H H,Holmes M M,2
Filipas H H,Humphrey J A,2
Filipas H H,Kievit L W,2
Filipas H H,Kilpatrick D G,2
Filipas H H,Koenen K C,2
Filipas H H,Kogan S M,2
Filipas H H,Koss M P,2
Filipas H H,Kovacs M,2
Filipas H H,Lacy J W,2
Filipas H H,Landolt M,2
Filipas H H,Letourneau E J,2
Filipas H H,Linden J A,2
Filipas H H,Littleton H,2
Filipas H H,Maier T,2
Filipas H H,Mccauley J L,2
Filipas H H,Mclaughlin K A,2
Filipas H H,Mohler Kuo M,2
Filipas H H,Patterson D,2
Filipas H H,Perrone P A,2
Filipas H H,Petukhova M,2
Filipas H H,Priebe G,2
Filipas H H,Resnick H S,2
Filipas H H,Rickert V I,2
Filipas H H,Roelofs J,2
Filipas H H,Rosner R,2
Filipas H H,Ruch L R,2
Filipas H H,Ruggiero K J,2
Filipas H H,Sampson N A,2
Filipas H H,Saunders B E,2
Filipas H H,Schnyder U,2
Filipas H H,Schonbucher V,2
Filipas H H,Smith D W,2
Filipas H H,Stark C E,2
Filipas H H,Starzynski L L,2
Filipas H H,Svedin C G,2
Filipas H H,Thoennes N,2
Filipas H H,Timbremont B,2
Filipas H H,Tjaden P G,2
Filipas H H,Townsend S M,2
Filipas H H,Ullman S E,2
Filipas H H,Unterhitzenberger J,2
Filipas H H,Vaughan R D,2
Filipas H H,White J W,2
Filipas H H,Wiemann C M,2
Filipas H H,Wolitzky Taylor K B,2
Filipas H H,Zaslavsky A M,2
Filipas H H,Zinzow H M,2
Greeson M,Hanson R F,2
Greeson M,Hill E D,2
Greeson M,Hlavka H R,2
Greeson M,Holmes M M,2
Greeson M,Humphrey J A,2
Greeson M,Kievit L W,2
Greeson M,Kilpatrick D G,2
Greeson M,Koenen K C,2
Greeson M,Kogan S M,2
Greeson M,Koss M P,2
Greeson M,Kovacs M,2
Greeson M,Lacy J W,2
Greeson M,Landolt M,2
Greeson M,Letourneau E J,2
Greeson M,Linden J A,2
Greeson M,Littleton H,2
Greeson M,Maier T,2
Greeson M,Mccauley J L,2
Greeson M,Mclaughlin K A,2
Greeson M,Mohler Kuo M,2
Greeson M,Patterson D,2
Greeson M,Perrone P A,2
Greeson M,Petukhova M,2
Greeson M,Priebe G,2
Greeson M,Resnick H S,2
Greeson M,Rickert V I,2
Greeson M,Roelofs J,2
Greeson M,Rosner R,2
Greeson M,Ruch L R,2
Greeson M,Ruggiero K J,2
Greeson M,Sampson N A,2
Greeson M,Saunders B E,2
Greeson M,Schnyder U,2
Greeson M,Schonbucher V,2
Greeson M,Smith D W,2
Greeson M,Stark C E,2
Greeson M,Starzynski L L,2
Greeson M,Svedin C G,2
Greeson M,Thoennes N,2
Greeson M,Timbremont B,2
Greeson M,Tjaden P G,2
Greeson M,Townsend S M,2
Greeson M,Ullman S E,2
Greeson M,Unterhitzenberger J,2
Greeson M,Vaughan R D,2
Greeson M,White J W,2
Greeson M,Wiemann C M,2
Greeson M,Wolitzky Taylor K B,2
Greeson M,Zaslavsky A M,2
Greeson M,Zinzow H M,2
Hanson R F,Hill E D,2
Hanson R F,Hlavka H R,2
Hanson R F,Holmes M M,2
Hanson R F,Humphrey J A,2
Hanson R F,Kievit L W,2
Hanson R F,Kilpatrick D G,2
Hanson R F,Koenen K C,2
Hanson R F,Kogan S M,2
Hanson R F,Koss M P,2
Hanson R F,Kovacs M,2
Hanson R F,Lacy J W,2
Hanson R F,Landolt M,2
Hanson R F,Letourneau E J,2
Hanson R F,Linden J A,2
Hanson R F,Littleton H,2
Hanson R F,Maier T,2
Hanson R F,Mccauley J L,2
Hanson R F,Mclaughlin K A,2
Hanson R F,Mohler Kuo M,2
Hanson R F,Patterson D,2
Hanson R F,Perrone P A,2
Hanson R F,Petukhova M,2
Hanson R F,Priebe G,2
Hanson R F,Resnick H S,2
Hanson R F,Rickert V I,2
Hanson R F,Roelofs J,2
Hanson R F,Rosner R,2
Hanson R F,Ruch L R,2
Hanson R F,Ruggiero K J,2
Hanson R F,Sampson N A,2
Hanson R F,Saunders B E,2
Hanson R F,Schnyder U,2
Hanson R F,Schonbucher V,2
Hanson R F,Smith D W,2
Hanson R F,Stark C E,2
Hanson R F,Starzynski L L,2
Hanson R F,Svedin C G,2
Hanson R F,Thoennes N,2
Hanson R F,Timbremont B,2
Hanson R F,Tjaden P G,2
Hanson R F,Townsend S M,2
Hanson R F,Ullman S E,2
Hanson R F,Unterhitzenberger J,2
Hanson R F,Vaughan R D,2
Hanson R F,White J W,2
Hanson R F,Wiemann C M,2
Hanson R F,Wolitzky Taylor K B,2
Hanson R F,Zaslavsky A M,2
Hanson R F,Zinzow H M,2
Hill E D,Hlavka H R,2
Hill E D,Holmes M M,2
Hill E D,Humphrey J A,2
Hill E D,Kievit L W,2
Hill E D,Kilpatrick D G,2
Hill E D,Koenen K C,2
Hill E D,Kogan S M,2
Hill E D,Koss M P,2
Hill E D,Kovacs M,2
Hill E D,Lacy J W,2
Hill E D,Landolt M,2
Hill E D,Letourneau E J,2
Hill E D,Linden J A,2
Hill E D,Littleton H,2
Hill E D,Maier T,2
Hill E D,Mccauley J L,2
Hill E D,Mclaughlin K A,2
Hill E D,Mohler Kuo M,2
Hill E D,Patterson D,2
Hill E D,Perrone P A,2
Hill E D,Petukhova M,2
Hill E D,Priebe G,2
Hill E D,Resnick H S,2
Hill E D,Rickert V I,2
Hill E D,Roelofs J,2
Hill E D,Rosner R,2
Hill E D,Ruch L R,2
Hill E D,Ruggiero K J,2
Hill E D,Sampson N A,2
Hill E D,Saunders B E,2
Hill E D,Schnyder U,2
Hill E D,Schonbucher V,2
Hill E D,Smith D W,2
Hill E D,Stark C E,2
Hill E D,Starzynski L L,2
Hill E D,Svedin C G,2
Hill E D,Thoennes N,2
Hill E D,Timbremont B,2
Hill E D,Tjaden P G,2
Hill E D,Townsend S M,2
Hill E D,Ullman S E,2
Hill E D,Unterhitzenberger J,2
Hill E D,Vaughan R D,2
Hill E D,White J W,2
Hill E D,Wiemann C M,2
Hill E D,Wolitzky Taylor K B,2
Hill E D,Zaslavsky A M,2
Hill E D,Zinzow H M,2
Hlavka H R,Holmes M M,2
Hlavka H R,Humphrey J A,2
Hlavka H R,Kievit L W,2
Hlavka H R,Kilpatrick D G,2
Hlavka H R,Koenen K C,2
Hlavka H R,Kogan S M,2
Hlavka H R,Koss M P,2
Hlavka H R,Kovacs M,2
Hlavka H R,Lacy J W,2
Hlavka H R,Landolt M,2
Hlavka H R,Letourneau E J,2
Hlavka H R,Linden J A,2
Hlavka H R,Littleton H,2
Hlavka H R,Maier T,2
Hlavka H R,Mccauley J L,2
Hlavka H R,Mclaughlin K A,2
Hlavka H R,Mohler Kuo M,2
Hlavka H R,Patterson D,2
Hlavka H R,Perrone P A,2
Hlavka H R,Petukhova M,2
Hlavka H R,Priebe G,2
Hlavka H R,Resnick H S,2
Hlavka H R,Rickert V I,2
Hlavka H R,Roelofs J,2
Hlavka H R,Rosner R,2
Hlavka H R,Ruch L R,2
Hlavka H R,Ruggiero K J,2
Hlavka H R,Sampson N A,2
Hlavka H R,Saunders B E,2
Hlavka H R,Schnyder U,2
Hlavka H R,Schonbucher V,2
Hlavka H R,Smith D W,2
Hlavka H R,Stark C E,2
Hlavka H R,Starzynski L L,2
Hlavka H R,Svedin C G,2
Hlavka H R,Thoennes N,2
Hlavka H R,Timbremont B,2
Hlavka H R,Tjaden P G,2
Hlavka H R,Townsend S M,2
Hlavka H R,Ullman S E,2
Hlavka H R,Unterhitzenberger J,2
Hlavka H R,Vaughan R D,2
Hlavka H R,White J W,2
Hlavka H R,Wiemann C M,2
Hlavka H R,Wolitzky Taylor K B,2
Hlavka H R,Zaslavsky A M,2
Hlavka H R,Zinzow H M,2
Holmes M M,Humphrey J A,2
Holmes M M,Kievit L W,2
Holmes M M,Kilpatrick D G,2
Holmes M M,Koenen K C,2
Holmes M M,Kogan S M,2
Holmes M M,Koss M P,2
Holmes M M,Kovacs M,2
Holmes M M,Lacy J W,2
Holmes M M,Landolt M,2
Holmes M M,Letourneau E J,2
Holmes M M,Linden J A,2
Holmes M M,Littleton H,2
Holmes M M,Maier T,2
Holmes M M,Mccauley J L,2
Holmes M M,Mclaughlin K A,2
Holmes M M,Mohler Kuo M,2
Holmes M M,Patterson D,2
Holmes M M,Perrone P A,2
Holmes M M,Petukhova M,2
Holmes M M,Priebe G,2
Holmes M M,Resnick H S,2
Holmes M M,Rickert V I,2
Holmes M M,Roelofs J,2
Holmes M M,Rosner R,2
Holmes M M,Ruch L R,2
Holmes M M,Ruggiero K J,2
Holmes M M,Sampson N A,2
Holmes M M,Saunders B E,2
Holmes M M,Schnyder U,2
Holmes M M,Schonbucher V,2
Holmes M M,Smith D W,2
Holmes M M,Stark C E,2
Holmes M M,Starzynski L L,2
Holmes M M,Svedin C G,2
Holmes M M,Thoennes N,2
Holmes M M,Timbremont B,2
Holmes M M,Tjaden P G,2
Holmes M M,Townsend S M,2
Holmes M M,Ullman S E,2
Holmes M M,Unterhitzenberger J,2
Holmes M M,Vaughan R D,2
Holmes M M,White J W,2
Holmes M M,Wiemann C M,2
Holmes M M,Wolitzky Taylor K B,2
Holmes M M,Zaslavsky A M,2
Holmes M M,Zinzow H M,2
Humphrey J A,Kievit L W,2
Humphrey J A,Kilpatrick D G,2
Humphrey J A,Koenen K C,2
Humphrey J A,Kogan S M,2
Humphrey J A,Koss M P,2
Humphrey J A,Kovacs M,2
Humphrey J A,Lacy J W,2
Humphrey J A,Landolt M,2
Humphrey J A,Letourneau E J,2
Humphrey J A,Linden J A,2
Humphrey J A,Littleton H,2
Humphrey J A,Maier T,2
Humphrey J A,Mccauley J L,2
Humphrey J A,Mclaughlin K A,2
Humphrey J A,Mohler Kuo M,2
Humphrey J A,Patterson D,2
Humphrey J A,Perrone P A,2
Humphrey J A,Petukhova M,2
Humphrey J A,Priebe G,2
Humphrey J A,Resnick H S,2
Humphrey J A,Rickert V I,2
Humphrey J A,Roelofs J,2
Humphrey J A,Rosner R,2
Humphrey J A,Ruch L R,2
Humphrey J A,Ruggiero K J,2
Humphrey J A,Sampson N A,2
Humphrey J A,Saunders B E,2
Humphrey J A,Schnyder U,2
Humphrey J A,Schonbucher V,2
Humphrey J A,Smith D W,2
Humphrey J A,Stark C E,2
Humphrey J A,Starzynski L L,2
Humphrey J A,Svedin C G,2
Humphrey J A,Thoennes N,2
Humphrey J A,Timbremont B,2
Humphrey J A,Tjaden P G,2
Humphrey J A,Townsend S M,2
Humphrey J A,Ullman S E,2
Humphrey J A,Unterhitzenberger J,2
Humphrey J A,Vaughan R D,2
Humphrey J A,White J W,2
Humphrey J A,Wiemann C M,2
Humphrey J A,Wolitzky Taylor K B,2
Humphrey J A,Zaslavsky A M,2
Humphrey J A,Zinzow H M,2
Kievit L W,Kilpatrick D G,2
Kievit L W,Koenen K C,2
Kievit L W,Kogan S M,2
Kievit L W,Koss M P,2
Kievit L W,Kovacs M,2
Kievit L W,Lacy J W,2
Kievit L W,Landolt M,2
Kievit L W,Letourneau E J,2
Kievit L W,Linden J A,2
Kievit L W,Littleton H,2
Kievit L W,Maier T,2
Kievit L W,Mccauley J L,2
Kievit L W,Mclaughlin K A,2
Kievit L W,Mohler Kuo M,2
Kievit L W,Patterson D,2
Kievit L W,Perrone P A,2
Kievit L W,Petukhova M,2
Kievit L W,Priebe G,2
Kievit L W,Resnick H S,2
Kievit L W,Rickert V I,2
Kievit L W,Roelofs J,2
Kievit L W,Rosner R,2
Kievit L W,Ruch L R,2
Kievit L W,Ruggiero K J,2
Kievit L W,Sampson N A,2
Kievit L W,Saunders B E,2
Kievit L W,Schnyder U,2
Kievit L W,Schonbucher V,2
Kievit L W,Smith D W,2
Kievit L W,Stark C E,2
Kievit L W,Starzynski L L,2
Kievit L W,Svedin C G,2
Kievit L W,Thoennes N,2
Kievit L W,Timbremont B,2
Kievit L W,Tjaden P G,2
Kievit L W,Townsend S M,2
Kievit L W,Ullman S E,2
Kievit L W,Unterhitzenberger J,2
Kievit L W,Vaughan R D,2
Kievit L W,White J W,2
Kievit L W,Wiemann C M,2
Kievit L W,Wolitzky Taylor K B,2
Kievit L W,Zaslavsky A M,2
Kievit L W,Zinzow H M,2
Kilpatrick D G,Koenen K C,2
Kilpatrick D G,Kogan S M,2
Kilpatrick D G,Koss M P,2
Kilpatrick D G,Kovacs M,2
Kilpatrick D G,Lacy J W,2
Kilpatrick D G,Landolt M,2
Kilpatrick D G,Linden J A,2
Kilpatrick D G,Littleton H,2
Kilpatrick D G,Mclaughlin K A,2
Kilpatrick D G,Patterson D,2
Kilpatrick D G,Perrone P A,2
Kilpatrick D G,Petukhova M,2
Kilpatrick D G,Rickert V I,2
Kilpatrick D G,Roelofs J,2
Kilpatrick D G,Rosner R,2
Kilpatrick D G,Ruch L R,2
Kilpatrick D G,Sampson N A,2
Kilpatrick D G,Schonbucher V,2
Kilpatrick D G,Stark C E,2
Kilpatrick D G,Starzynski L L,2
Kilpatrick D G,Timbremont B,2
Kilpatrick D G,Tjaden P G,2
Kilpatrick D G,Townsend S M,2
Kilpatrick D G,Ullman S E,2
Kilpatrick D G,Unterhitzenberger J,2
Kilpatrick D G,Vaughan R D,2
Kilpatrick D G,White J W,2
Kilpatrick D G,Wiemann C M,2
Kilpatrick D G,Wolitzky Taylor K B,2
Kilpatrick D G,Zaslavsky A M,2
Kilpatrick D G,Zinzow H M,2
Koenen K C,Kogan S M,2
Koenen K C,Koss M P,2
Koenen K C,Kovacs M,2
Koenen K C,Lacy J W,2
Koenen K C,Landolt M,2
Koenen K C,Letourneau E J,2
Koenen K C,Linden J A,2
Koenen K C,Littleton H,2
Koenen K C,Maier T,2
Koenen K C,Mccauley J L,2
Koenen K C,Mclaughlin K A,2
Koenen K C,Mohler Kuo M,2
Koenen K C,Patterson D,2
Koenen K C,Perrone P A,2
Koenen K C,Petukhova M,2
Koenen K C,Priebe G,2
Koenen K C,Resnick H S,2
Koenen K C,Rickert V I,2
Koenen K C,Roelofs J,2
Koenen K C,Rosner R,2
Koenen K C,Ruch L R,2
Koenen K C,Ruggiero K J,2
Koenen K C,Sampson N A,2
Koenen K C,Saunders B E,2
Koenen K C,Schnyder U,2
Koenen K C,Schonbucher V,2
Koenen K C,Smith D W,2
Koenen K C,Stark C E,2
Koenen K C,Starzynski L L,2
Koenen K C,Svedin C G,2
Koenen K C,Thoennes N,2
Koenen K C,Timbremont B,2
Koenen K C,Tjaden P G,2
Koenen K C,Townsend S M,2
Koenen K C,Ullman S E,2
Koenen K C,Unterhitzenberger J,2
Koenen K C,Vaughan R D,2
Koenen K C,White J W,2
Koenen K C,Wiemann C M,2
Koenen K C,Wolitzky Taylor K B,2
Koenen K C,Zaslavsky A M,2
Koenen K C,Zinzow H M,2
Kogan S M,Koss M P,2
Kogan S M,Kovacs M,2
Kogan S M,Lacy J W,2
Kogan S M,Landolt M,2
Kogan S M,Letourneau E J,2
Kogan S M,Linden J A,2
Kogan S M,Littleton H,2
Kogan S M,Maier T,2
Kogan S M,Mccauley J L,2
Kogan S M,Mclaughlin K A,2
Kogan S M,Mohler Kuo M,2
Kogan S M,Patterson D,2
Kogan S M,Perrone P A,2
Kogan S M,Petukhova M,2
Kogan S M,Priebe G,2
Kogan S M,Resnick H S,2
Kogan S M,Rickert V I,2
Kogan S M,Roelofs J,2
Kogan S M,Rosner R,2
Kogan S M,Ruch L R,2
Kogan S M,Ruggiero K J,2
Kogan S M,Sampson N A,2
Kogan S M,Saunders B E,2
Kogan S M,Schnyder U,2
Kogan S M,Schonbucher V,2
Kogan S M,Smith D W,2
Kogan S M,Stark C E,2
Kogan S M,Starzynski L L,2
Kogan S M,Svedin C G,2
Kogan S M,Thoennes N,2
Kogan S M,Timbremont B,2
Kogan S M,Tjaden P G,2
Kogan S M,Townsend S M,2
Kogan S M,Ullman S E,2
Kogan S M,Unterhitzenberger J,2
Kogan S M,Vaughan R D,2
Kogan S M,White J W,2
Kogan S M,Wiemann C M,2
Kogan S M,Wolitzky Taylor K B,2
Kogan S M,Zaslavsky A M,2
Kogan S M,Zinzow H M,2
Koss M P,Kovacs M,2
Koss M P,Lacy J W,2
Koss M P,Landolt M,2
Koss M P,Letourneau E J,2
Koss M P,Linden J A,2
Koss M P,Littleton H,2
Koss M P,Maier T,2
Koss M P,Mccauley J L,2
Koss M P,Mclaughlin K A,2
Koss M P,Mohler Kuo M,2
Koss M P,Patterson D,2
Koss M P,Perrone P A,2
Koss M P,Petukhova M,2
Koss M P,Priebe G,2
Koss M P,Resnick H S,2
Koss M P,Rickert V I,2
Koss M P,Roelofs J,2
Koss M P,Rosner R,2
Koss M P,Ruch L R,2
Koss M P,Ruggiero K J,2
Koss M P,Sampson N A,2
Koss M P,Saunders B E,2
Koss M P,Schnyder U,2
Koss M P,Schonbucher V,2
Koss M P,Smith D W,2
Koss M P,Stark C E,2
Koss M P,Starzynski L L,2
Koss M P,Svedin C G,2
Koss M P,Thoennes N,2
Koss M P,Timbremont B,2
Koss M P,Tjaden P G,2
Koss M P,Townsend S M,2
Koss M P,Ullman S E,2
Koss M P,Unterhitzenberger J,2
Koss M P,Vaughan R D,2
Koss M P,White J W,2
Koss M P,Wiemann C M,2
Koss M P,Wolitzky Taylor K B,2
Koss M P,Zaslavsky A M,2
Koss M P,Zinzow H M,2
Kovacs M,Lacy J W,2
Kovacs M,Landolt M,2
Kovacs M,Letourneau E J,2
Kovacs M,Linden J A,2
Kovacs M,Littleton H,2
Kovacs M,Maier T,2
Kovacs M,Mccauley J L,2
Kovacs M,Mclaughlin K A,2
Kovacs M,Mohler Kuo M,2
Kovacs M,Patterson D,2
Kovacs M,Perrone P A,2
Kovacs M,Petukhova M,2
Kovacs M,Priebe G,2
Kovacs M,Resnick H S,2
Kovacs M,Rickert V I,2
Kovacs M,Roelofs J,2
Kovacs M,Rosner R,2
Kovacs M,Ruch L R,2
Kovacs M,Ruggiero K J,2
Kovacs M,Sampson N A,2
Kovacs M,Saunders B E,2
Kovacs M,Schnyder U,2
Kovacs M,Schonbucher V,2
Kovacs M,Smith D W,2
Kovacs M,Stark C E,2
Kovacs M,Starzynski L L,2
Kovacs M,Svedin C G,2
Kovacs M,Thoennes N,2
Kovacs M,Timbremont B,2
Kovacs M,Tjaden P G,2
Kovacs M,Townsend S M,2
Kovacs M,Ullman S E,2
Kovacs M,Unterhitzenberger J,2
Kovacs M,Vaughan R D,2
Kovacs M,White J W,2
Kovacs M,Wiemann C M,2
Kovacs M,Wolitzky Taylor K B,2
Kovacs M,Zaslavsky A M,2
Kovacs M,Zinzow H M,2
Lacy J W,Landolt M,2
Lacy J W,Letourneau E J,2
Lacy J W,Linden J A,2
Lacy J W,Littleton H,2
Lacy J W,Maier T,2
Lacy J W,Mccauley J L,2
Lacy J W,Mclaughlin K A,2
Lacy J W,Mohler Kuo M,2
Lacy J W,Patterson D,2
Lacy J W,Perrone P A,2
Lacy J W,Petukhova M,2
Lacy J W,Priebe G,2
Lacy J W,Resnick H S,2
Lacy J W,Rickert V I,2
Lacy J W,Roelofs J,2
Lacy J W,Rosner R,2
Lacy J W,Ruch L R,2
Lacy J W,Ruggiero K J,2
Lacy J W,Sampson N A,2
Lacy J W,Saunders B E,2
Lacy J W,Schnyder U,2
Lacy J W,Schonbucher V,2
Lacy J W,Smith D W,2
Lacy J W,Stark C E,2
Lacy J W,Starzynski L L,2
Lacy J W,Svedin C G,2
Lacy J W,Thoennes N,2
Lacy J W,Timbremont B,2
Lacy J W,Tjaden P G,2
Lacy J W,Townsend S M,2
Lacy J W,Ullman S E,2
Lacy J W,Unterhitzenberger J,2
Lacy J W,Vaughan R D,2
Lacy J W,White J W,2
Lacy J W,Wiemann C M,2
Lacy J W,Wolitzky Taylor K B,2
Lacy J W,Zaslavsky A M,2
Lacy J W,Zinzow H M,2
Landolt M,Letourneau E J,2
Landolt M,Linden J A,2
Landolt M,Littleton H,2
Landolt M,Maier T,2
Landolt M,Mccauley J L,2
Landolt M,Mclaughlin K A,2
Landolt M,Mohler Kuo M,2
Landolt M,Patterson D,2
Landolt M,Perrone P A,2
Landolt M,Petukhova M,2
Landolt M,Priebe G,2
Landolt M,Resnick H S,2
Landolt M,Rickert V I,2
Landolt M,Roelofs J,2
Landolt M,Rosner R,2
Landolt M,Ruch L R,2
Landolt M,Ruggiero K J,2
Landolt M,Sampson N A,2
Landolt M,Saunders B E,2
Landolt M,Schnyder U,2
Landolt M,Schonbucher V,2
Landolt M,Smith D W,2
Landolt M,Stark C E,2
Landolt M,Starzynski L L,2
Landolt M,Svedin C G,2
Landolt M,Thoennes N,2
Landolt M,Timbremont B,2
Landolt M,Tjaden P G,2
Landolt M,Townsend S M,2
Landolt M,Ullman S E,2
Landolt M,Unterhitzenberger J,2
Landolt M,Vaughan R D,2
Landolt M,White J W,2
Landolt M,Wiemann C M,2
Landolt M,Wolitzky Taylor K B,2
Landolt M,Zaslavsky A M,2
Landolt M,Zinzow H M,2
Letourneau E J,Linden J A,2
Letourneau E J,Littleton H,2
Letourneau E J,Mccauley J L,2
Letourneau E J,Mclaughlin K A,2
Letourneau E J,Patterson D,2
Letourneau E J,Perrone P A,2
Letourneau E J,Petukhova M,2
Letourneau E J,Rickert V I,2
Letourneau E J,Roelofs J,2
Letourneau E J,Rosner R,2
Letourneau E J,Ruch L R,2
Letourneau E J,Ruggiero K J,2
Letourneau E J,Sampson N A,2
Letourneau E J,Schonbucher V,2
Letourneau E J,Stark C E,2
Letourneau E J,Starzynski L L,2
Letourneau E J,Thoennes N,2
Letourneau E J,Timbremont B,2
Letourneau E J,Tjaden P G,2
Letourneau E J,Townsend S M,2
Letourneau E J,Ullman S E,2
Letourneau E J,Unterhitzenberger J,2
Letourneau E J,Vaughan R D,2
Letourneau E J,White J W,2
Letourneau E J,Wiemann C M,2
Letourneau E J,Wolitzky Taylor K B,2
Letourneau E J,Zaslavsky A M,2
Letourneau E J,Zinzow H M,2
Linden J A,Littleton H,2
Linden J A,Maier T,2
Linden J A,Mccauley J L,2
Linden J A,Mclaughlin K A,2
Linden J A,Mohler Kuo M,2
Linden J A,Patterson D,2
Linden J A,Perrone P A,2
Linden J A,Petukhova M,2
Linden J A,Priebe G,2
Linden J A,Resnick H S,2
Linden J A,Rickert V I,2
Linden J A,Roelofs J,2
Linden J A,Rosner R,2
Linden J A,Ruch L R,2
Linden J A,Ruggiero K J,2
Linden J A,Sampson N A,2
Linden J A,Saunders B E,2
Linden J A,Schnyder U,2
Linden J A,Schonbucher V,2
Linden J A,Smith D W,2
Linden J A,Stark C E,2
Linden J A,Starzynski L L,2
Linden J A,Svedin C G,2
Linden J A,Thoennes N,2
Linden J A,Timbremont B,2
Linden J A,Tjaden P G,2
Linden J A,Townsend S M,2
Linden J A,Ullman S E,2
Linden J A,Unterhitzenberger J,2
Linden J A,Vaughan R D,2
Linden J A,White J W,2
Linden J A,Wiemann C M,2
Linden J A,Wolitzky Taylor K B,2
Linden J A,Zaslavsky A M,2
Linden J A,Zinzow H M,2
Littleton H,Maier T,2
Littleton H,Mccauley J L,2
Littleton H,Mclaughlin K A,2
Littleton H,Mohler Kuo M,2
Littleton H,Patterson D,2
Littleton H,Perrone P A,2
Littleton H,Petukhova M,2
Littleton H,Priebe G,2
Littleton H,Resnick H S,2
Littleton H,Rickert V I,2
Littleton H,Roelofs J,2
Littleton H,Rosner R,2
Littleton H,Ruch L R,2
Littleton H,Ruggiero K J,2
Littleton H,Sampson N A,2
Littleton H,Saunders B E,2
Littleton H,Schnyder U,2
Littleton H,Schonbucher V,2
Littleton H,Smith D W,2
Littleton H,Stark C E,2
Littleton H,Starzynski L L,2
Littleton H,Svedin C G,2
Littleton H,Thoennes N,2
Littleton H,Timbremont B,2
Littleton H,Tjaden P G,2
Littleton H,Townsend S M,2
Littleton H,Ullman S E,2
Littleton H,Unterhitzenberger J,2
Littleton H,Vaughan R D,2
Littleton H,White J W,2
Littleton H,Wiemann C M,2
Littleton H,Wolitzky Taylor K B,2
Littleton H,Zaslavsky A M,2
Littleton H,Zinzow H M,2
Maier T,Mccauley J L,2
Maier T,Mclaughlin K A,2
Maier T,Patterson D,2
Maier T,Perrone P A,2
Maier T,Petukhova M,2
Maier T,Rickert V I,2
Maier T,Roelofs J,2
Maier T,Rosner R,2
Maier T,Ruch L R,2
Maier T,Ruggiero K J,2
Maier T,Sampson N A,2
Maier T,Schonbucher V,2
Maier T,Stark C E,2
Maier T,Starzynski L L,2
Maier T,Thoennes N,2
Maier T,Timbremont B,2
Maier T,Tjaden P G,2
Maier T,Townsend S M,2
Maier T,Ullman S E,2
Maier T,Unterhitzenberger J,2
Maier T,Vaughan R D,2
Maier T,White J W,2
Maier T,Wiemann C M,2
Maier T,Wolitzky Taylor K B,2
Maier T,Zaslavsky A M,2
Maier T,Zinzow H M,2
Mccauley J L,Mclaughlin K A,2
Mccauley J L,Mohler Kuo M,2
Mccauley J L,Patterson D,2
Mccauley J L,Perrone P A,2
Mccauley J L,Petukhova M,2
Mccauley J L,Priebe G,2
Mccauley J L,Rickert V I,2
Mccauley J L,Roelofs J,2
Mccauley J L,Rosner R,2
Mccauley J L,Ruch L R,2
Mccauley J L,Sampson N A,2
Mccauley J L,Saunders B E,2
Mccauley J L,Schnyder U,2
Mccauley J L,Schonbucher V,2
Mccauley J L,Smith D W,2
Mccauley J L,Stark C E,2
Mccauley J L,Starzynski L L,2
Mccauley J L,Svedin C G,2
Mccauley J L,Timbremont B,2
Mccauley J L,Tjaden P G,2
Mccauley J L,Townsend S M,2
Mccauley J L,Ullman S E,2
Mccauley J L,Unterhitzenberger J,2
Mccauley J L,Vaughan R D,2
Mccauley J L,White J W,2
Mccauley J L,Wiemann C M,2
Mccauley J L,Wolitzky Taylor K B,2
Mccauley J L,Zaslavsky A M,2
Mccauley J L,Zinzow H M,2
Mclaughlin K A,Mohler Kuo M,2
Mclaughlin K A,Patterson D,2
Mclaughlin K A,Perrone P A,2
Mclaughlin K A,Petukhova M,2
Mclaughlin K A,Priebe G,2
Mclaughlin K A,Resnick H S,2
Mclaughlin K A,Rickert V I,2
Mclaughlin K A,Roelofs J,2
Mclaughlin K A,Rosner R,2
Mclaughlin K A,Ruch L R,2
Mclaughlin K A,Ruggiero K J,2
Mclaughlin K A,Sampson N A,2
Mclaughlin K A,Saunders B E,2
Mclaughlin K A,Schnyder U,2
Mclaughlin K A,Schonbucher V,2
Mclaughlin K A,Smith D W,2
Mclaughlin K A,Stark C E,2
Mclaughlin K A,Starzynski L L,2
Mclaughlin K A,Svedin C G,2
Mclaughlin K A,Thoennes N,2
Mclaughlin K A,Timbremont B,2
Mclaughlin K A,Tjaden P G,2
Mclaughlin K A,Townsend S M,2
Mclaughlin K A,Ullman S E,2
Mclaughlin K A,Unterhitzenberger J,2
Mclaughlin K A,Vaughan R D,2
Mclaughlin K A,White J W,2
Mclaughlin K A,Wiemann C M,2
Mclaughlin K A,Wolitzky Taylor K B,2
Mclaughlin K A,Zaslavsky A M,2
Mclaughlin K A,Zinzow H M,2
Mohler Kuo M,Patterson D,2
Mohler Kuo M,Perrone P A,2
Mohler Kuo M,Petukhova M,2
Mohler Kuo M,Rickert V I,2
Mohler Kuo M,Roelofs J,2
Mohler Kuo M,Rosner R,2
Mohler Kuo M,Ruch L R,2
Mohler Kuo M,Ruggiero K J,2
Mohler Kuo M,Sampson N A,2
Mohler Kuo M,Schonbucher V,2
Mohler Kuo M,Stark C E,2
Mohler Kuo M,Starzynski L L,2
Mohler Kuo M,Thoennes N,2
Mohler Kuo M,Timbremont B,2
Mohler Kuo M,Tjaden P G,2
Mohler Kuo M,Townsend S M,2
Mohler Kuo M,Ullman S E,2
Mohler Kuo M,Unterhitzenberger J,2
Mohler Kuo M,Vaughan R D,2
Mohler Kuo M,White J W,2
Mohler Kuo M,Wiemann C M,2
Mohler Kuo M,Wolitzky Taylor K B,2
Mohler Kuo M,Zaslavsky A M,2
Mohler Kuo M,Zinzow H M,2
Patterson D,Perrone P A,2
Patterson D,Petukhova M,2
Patterson D,Priebe G,2
Patterson D,Resnick H S,2
Patterson D,Rickert V I,2
Patterson D,Roelofs J,2
Patterson D,Rosner R,2
Patterson D,Ruch L R,2
Patterson D,Ruggiero K J,2
Patterson D,Sampson N A,2
Patterson D,Saunders B E,2
Patterson D,Schnyder U,2
Patterson D,Schonbucher V,2
Patterson D,Smith D W,2
Patterson D,Stark C E,2
Patterson D,Starzynski L L,2
Patterson D,Svedin C G,2
Patterson D,Thoennes N,2
Patterson D,Timbremont B,2
Patterson D,Tjaden P G,2
Patterson D,Townsend S M,2
Patterson D,Ullman S E,2
Patterson D,Unterhitzenberger J,2
Patterson D,Vaughan R D,2
Patterson D,White J W,2
Patterson D,Wiemann C M,2
Patterson D,Wolitzky Taylor K B,2
Patterson D,Zaslavsky A M,2
Patterson D,Zinzow H M,2
Perrone P A,Petukhova M,2
Perrone P A,Priebe G,2
Perrone P A,Resnick H S,2
Perrone P A,Rickert V I,2
Perrone P A,Roelofs J,2
Perrone P A,Rosner R,2
Perrone P A,Ruch L R,2
Perrone P A,Ruggiero K J,2
Perrone P A,Sampson N A,2
Perrone P A,Saunders B E,2
Perrone P A,Schnyder U,2
Perrone P A,Schonbucher V,2
Perrone P A,Smith D W,2
Perrone P A,Stark C E,2
Perrone P A,Starzynski L L,2
Perrone P A,Svedin C G,2
Perrone P A,Thoennes N,2
Perrone P A,Timbremont B,2
Perrone P A,Tjaden P G,2
Perrone P A,Townsend S M,2
Perrone P A,Ullman S E,2
Perrone P A,Unterhitzenberger J,2
Perrone P A,Vaughan R D,2
Perrone P A,White J W,2
Perrone P A,Wiemann C M,2
Perrone P A,Wolitzky Taylor K B,2
Perrone P A,Zaslavsky A M,2
Perrone P A,Zinzow H M,2
Petukhova M,Priebe G,2
Petukhova M,Resnick H S,2
Petukhova M,Rickert V I,2
Petukhova M,Roelofs J,2
Petukhova M,Rosner R,2
Petukhova M,Ruch L R,2
Petukhova M,Ruggiero K J,2
Petukhova M,Sampson N A,2
Petukhova M,Saunders B E,2
Petukhova M,Schnyder U,2
Petukhova M,Schonbucher V,2
Petukhova M,Smith D W,2
Petukhova M,Stark C E,2
Petukhova M,Starzynski L L,2
Petukhova M,Svedin C G,2
Petukhova M,Thoennes N,2
Petukhova M,Timbremont B,2
Petukhova M,Tjaden P G,2
Petukhova M,Townsend S M,2
Petukhova M,Ullman S E,2
Petukhova M,Unterhitzenberger J,2
Petukhova M,Vaughan R D,2
Petukhova M,White J W,2
Petukhova M,Wiemann C M,2
Petukhova M,Wolitzky Taylor K B,2
Petukhova M,Zaslavsky A M,2
Petukhova M,Zinzow H M,2
Priebe G,Rickert V I,2
Priebe G,Roelofs J,2
Priebe G,Rosner R,2
Priebe G,Ruch L R,2
Priebe G,Ruggiero K J,2
Priebe G,Sampson N A,2
Priebe G,Schonbucher V,2
Priebe G,Stark C E,2
Priebe G,Starzynski L L,2
Priebe G,Thoennes N,2
Priebe G,Timbremont B,2
Priebe G,Tjaden P G,2
Priebe G,Townsend S M,2
Priebe G,Ullman S E,2
Priebe G,Unterhitzenberger J,2
Priebe G,Vaughan R D,2
Priebe G,White J W,2
Priebe G,Wiemann C M,2
Priebe G,Wolitzky Taylor K B,2
Priebe G,Zaslavsky A M,2
Priebe G,Zinzow H M,2
Resnick H S,Rickert V I,2
Resnick H S,Roelofs J,2
Resnick H S,Rosner R,2
Resnick H S,Ruch L R,2
Resnick H S,Sampson N A,2
Resnick H S,Schonbucher V,2
Resnick H S,Stark C E,2
Resnick H S,Starzynski L L,2
Resnick H S,Timbremont B,2
Resnick H S,Tjaden P G,2
Resnick H S,Townsend S M,2
Resnick H S,Ullman S E,2
Resnick H S,Unterhitzenberger J,2
Resnick H S,Vaughan R D,2
Resnick H S,White J W,2
Resnick H S,Wiemann C M,2
Resnick H S,Wolitzky Taylor K B,2
Resnick H S,Zaslavsky A M,2
Resnick H S,Zinzow H M,2
Rickert V I,Roelofs J,2
Rickert V I,Rosner R,2
Rickert V I,Ruch L R,2
Rickert V I,Ruggiero K J,2
Rickert V I,Sampson N A,2
Rickert V I,Saunders B E,2
Rickert V I,Schnyder U,2
Rickert V I,Schonbucher V,2
Rickert V I,Smith D W,2
Rickert V I,Stark C E,2
Rickert V I,Starzynski L L,2
Rickert V I,Svedin C G,2
Rickert V I,Thoennes N,2
Rickert V I,Timbremont B,2
Rickert V I,Tjaden P G,2
Rickert V I,Townsend S M,2
Rickert V I,Ullman S E,2
Rickert V I,Unterhitzenberger J,2
Rickert V I,Vaughan R D,2
Rickert V I,White J W,2
Rickert V I,Wiemann C M,2
Rickert V I,Wolitzky Taylor K B,2
Rickert V I,Zaslavsky A M,2
Rickert V I,Zinzow H M,2
Roelofs J,Rosner R,2
Roelofs J,Ruch L R,2
Roelofs J,Ruggiero K J,2
Roelofs J,Sampson N A,2
Roelofs J,Saunders B E,2
Roelofs J,Schnyder U,2
Roelofs J,Schonbucher V,2
Roelofs J,Smith D W,2
Roelofs J,Stark C E,2
Roelofs J,Starzynski L L,2
Roelofs J,Svedin C G,2
Roelofs J,Thoennes N,2
Roelofs J,Timbremont B,2
Roelofs J,Tjaden P G,2
Roelofs J,Townsend S M,2
Roelofs J,Ullman S E,2
Roelofs J,Unterhitzenberger J,2
Roelofs J,Vaughan R D,2
Roelofs J,White J W,2
Roelofs J,Wiemann C M,2
Roelofs J,Wolitzky Taylor K B,2
Roelofs J,Zaslavsky A M,2
Roelofs J,Zinzow H M,2
Rosner R,Ruch L R,2
Rosner R,Ruggiero K J,2
Rosner R,Sampson N A,2
Rosner R,Saunders B E,2
Rosner R,Schnyder U,2
Rosner R,Schonbucher V,2
Rosner R,Smith D W,2
Rosner R,Stark C E,2
Rosner R,Starzynski L L,2
Rosner R,Svedin C G,2
Rosner R,Thoennes N,2
Rosner R,Timbremont B,2
Rosner R,Tjaden P G,2
Rosner R,Townsend S M,2
Rosner R,Ullman S E,2
Rosner R,Unterhitzenberger J,2
Rosner R,Vaughan R D,2
Rosner R,White J W,2
Rosner R,Wiemann C M,2
Rosner R,Wolitzky Taylor K B,2
Rosner R,Zaslavsky A M,2
Rosner R,Zinzow H M,2
Ruch L R,Ruggiero K J,2
Ruch L R,Sampson N A,2
Ruch L R,Saunders B E,2
Ruch L R,Schnyder U,2
Ruch L R,Schonbucher V,2
Ruch L R,Smith D W,2
Ruch L R,Stark C E,2
Ruch L R,Starzynski L L,2
Ruch L R,Svedin C G,2
Ruch L R,Thoennes N,2
Ruch L R,Timbremont B,2
Ruch L R,Tjaden P G,2
Ruch L R,Townsend S M,2
Ruch L R,Ullman S E,2
Ruch L R,Unterhitzenberger J,2
Ruch L R,Vaughan R D,2
Ruch L R,White J W,2
Ruch L R,Wiemann C M,2
Ruch L R,Wolitzky Taylor K B,2
Ruch L R,Zaslavsky A M,2
Ruch L R,Zinzow H M,2
Ruggiero K J,Sampson N A,2
Ruggiero K J,Saunders B E,2
Ruggiero K J,Schnyder U,2
Ruggiero K J,Schonbucher V,2
Ruggiero K J,Smith D W,2
Ruggiero K J,Stark C E,2
Ruggiero K J,Starzynski L L,2
Ruggiero K J,Svedin C G,2
Ruggiero K J,Timbremont B,2
Ruggiero K J,Tjaden P G,2
Ruggiero K J,Townsend S M,2
Ruggiero K J,Ullman S E,2
Ruggiero K J,Unterhitzenberger J,2
Ruggiero K J,Vaughan R D,2
Ruggiero K J,White J W,2
Ruggiero K J,Wiemann C M,2
Ruggiero K J,Wolitzky Taylor K B,2
Ruggiero K J,Zaslavsky A M,2
Ruggiero K J,Zinzow H M,2
Sampson N A,Saunders B E,2
Sampson N A,Schnyder U,2
Sampson N A,Schonbucher V,2
Sampson N A,Smith D W,2
Sampson N A,Stark C E,2
Sampson N A,Starzynski L L,2
Sampson N A,Svedin C G,2
Sampson N A,Thoennes N,2
Sampson N A,Timbremont B,2
Sampson N A,Tjaden P G,2
Sampson N A,Townsend S M,2
Sampson N A,Ullman S E,2
Sampson N A,Unterhitzenberger J,2
Sampson N A,Vaughan R D,2
Sampson N A,White J W,2
Sampson N A,Wiemann C M,2
Sampson N A,Wolitzky Taylor K B,2
Sampson N A,Zaslavsky A M,2
Sampson N A,Zinzow H M,2
Saunders B E,Schonbucher V,2
Saunders B E,Stark C E,2
Saunders B E,Starzynski L L,2
Saunders B E,Thoennes N,2
Saunders B E,Timbremont B,2
Saunders B E,Tjaden P G,2
Saunders B E,Townsend S M,2
Saunders B E,Ullman S E,2
Saunders B E,Unterhitzenberger J,2
Saunders B E,Vaughan R D,2
Saunders B E,White J W,2
Saunders B E,Wiemann C M,2
Saunders B E,Wolitzky Taylor K B,2
Saunders B E,Zaslavsky A M,2
Saunders B E,Zinzow H M,2
Schnyder U,Schonbucher V,2
Schnyder U,Stark C E,2
Schnyder U,Starzynski L L,2
Schnyder U,Thoennes N,2
Schnyder U,Timbremont B,2
Schnyder U,Tjaden P G,2
Schnyder U,Townsend S M,2
Schnyder U,Ullman S E,2
Schnyder U,Unterhitzenberger J,2
Schnyder U,Vaughan R D,2
Schnyder U,White J W,2
Schnyder U,Wiemann C M,2
Schnyder U,Wolitzky Taylor K B,2
Schnyder U,Zaslavsky A M,2
Schnyder U,Zinzow H M,2
Schonbucher V,Smith D W,2
Schonbucher V,Stark C E,2
Schonbucher V,Starzynski L L,2
Schonbucher V,Svedin C G,2
Schonbucher V,Thoennes N,2
Schonbucher V,Timbremont B,2
Schonbucher V,Tjaden P G,2
Schonbucher V,Townsend S M,2
Schonbucher V,Ullman S E,2
Schonbucher V,Unterhitzenberger J,2
Schonbucher V,Vaughan R D,2
Schonbucher V,White J W,2
Schonbucher V,Wiemann C M,2
Schonbucher V,Wolitzky Taylor K B,2
Schonbucher V,Zaslavsky A M,2
Schonbucher V,Zinzow H M,2
Smith D W,Stark C E,2
Smith D W,Starzynski L L,2
Smith D W,Thoennes N,2
Smith D W,Timbremont B,2
Smith D W,Tjaden P G,2
Smith D W,Townsend S M,2
Smith D W,Ullman S E,2
Smith D W,Unterhitzenberger J,2
Smith D W,Vaughan R D,2
Smith D W,White J W,2
Smith D W,Wiemann C M,2
Smith D W,Wolitzky Taylor K B,2
Smith D W,Zaslavsky A M,2
Smith D W,Zinzow H M,2
Stark C E,Starzynski L L,2
Stark C E,Svedin C G,2
Stark C E,Thoennes N,2
Stark C E,Timbremont B,2
Stark C E,Tjaden P G,2
Stark C E,Townsend S M,2
Stark C E,Ullman S E,2
Stark C E,Unterhitzenberger J,2
Stark C E,Vaughan R D,2
Stark C E,White J W,2
Stark C E,Wiemann C M,2
Stark C E,Wolitzky Taylor K B,2
Stark C E,Zaslavsky A M,2
Stark C E,Zinzow H M,2
Starzynski L L,Svedin C G,2
Starzynski L L,Thoennes N,2
Starzynski L L,Timbremont B,2
Starzynski L L,Tjaden P G,2
Starzynski L L,Townsend S M,2
Starzynski L L,Ullman S E,2
Starzynski L L,Unterhitzenberger J,2
Starzynski L L,Vaughan R D,2
Starzynski L L,White J W,2
Starzynski L L,Wiemann C M,2
Starzynski L L,Wolitzky Taylor K B,2
Starzynski L L,Zaslavsky A M,2
Starzynski L L,Zinzow H M,2
Svedin C G,Thoennes N,2
Svedin C G,Timbremont B,2
Svedin C G,Tjaden P G,2
Svedin C G,Townsend S M,2
Svedin C G,Ullman S E,2
Svedin C G,Unterhitzenberger J,2
Svedin C G,Vaughan R D,2
Svedin C G,White J W,2
Svedin C G,Wiemann C M,2
Svedin C G,Wolitzky Taylor K B,2
Svedin C G,Zaslavsky A M,2
Svedin C G,Zinzow H M,2
Thoennes N,Timbremont B,2
Thoennes N,Tjaden P G,2
Thoennes N,Townsend S M,2
Thoennes N,Ullman S E,2
Thoennes N,Unterhitzenberger J,2
Thoennes N,Vaughan R D,2
Thoennes N,White J W,2
Thoennes N,Wiemann C M,2
Thoennes N,Wolitzky Taylor K B,2
Thoennes N,Zaslavsky A M,2
Thoennes N,Zinzow H M,2
Timbremont B,Tjaden P G,2
Timbremont B,Townsend S M,2
Timbremont B,Ullman S E,2
Timbremont B,Unterhitzenberger J,2
Timbremont B,Vaughan R D,2
Timbremont B,White J W,2
Timbremont B,Wiemann C M,2
Timbremont B,Wolitzky Taylor K B,2
Timbremont B,Zaslavsky A M,2
Timbremont B,Zinzow H M,2
Tjaden P G,Townsend S M,2
Tjaden P G,Ullman S E,2
Tjaden P G,Unterhitzenberger J,2
Tjaden P G,Vaughan R D,2
Tjaden P G,White J W,2
Tjaden P G,Wiemann C M,2
Tjaden P G,Wolitzky Taylor K B,2
Tjaden P G,Zaslavsky A M,2
Tjaden P G,Zinzow H M,2
Townsend S M,Ullman S E,2
Townsend S M,Unterhitzenberger J,2
Townsend S M,Vaughan R D,2
Townsend S M,White J W,2
Townsend S M,Wiemann C M,2
Townsend S M,Wolitzky Taylor K B,2
Townsend S M,Zaslavsky A M,2
Townsend S M,Zinzow H M,2
Ullman S E,Unterhitzenberger J,2
Ullman S E,Vaughan R D,2
Ullman S E,White J W,2
Ullman S E,Wiemann C M,2
Ullman S E,Wolitzky Taylor K B,2
Ullman S E,Zaslavsky A M,2
Ullman S E,Zinzow H M,2
Unterhitzenberger J,Vaughan R D,2
Unterhitzenberger J,White J W,2
Unterhitzenberger J,Wiemann C M,2
Unterhitzenberger J,Wolitzky Taylor K B,2
Unterhitzenberger J,Zaslavsky A M,2
Unterhitzenberger J,Zinzow H M,2
Vaughan R D,White J W,2
Vaughan R D,Wiemann C M,2
Vaughan R D,Wolitzky Taylor K B,2
Vaughan R D,Zaslavsky A M,2
Vaughan R D,Zinzow H M,2
White J W,Wiemann C M,2
White J W,Wolitzky Taylor K B,2
White J W,Zaslavsky A M,2
White J W,Zinzow H M,2
Wiemann C M,Wolitzky Taylor K B,2
Wiemann C M,Zaslavsky A M,2
Wiemann C M,Zinzow H M,2
Wolitzky Taylor K B,Zaslavsky A M,2
Wolitzky Taylor K B,Zinzow H M,2
Zaslavsky A M,Zinzow H M,2
Alison J Nathan,Kenneth A Polite,2
Christian R Everdell,Kenneth A Polite,2
Ghislaine Maxwell,Kenneth A Polite,2
Jeffrey Epstein,Kenneth A Polite,2
Beuchel A,Laporte G,2
Beuchel A,Shaffer D,2
Beuchel A,Stephens J,2
Jeffrey Epstein,R Kelly,2
Cooke B,Johnston L,2
Cooke B,Strauss A,2
Hall Rcw,Johnston L,2
Hatters Friedman S,Johnston L,2
Hatters Friedman S,Strauss A,2
Jain A,Johnston L,2
Jain A,Strauss A,2
Johnston L,Piel J,2
Johnston L,Strauss A,2
Johnston L,Wagoner R,2
Johnston L,Wall B,2
Piel J,Strauss A,2
Strauss A,Wagoner R,2
Strauss A,Wall B,2
B Mcdermott,C Dike,2
B Mcdermott,C Scott,2
B Mcdermott,M Baranoski,2
B Mcdermott,Paul Arbisi,2
B Mcdermott,Yossef S Ben-Porath,2
B Mcdermott,Ziad Nasreddine,2
C Dike,C Scott,2
C Dike,M Baranoski,2
C Dike,Paul Arbisi,2
C Dike,Yossef S Ben-Porath,2
C Dike,Ziad Nasreddine,2
C Scott,M Baranoski,2
C Scott,Paul Arbisi,2
C Scott,Yossef S Ben-Porath,2
C Scott,Ziad Nasreddine,2
M Baranoski,Paul Arbisi,2
M Baranoski,Yossef S Ben-Porath,2
M Baranoski,Ziad Nasreddine,2
Paul Arbisi,Yossef S Ben-Porath,2
Paul Arbisi,Ziad Nasreddine,2
Yossef S Ben-Porath,Ziad Nasreddine,2
Michael E Hegarty,Robert P Kelso,2
Andrea Yates,Park Dietz,2
Dvoskin Ja,Rivard Jm,2
Park Dietz,Rivard Jm,2
Pitt Se,Rivard Jm,2
Rivard Jm,Spiers Em,2
Anna Nicole Smith,Appleby B,2
Anna Nicole Smith,Hall Rcw,2
Anna Nicole Smith,Isaac Ray,2
Anna Nicole Smith,Preven D,2
Anna Nicole Smith,Silberman E,2
Anna Nicole Smith,Weissman S,2
Anna Nicole Smith,Winstead Dk,2
Appleby B,Isaac Ray,2
Appleby B,Preven D,2
Appleby B,Silberman E,2
Appleby B,Weissman S,2
Appleby B,Winstead Dk,2
Hall Rcw,Isaac Ray,2
Hall Rcw,Preven D,2
Hall Rcw,Silberman E,2
Hall Rcw,Weissman S,2
Hall Rcw,Winstead Dk,2
Isaac Ray,Preven D,2
Isaac Ray,Silberman E,2
Isaac Ray,Weissman S,2
Isaac Ray,Winstead Dk,2
Preven D,Silberman E,2
Preven D,Weissman S,2
Preven D,Winstead Dk,2
Silberman E,Weissman S,2
Silberman E,Winstead Dk,2
Weissman S,Winstead Dk,2
Baker Sp,Hazelwood Rr,2
Burgess Aw,Dvoskin Ja,2
Dvoskin Ja,Hazelwood Rr,2
Lisa Rocchio,Minor Victim-3,2
Alison J Nathan,Jane Doe-1,2
Alison J Nathan,Haddon Morgan Foreman,2
Alison Moe,Haddon Morgan Foreman,2
Andrew Rohrback,Haddon Morgan Foreman,2
Andrew Rohrback,Jeffrey Pagliuca,2
Andrew Rohrback,Laura Menninger,2
Bobbi C Sternheim,Haddon Morgan Foreman,2
Christian Everdell,Haddon Morgan Foreman,2
Damian Williams,Haddon Morgan Foreman,2
Ghislaine Maxwell,Haddon Morgan Foreman,2
Haddon Morgan Foreman,Jeffrey Pagliuca,2
Haddon Morgan Foreman,Lara Pomerantz,2
Haddon Morgan Foreman,Laura Menninger,2
Haddon Morgan Foreman,Maurene Comey,2
Park Dietz,Sidney Nathaniel Landau,2
Minor Victim-1,Minor Victims,2
Frederick Tyrone Baker,Timothy Eichenlaub,2
Davis D,Granhag Pa,2
Doyle Jm,Granhag Pa,2
Garry M,Hoffman Hg,2
Garry M,Rader M,2
Granhag Pa,Loftus Ef,2
Hoffman Hg,Rader M,2
Loftus Ef,Manning C,2
Loftus Ef,Rader M,2
Lynn Sj,Manning C,2
Abraham J,Kiguradze T,2
Abraham J,Matthews A,2
Abraham J,Mayet M,2
Abraham J,Padalia K,2
Blakey Re,Kiguradze T,2
Blakey Re,Matthews A,2
Blakey Re,Mayet M,2
Blakey Re,Padalia K,2
Dunlap Pk,Hazard Sc,2
Dunlap Pk,Kiguradze T,2
Dunlap Pk,Marriner B,2
Dunlap Pk,Matthews A,2
Dunlap Pk,Mayet M,2
Dunlap Pk,Padalia K,2
Dunlap Pk,Rich W,2
Dunlap Pk,Ryan C W Hall,2
Dunlap Pk,Sarmiento B,2
Dunlap Pk,Tseng T,2
Hall Rcw,Kiguradze T,2
Hall Rcw,Matthews A,2
Hall Rcw,Mayet M,2
Hall Rcw,Padalia K,2
Hazard Sc,Kiguradze T,2
Hazard Sc,Matthews A,2
Hazard Sc,Mayet M,2
Hazard Sc,Padalia K,2
Kiguradze T,Marriner B,2
Kiguradze T,Matthews A,2
Kiguradze T,Mayet M,2
Kiguradze T,Pacheco Ca,2
Kiguradze T,Padalia K,2
Kiguradze T,Rich W,2
Kiguradze T,Ryan C W Hall,2
Kiguradze T,Sarmiento B,2
Kiguradze T,Tseng T,2
Marriner B,Matthews A,2
Marriner B,Mayet M,2
Marriner B,Padalia K,2
Matthews A,Mayet M,2
Matthews A,Pacheco Ca,2
Matthews A,Padalia K,2
Matthews A,Rich W,2
Matthews A,Ryan C W Hall,2
Matthews A,Sarmiento B,2
Matthews A,Tseng T,2
Mayet M,Pacheco Ca,2
Mayet M,Padalia K,2
Mayet M,Rich W,2
Mayet M,Ryan C W Hall,2
Mayet M,Sarmiento B,2
Mayet M,Tseng T,2
Pacheco Ca,Padalia K,2
Padalia K,Rich W,2
Padalia K,Ryan C W Hall,2
Padalia K,Sarmiento B,2
Padalia K,Tseng T,2
Brown Ls,Cogan J,2
Brown Ls,Gold S,2
Brown Ls,Gregory Cj,2
Brown Ls,Hughes Dm,2
Brown Ls,Lisa Marie Rocchio,2
Brown Ls,Mills Mam,2
Brown Ls,Minugh P A,2
Brown Ls,Riedford M,2
Brown Ls,Rocchio L M,2
Brown Ls,Rocchio-Giordano L M,2
Brown Ls,Saris R,2
Brown Ls,Silver B,2
Cogan J,Gold S,2
Cogan J,Gregory Cj,2
Cogan J,Hughes Dm,2
Cogan J,Lisa Marie Rocchio,2
Cogan J,Mills Mam,2
Cogan J,Minugh P A,2
Cogan J,Riedford M,2
Cogan J,Rocchio L M,2
Cogan J,Rocchio-Giordano L M,2
Cogan J,Saris R,2
Cogan J,Silver B,2
Gold S,Gregory Cj,2
Gold S,Hughes Dm,2
Gold S,Lisa Marie Rocchio,2
Gold S,Mills Mam,2
Gold S,Minugh P A,2
Gold S,Riedford M,2
Gold S,Rocchio L M,2
Gold S,Rocchio-Giordano L M,2
Gold S,Saris R,2
Gold S,Silver B,2
Gregory Cj,Hughes Dm,2
Gregory Cj,Mills Mam,2
Gregory Cj,Minugh P A,2
Gregory Cj,Riedford M,2
Gregory Cj,Rocchio L M,2
Gregory Cj,Rocchio-Giordano L M,2
Gregory Cj,Saris R,2
Gregory Cj,Silver B,2
Hughes Dm,Lisa Marie Rocchio,2
Hughes Dm,Mills Mam,2
Hughes Dm,Minugh P A,2
Hughes Dm,Riedford M,2
Hughes Dm,Rocchio L M,2
Hughes Dm,Rocchio-Giordano L M,2
Hughes Dm,Saris R,2
Hughes Dm,Silver B,2
Lisa Marie Rocchio,Mills Mam,2
Lisa Marie Rocchio,Minugh P A,2
Lisa Marie Rocchio,Riedford M,2
Lisa Marie Rocchio,Rocchio L M,2
Lisa Marie Rocchio,Rocchio-Giordano L M,2
Lisa Marie Rocchio,Saris R,2
Lisa Marie Rocchio,Silver B,2
Mills Mam,Minugh P A,2
Mills Mam,Riedford M,2
Mills Mam,Rocchio L M,2
Mills Mam,Rocchio-Giordano L M,2
Mills Mam,Saris R,2
Mills Mam,Silver B,2
Minugh P A,Riedford M,2
Minugh P A,Rocchio L M,2
Minugh P A,Rocchio-Giordano L M,2
Minugh P A,Saris R,2
Minugh P A,Silver B,2
Riedford M,Rocchio L M,2
Riedford M,Rocchio-Giordano L M,2
Riedford M,Saris R,2
Riedford M,Silver B,2
Rocchio L M,Rocchio-Giordano L M,2
Rocchio L M,Saris R,2
Rocchio L M,Silver B,2
Rocchio-Giordano L M,Saris R,2
Rocchio-Giordano L M,Silver B,2
Saris R,Silver B,2
Brown Sw,Feldman J,2
Brown Sw,Garry M,2
Brown Sw,Loftus Ef,2
Brown Sw,Rosenwald La,2
Brown Sw,Weingardt Kr,2
Feldman J,Rosenwald La,2
Feldman J,Weingardt Kr,2
Garry M,Rosenwald La,2
Garry M,Weingardt Kr,2
Loftus Ef,Ruben Bd,2
Loftus Ef,Weingardt Kr,2
Rosenwald La,Weingardt Kr,2
Ruben Bd,Schooler Jw,2
Jeffrey Dahmer,Park Dietz,2
John Dupont,Park Dietz,2
Adelman R,Park Dietz,2
Adelman R,Resnick Pj,2
Hazelwood Rr,Resnick Pj,2
Elizabeth Gilchrist,Samantha Craven,2
Elizabeth Gilchrist,Sarah Brown,2
Samantha Craven,Sarah Brown,2
Dan Zhong,Harvey Weinstein,2
Dan Zhong,Ryan Odom,2
Harvey Weinstein,Ryan Odom,2
B Lott,C Feinstein,2
B Lott,E A Klonoff,2
B Lott,H Landrine,2
B Lott,J Chrysler,2
B Lott,J Nashpitz,2
B Lott,J Scroppo,2
B Lott,J Worell,2
B Lott,K Quina,2
B Lott,Lh Collins,2
B Lott,Lisa Marie Rocchio,2
B Lott,Lm Rocchio,2
B Lott,N Johnson,2
B Lott,Td Bailey,2
B Lott,V Appareddy,2
C Feinstein,E A Klonoff,2
C Feinstein,H Landrine,2
C Feinstein,J Chrysler,2
C Feinstein,J Nashpitz,2
C Feinstein,J Scroppo,2
C Feinstein,J Worell,2
C Feinstein,K Quina,2
C Feinstein,Lh Collins,2
C Feinstein,Lisa Marie Rocchio,2
C Feinstein,Lm Rocchio,2
C Feinstein,N Johnson,2
C Feinstein,Td Bailey,2
C Feinstein,V Appareddy,2
E A Klonoff,H Landrine,2
E A Klonoff,J Chrysler,2
E A Klonoff,J Nashpitz,2
E A Klonoff,J Scroppo,2
E A Klonoff,J Worell,2
E A Klonoff,K Quina,2
E A Klonoff,Lh Collins,2
E A Klonoff,Lisa Marie Rocchio,2
E A Klonoff,Lm Rocchio,2
E A Klonoff,N Johnson,2
E A Klonoff,Td Bailey,2
E A Klonoff,V Appareddy,2
H Landrine,J Chrysler,2
H Landrine,J Nashpitz,2
H Landrine,J Scroppo,2
H Landrine,J Worell,2
H Landrine,K Quina,2
H Landrine,Lh Collins,2
H Landrine,Lisa Marie Rocchio,2
H Landrine,Lm Rocchio,2
H Landrine,N Johnson,2
H Landrine,Td Bailey,2
H Landrine,V Appareddy,2
J Chrysler,J Nashpitz,2
J Chrysler,J Scroppo,2
J Chrysler,J Worell,2
J Chrysler,K Quina,2
J Chrysler,Lh Collins,2
J Chrysler,Lisa Marie Rocchio,2
J Chrysler,Lm Rocchio,2
J Chrysler,N Johnson,2
J Chrysler,Td Bailey,2
J Chrysler,V Appareddy,2
J Nashpitz,J Scroppo,2
J Nashpitz,J Worell,2
J Nashpitz,K Quina,2
J Nashpitz,Lh Collins,2
J Nashpitz,Lisa Marie Rocchio,2
J Nashpitz,Lm Rocchio,2
J Nashpitz,N Johnson,2
J Nashpitz,Td Bailey,2
J Nashpitz,V Appareddy,2
J Scroppo,J Worell,2
J Scroppo,K Quina,2
J Scroppo,Lh Collins,2
J Scroppo,Lisa Marie Rocchio,2
J Scroppo,Lm Rocchio,2
J Scroppo,N Johnson,2
J Scroppo,Td Bailey,2
J Scroppo,V Appareddy,2
J Worell,K Quina,2
J Worell,Lh Collins,2
J Worell,Lisa Marie Rocchio,2
J Worell,Lm Rocchio,2
J Worell,N Johnson,2
J Worell,Td Bailey,2
J Worell,V Appareddy,2
K Quina,Lh Collins,2
K Quina,Lisa Marie Rocchio,2
K Quina,Lm Rocchio,2
K Quina,N Johnson,2
K Quina,Td Bailey,2
K Quina,V Appareddy,2
Lh Collins,Lisa Marie Rocchio,2
Lh Collins,Lm Rocchio,2
Lh Collins,N Johnson,2
Lh Collins,Td Bailey,2
Lh Collins,V Appareddy,2
Lisa Marie Rocchio,Lm Rocchio,2
Lisa Marie Rocchio,N Johnson,2
Lisa Marie Rocchio,Td Bailey,2
Lisa Marie Rocchio,V Appareddy,2
Lm Rocchio,N Johnson,2
Lm Rocchio,Td Bailey,2
Lm Rocchio,V Appareddy,2
N Johnson,Td Bailey,2
N Johnson,V Appareddy,2
Td Bailey,V Appareddy,2
Ghislaine Maxwell,Jane Doe-1,2
Anderson D,Barbaree H E,2
Anderson D,Beckett R C,2
Anderson D,Berliner L,2
Anderson D,Blake R H,2
Anderson D,Brown S,2
Anderson D,Browne K,2
Anderson D,Bruck M,2
Anderson D,Canter D,2
Anderson D,Ceci S J,2
Anderson D,Champagne F,2
Anderson D,Christiansen J R,2
Anderson D,Conte J R,2
Anderson D,Craissati J,2
Anderson D,Craven S,2
Anderson D,Diclemente C C,2
Anderson D,Elliott M,2
Anderson D,Erooga M,2
Anderson D,Fernandez Y M,2
Anderson D,Finkelhor D,2
Anderson D,Gardner W L,2
Anderson D,Gilchrist E,2
Anderson D,Gillespie A,2
Anderson D,Hall G C N,2
Anderson D,Hamilton K,2
Anderson D,Hare R D,2
Anderson D,Hart S D,2
Anderson D,Herman J,2
Anderson D,Hirschman R,2
Anderson D,Hodgins S,2
Anderson D,Horton A L,2
Anderson D,Howitt D,2
Anderson D,Hudson S M,2
Anderson D,Hughes D,2
Anderson D,Itzin C,2
Anderson D,Jones R,2
Anderson D,Kilcoyne J,2
Anderson D,Kirby S,2
Anderson D,Knowles M,2
Anderson D,Laws D R,2
Anderson D,Leberg E,2
Anderson D,Lightbody S,2
Anderson D,Marshall W L,2
Anderson D,Mcclurg G,2
Anderson D,Morrison T,2
Anderson D,O'Connell R,2
Anderson D,O'Sullivan C,2
Anderson D,Pickett C L,2
Anderson D,Prochaska J O,2
Anderson D,Sampson A,2
Anderson D,Sanford L T,2
Anderson D,Smith T,2
Anderson D,Wolf S,2
Barbaree H E,Beckett R C,2
Barbaree H E,Berliner L,2
Barbaree H E,Blake R H,2
Barbaree H E,Brown S,2
Barbaree H E,Browne K,2
Barbaree H E,Bruck M,2
Barbaree H E,Canter D,2
Barbaree H E,Ceci S J,2
Barbaree H E,Champagne F,2
Barbaree H E,Christiansen J R,2
Barbaree H E,Conte J R,2
Barbaree H E,Craissati J,2
Barbaree H E,Craven S,2
Barbaree H E,Diclemente C C,2
Barbaree H E,Elliott M,2
Barbaree H E,Erooga M,2
Barbaree H E,Fernandez Y M,2
Barbaree H E,Finkelhor D,2
Barbaree H E,Gardner W L,2
Barbaree H E,Gilchrist E,2
Barbaree H E,Gillespie A,2
Barbaree H E,Hall G C N,2
Barbaree H E,Hamilton K,2
Barbaree H E,Hare R D,2
Barbaree H E,Hart S D,2
Barbaree H E,Herman J,2
Barbaree H E,Hirschman R,2
Barbaree H E,Hodgins S,2
Barbaree H E,Horton A L,2
Barbaree H E,Howitt D,2
Barbaree H E,Hudson S M,2
Barbaree H E,Hughes D,2
Barbaree H E,Itzin C,2
Barbaree H E,Jones R,2
Barbaree H E,Kilcoyne J,2
Barbaree H E,Kirby S,2
Barbaree H E,Knowles M,2
Barbaree H E,Laws D R,2
Barbaree H E,Leberg E,2
Barbaree H E,Lightbody S,2
Barbaree H E,Marshall W L,2
Barbaree H E,Mcclurg G,2
Barbaree H E,Morrison T,2
Barbaree H E,O'Connell R,2
Barbaree H E,O'Sullivan C,2
Barbaree H E,Pickett C L,2
Barbaree H E,Prochaska J O,2
Barbaree H E,Sampson A,2
Barbaree H E,Sanford L T,2
Barbaree H E,Smith T,2
Barbaree H E,Wolf S,2
Beckett R C,Berliner L,2
Beckett R C,Blake R H,2
Beckett R C,Brown S,2
Beckett R C,Browne K,2
Beckett R C,Bruck M,2
Beckett R C,Canter D,2
Beckett R C,Ceci S J,2
Beckett R C,Champagne F,2
Beckett R C,Christiansen J R,2
Beckett R C,Conte J R,2
Beckett R C,Craissati J,2
Beckett R C,Craven S,2
Beckett R C,Diclemente C C,2
Beckett R C,Elliott M,2
Beckett R C,Erooga M,2
Beckett R C,Fernandez Y M,2
Beckett R C,Finkelhor D,2
Beckett R C,Gardner W L,2
Beckett R C,Gilchrist E,2
Beckett R C,Gillespie A,2
Beckett R C,Hall G C N,2
Beckett R C,Hamilton K,2
Beckett R C,Hare R D,2
Beckett R C,Hart S D,2
Beckett R C,Herman J,2
Beckett R C,Hirschman R,2
Beckett R C,Hodgins S,2
Beckett R C,Horton A L,2
Beckett R C,Howitt D,2
Beckett R C,Hudson S M,2
Beckett R C,Hughes D,2
Beckett R C,Itzin C,2
Beckett R C,Jones R,2
Beckett R C,Kilcoyne J,2
Beckett R C,Kirby S,2
Beckett R C,Knowles M,2
Beckett R C,Laws D R,2
Beckett R C,Leberg E,2
Beckett R C,Lightbody S,2
Beckett R C,Marshall W L,2
Beckett R C,Mcclurg G,2
Beckett R C,Morrison T,2
Beckett R C,O'Connell R,2
Beckett R C,O'Sullivan C,2
Beckett R C,Pickett C L,2
Beckett R C,Prochaska J O,2
Beckett R C,Sampson A,2
Beckett R C,Sanford L T,2
Beckett R C,Smith T,2
Beckett R C,Wolf S,2
Berliner L,Bruck M,2
Berliner L,Canter D,2
Berliner L,Ceci S J,2
Berliner L,Champagne F,2
Berliner L,Craissati J,2
Berliner L,Diclemente C C,2
Berliner L,Erooga M,2
Berliner L,Fernandez Y M,2
Berliner L,Finkelhor D,2
Berliner L,Gardner W L,2
Berliner L,Hall G C N,2
Berliner L,Hamilton K,2
Berliner L,Hare R D,2
Berliner L,Hart S D,2
Berliner L,Herman J,2
Berliner L,Hirschman R,2
Berliner L,Hodgins S,2
Berliner L,Horton A L,2
Berliner L,Hudson S M,2
Berliner L,Hughes D,2
Berliner L,Itzin C,2
Berliner L,Jones R,2
Berliner L,Kirby S,2
Berliner L,Knowles M,2
Berliner L,Laws D R,2
Berliner L,Lightbody S,2
Berliner L,Marshall W L,2
Berliner L,Mcclurg G,2
Berliner L,Morrison T,2
Berliner L,O'Connell R,2
Berliner L,O'Sullivan C,2
Berliner L,Pickett C L,2
Berliner L,Prochaska J O,2
Berliner L,Sampson A,2
Berliner L,Sanford L T,2
Blake R H,Bruck M,2
Blake R H,Canter D,2
Blake R H,Ceci S J,2
Blake R H,Champagne F,2
Blake R H,Craissati J,2
Blake R H,Diclemente C C,2
Blake R H,Erooga M,2
Blake R H,Fernandez Y M,2
Blake R H,Finkelhor D,2
Blake R H,Gardner W L,2
Blake R H,Hall G C N,2
Blake R H,Hamilton K,2
Blake R H,Hare R D,2
Blake R H,Hart S D,2
Blake R H,Herman J,2
Blake R H,Hirschman R,2
Blake R H,Hodgins S,2
Blake R H,Horton A L,2
Blake R H,Hudson S M,2
Blake R H,Hughes D,2
Blake R H,Itzin C,2
Blake R H,Jones R,2
Blake R H,Kirby S,2
Blake R H,Knowles M,2
Blake R H,Laws D R,2
Blake R H,Lightbody S,2
Blake R H,Marshall W L,2
Blake R H,Mcclurg G,2
Blake R H,Morrison T,2
Blake R H,O'Connell R,2
Blake R H,O'Sullivan C,2
Blake R H,Pickett C L,2
Blake R H,Prochaska J O,2
Blake R H,Sampson A,2
Blake R H,Sanford L T,2
Brown S,Bruck M,2
Brown S,Canter D,2
Brown S,Ceci S J,2
Brown S,Champagne F,2
Brown S,Craissati J,2
Brown S,Diclemente C C,2
Brown S,Erooga M,2
Brown S,Fernandez Y M,2
Brown S,Finkelhor D,2
Brown S,Gardner W L,2
Brown S,Hall G C N,2
Brown S,Hamilton K,2
Brown S,Hare R D,2
Brown S,Hart S D,2
Brown S,Herman J,2
Brown S,Hirschman R,2
Brown S,Hodgins S,2
Brown S,Horton A L,2
Brown S,Hudson S M,2
Brown S,Hughes D,2
Brown S,Itzin C,2
Brown S,Jones R,2
Brown S,Kirby S,2
Brown S,Knowles M,2
Brown S,Laws D R,2
Brown S,Lightbody S,2
Brown S,Marshall W L,2
Brown S,Mcclurg G,2
Brown S,Morrison T,2
Brown S,O'Connell R,2
Brown S,O'Sullivan C,2
Brown S,Pickett C L,2
Brown S,Prochaska J O,2
Brown S,Sampson A,2
Brown S,Sanford L T,2
Browne K,Bruck M,2
Browne K,Canter D,2
Browne K,Ceci S J,2
Browne K,Champagne F,2
Browne K,Craissati J,2
Browne K,Diclemente C C,2
Browne K,Erooga M,2
Browne K,Fernandez Y M,2
Browne K,Finkelhor D,2
Browne K,Gardner W L,2
Browne K,Hall G C N,2
Browne K,Hamilton K,2
Browne K,Hare R D,2
Browne K,Hart S D,2
Browne K,Herman J,2
Browne K,Hirschman R,2
Browne K,Hodgins S,2
Browne K,Horton A L,2
Browne K,Hudson S M,2
Browne K,Hughes D,2
Browne K,Itzin C,2
Browne K,Jones R,2
Browne K,Kirby S,2
Browne K,Knowles M,2
Browne K,Laws D R,2
Browne K,Lightbody S,2
Browne K,Marshall W L,2
Browne K,Mcclurg G,2
Browne K,Morrison T,2
Browne K,O'Connell R,2
Browne K,O'Sullivan C,2
Browne K,Pickett C L,2
Browne K,Prochaska J O,2
Browne K,Sampson A,2
Browne K,Sanford L T,2
Bruck M,Canter D,2
Bruck M,Champagne F,2
Bruck M,Christiansen J R,2
Bruck M,Conte J R,2
Bruck M,Craissati J,2
Bruck M,Craven S,2
Bruck M,Diclemente C C,2
Bruck M,Elliott M,2
Bruck M,Erooga M,2
Bruck M,Fernandez Y M,2
Bruck M,Gardner W L,2
Bruck M,Gilchrist E,2
Bruck M,Gillespie A,2
Bruck M,Hall G C N,2
Bruck M,Hamilton K,2
Bruck M,Hare R D,2
Bruck M,Hart S D,2
Bruck M,Herman J,2
Bruck M,Hirschman R,2
Bruck M,Hodgins S,2
Bruck M,Horton A L,2
Bruck M,Howitt D,2
Bruck M,Hudson S M,2
Bruck M,Hughes D,2
Bruck M,Itzin C,2
Bruck M,Jones R,2
Bruck M,Kilcoyne J,2
Bruck M,Kirby S,2
Bruck M,Knowles M,2
Bruck M,Laws D R,2
Bruck M,Leberg E,2
Bruck M,Lightbody S,2
Bruck M,Marshall W L,2
Bruck M,Mcclurg G,2
Bruck M,Morrison T,2
Bruck M,O'Connell R,2
Bruck M,O'Sullivan C,2
Bruck M,Pickett C L,2
Bruck M,Prochaska J O,2
Bruck M,Sampson A,2
Bruck M,Sanford L T,2
Bruck M,Smith T,2
Bruck M,Wolf S,2
Canter D,Ceci S J,2
Canter D,Champagne F,2
Canter D,Christiansen J R,2
Canter D,Conte J R,2
Canter D,Craissati J,2
Canter D,Craven S,2
Canter D,Diclemente C C,2
Canter D,Elliott M,2
Canter D,Erooga M,2
Canter D,Fernandez Y M,2
Canter D,Finkelhor D,2
Canter D,Gardner W L,2
Canter D,Gilchrist E,2
Canter D,Gillespie A,2
Canter D,Hall G C N,2
Canter D,Hamilton K,2
Canter D,Hare R D,2
Canter D,Hart S D,2
Canter D,Herman J,2
Canter D,Hirschman R,2
Canter D,Hodgins S,2
Canter D,Horton A L,2
Canter D,Howitt D,2
Canter D,Hudson S M,2
Canter D,Hughes D,2
Canter D,Itzin C,2
Canter D,Jones R,2
Canter D,Kilcoyne J,2
Canter D,Kirby S,2
Canter D,Knowles M,2
Canter D,Laws D R,2
Canter D,Leberg E,2
Canter D,Lightbody S,2
Canter D,Marshall W L,2
Canter D,Mcclurg G,2
Canter D,Morrison T,2
Canter D,O'Connell R,2
Canter D,O'Sullivan C,2
Canter D,Pickett C L,2
Canter D,Prochaska J O,2
Canter D,Sampson A,2
Canter D,Sanford L T,2
Canter D,Smith T,2
Canter D,Wolf S,2
Ceci S J,Champagne F,2
Ceci S J,Christiansen J R,2
Ceci S J,Conte J R,2
Ceci S J,Craissati J,2
Ceci S J,Craven S,2
Ceci S J,Diclemente C C,2
Ceci S J,Elliott M,2
Ceci S J,Erooga M,2
Ceci S J,Fernandez Y M,2
Ceci S J,Gardner W L,2
Ceci S J,Gilchrist E,2
Ceci S J,Gillespie A,2
Ceci S J,Hall G C N,2
Ceci S J,Hamilton K,2
Ceci S J,Hare R D,2
Ceci S J,Hart S D,2
Ceci S J,Herman J,2
Ceci S J,Hirschman R,2
Ceci S J,Hodgins S,2
Ceci S J,Horton A L,2
Ceci S J,Howitt D,2
Ceci S J,Hudson S M,2
Ceci S J,Hughes D,2
Ceci S J,Itzin C,2
Ceci S J,Jones R,2
Ceci S J,Kilcoyne J,2
Ceci S J,Kirby S,2
Ceci S J,Knowles M,2
Ceci S J,Laws D R,2
Ceci S J,Leberg E,2
Ceci S J,Lightbody S,2
Ceci S J,Marshall W L,2
Ceci S J,Mcclurg G,2
Ceci S J,Morrison T,2
Ceci S J,O'Connell R,2
Ceci S J,O'Sullivan C,2
Ceci S J,Pickett C L,2
Ceci S J,Prochaska J O,2
Ceci S J,Sampson A,2
Ceci S J,Sanford L T,2
Ceci S J,Smith T,2
Ceci S J,Wolf S,2
Champagne F,Christiansen J R,2
Champagne F,Conte J R,2
Champagne F,Craissati J,2
Champagne F,Craven S,2
Champagne F,Diclemente C C,2
Champagne F,Elliott M,2
Champagne F,Erooga M,2
Champagne F,Fernandez Y M,2
Champagne F,Finkelhor D,2
Champagne F,Gardner W L,2
Champagne F,Gilchrist E,2
Champagne F,Gillespie A,2
Champagne F,Hall G C N,2
Champagne F,Hamilton K,2
Champagne F,Hare R D,2
Champagne F,Hart S D,2
Champagne F,Herman J,2
Champagne F,Hirschman R,2
Champagne F,Hodgins S,2
Champagne F,Horton A L,2
Champagne F,Howitt D,2
Champagne F,Hudson S M,2
Champagne F,Hughes D,2
Champagne F,Itzin C,2
Champagne F,Jones R,2
Champagne F,Kilcoyne J,2
Champagne F,Kirby S,2
Champagne F,Knowles M,2
Champagne F,Laws D R,2
Champagne F,Leberg E,2
Champagne F,Lightbody S,2
Champagne F,Marshall W L,2
Champagne F,Mcclurg G,2
Champagne F,Morrison T,2
Champagne F,O'Connell R,2
Champagne F,O'Sullivan C,2
Champagne F,Pickett C L,2
Champagne F,Prochaska J O,2
Champagne F,Sampson A,2
Champagne F,Sanford L T,2
Champagne F,Smith T,2
Champagne F,Wolf S,2
Christiansen J R,Craissati J,2
Christiansen J R,Diclemente C C,2
Christiansen J R,Erooga M,2
Christiansen J R,Fernandez Y M,2
Christiansen J R,Finkelhor D,2
Christiansen J R,Gardner W L,2
Christiansen J R,Hall G C N,2
Christiansen J R,Hamilton K,2
Christiansen J R,Hare R D,2
Christiansen J R,Hart S D,2
Christiansen J R,Herman J,2
Christiansen J R,Hirschman R,2
Christiansen J R,Hodgins S,2
Christiansen J R,Horton A L,2
Christiansen J R,Hudson S M,2
Christiansen J R,Hughes D,2
Christiansen J R,Itzin C,2
Christiansen J R,Jones R,2
Christiansen J R,Kirby S,2
Christiansen J R,Knowles M,2
Christiansen J R,Laws D R,2
Christiansen J R,Lightbody S,2
Christiansen J R,Marshall W L,2
Christiansen J R,Mcclurg G,2
Christiansen J R,Morrison T,2
Christiansen J R,O'Connell R,2
Christiansen J R,O'Sullivan C,2
Christiansen J R,Pickett C L,2
Christiansen J R,Prochaska J O,2
Christiansen J R,Sampson A,2
Christiansen J R,Sanford L T,2
Conte J R,Craissati J,2
Conte J R,Diclemente C C,2
Conte J R,Erooga M,2
Conte J R,Fernandez Y M,2
Conte J R,Finkelhor D,2
Conte J R,Gardner W L,2
Conte J R,Hall G C N,2
Conte J R,Hamilton K,2
Conte J R,Hare R D,2
Conte J R,Hart S D,2
Conte J R,Herman J,2
Conte J R,Hirschman R,2
Conte J R,Hodgins S,2
Conte J R,Horton A L,2
Conte J R,Hudson S M,2
Conte J R,Hughes D,2
Conte J R,Itzin C,2
Conte J R,Jones R,2
Conte J R,Kirby S,2
Conte J R,Knowles M,2
Conte J R,Laws D R,2
Conte J R,Lightbody S,2
Conte J R,Marshall W L,2
Conte J R,Mcclurg G,2
Conte J R,Morrison T,2
Conte J R,O'Connell R,2
Conte J R,O'Sullivan C,2
Conte J R,Pickett C L,2
Conte J R,Prochaska J O,2
Conte J R,Sampson A,2
Conte J R,Sanford L T,2
Craissati J,Craven S,2
Craissati J,Diclemente C C,2
Craissati J,Elliott M,2
Craissati J,Erooga M,2
Craissati J,Fernandez Y M,2
Craissati J,Finkelhor D,2
Craissati J,Gardner W L,2
Craissati J,Gilchrist E,2
Craissati J,Gillespie A,2
Craissati J,Hall G C N,2
Craissati J,Hamilton K,2
Craissati J,Hare R D,2
Craissati J,Hart S D,2
Craissati J,Herman J,2
Craissati J,Hirschman R,2
Craissati J,Hodgins S,2
Craissati J,Horton A L,2
Craissati J,Howitt D,2
Craissati J,Hudson S M,2
Craissati J,Hughes D,2
Craissati J,Itzin C,2
Craissati J,Jones R,2
Craissati J,Kilcoyne J,2
Craissati J,Kirby S,2
Craissati J,Knowles M,2
Craissati J,Laws D R,2
Craissati J,Leberg E,2
Craissati J,Lightbody S,2
Craissati J,Marshall W L,2
Craissati J,Mcclurg G,2
Craissati J,Morrison T,2
Craissati J,O'Connell R,2
Craissati J,O'Sullivan C,2
Craissati J,Pickett C L,2
Craissati J,Prochaska J O,2
Craissati J,Sampson A,2
Craissati J,Sanford L T,2
Craissati J,Smith T,2
Craissati J,Wolf S,2
Craven S,Diclemente C C,2
Craven S,Erooga M,2
Craven S,Fernandez Y M,2
Craven S,Finkelhor D,2
Craven S,Gardner W L,2
Craven S,Hall G C N,2
Craven S,Hamilton K,2
Craven S,Hare R D,2
Craven S,Hart S D,2
Craven S,Herman J,2
Craven S,Hirschman R,2
Craven S,Hodgins S,2
Craven S,Horton A L,2
Craven S,Hudson S M,2
Craven S,Hughes D,2
Craven S,Itzin C,2
Craven S,Jones R,2
Craven S,Kirby S,2
Craven S,Knowles M,2
Craven S,Laws D R,2
Craven S,Lightbody S,2
Craven S,Marshall W L,2
Craven S,Mcclurg G,2
Craven S,Morrison T,2
Craven S,O'Connell R,2
Craven S,O'Sullivan C,2
Craven S,Pickett C L,2
Craven S,Prochaska J O,2
Craven S,Sampson A,2
Craven S,Sanford L T,2
Diclemente C C,Elliott M,2
Diclemente C C,Erooga M,2
Diclemente C C,Fernandez Y M,2
Diclemente C C,Finkelhor D,2
Diclemente C C,Gardner W L,2
Diclemente C C,Gilchrist E,2
Diclemente C C,Gillespie A,2
Diclemente C C,Hall G C N,2
Diclemente C C,Hamilton K,2
Diclemente C C,Hare R D,2
Diclemente C C,Hart S D,2
Diclemente C C,Herman J,2
Diclemente C C,Hirschman R,2
Diclemente C C,Hodgins S,2
Diclemente C C,Horton A L,2
Diclemente C C,Howitt D,2
Diclemente C C,Hudson S M,2
Diclemente C C,Hughes D,2
Diclemente C C,Itzin C,2
Diclemente C C,Jones R,2
Diclemente C C,Kilcoyne J,2
Diclemente C C,Kirby S,2
Diclemente C C,Knowles M,2
Diclemente C C,Laws D R,2
Diclemente C C,Leberg E,2
Diclemente C C,Lightbody S,2
Diclemente C C,Marshall W L,2
Diclemente C C,Mcclurg G,2
Diclemente C C,Morrison T,2
Diclemente C C,O'Connell R,2
Diclemente C C,O'Sullivan C,2
Diclemente C C,Pickett C L,2
Diclemente C C,Prochaska J O,2
Diclemente C C,Sampson A,2
Diclemente C C,Sanford L T,2
Diclemente C C,Smith T,2
Diclemente C C,Wolf S,2
Elliott M,Erooga M,2
Elliott M,Fernandez Y M,2
Elliott M,Finkelhor D,2
Elliott M,Gardner W L,2
Elliott M,Hall G C N,2
Elliott M,Hamilton K,2
Elliott M,Hare R D,2
Elliott M,Hart S D,2
Elliott M,Herman J,2
Elliott M,Hirschman R,2
Elliott M,Hodgins S,2
Elliott M,Horton A L,2
Elliott M,Hudson S M,2
Elliott M,Hughes D,2
Elliott M,Itzin C,2
Elliott M,Jones R,2
Elliott M,Kirby S,2
Elliott M,Knowles M,2
Elliott M,Laws D R,2
Elliott M,Lightbody S,2
Elliott M,Marshall W L,2
Elliott M,Mcclurg G,2
Elliott M,Morrison T,2
Elliott M,O'Connell R,2
Elliott M,O'Sullivan C,2
Elliott M,Pickett C L,2
Elliott M,Prochaska J O,2
Elliott M,Sampson A,2
Elliott M,Sanford L T,2
Erooga M,Fernandez Y M,2
Erooga M,Finkelhor D,2
Erooga M,Gardner W L,2
Erooga M,Gilchrist E,2
Erooga M,Gillespie A,2
Erooga M,Hall G C N,2
Erooga M,Hamilton K,2
Erooga M,Hare R D,2
Erooga M,Hart S D,2
Erooga M,Herman J,2
Erooga M,Hirschman R,2
Erooga M,Hodgins S,2
Erooga M,Horton A L,2
Erooga M,Howitt D,2
Erooga M,Hudson S M,2
Erooga M,Hughes D,2
Erooga M,Itzin C,2
Erooga M,Jones R,2
Erooga M,Kilcoyne J,2
Erooga M,Kirby S,2
Erooga M,Knowles M,2
Erooga M,Laws D R,2
Erooga M,Leberg E,2
Erooga M,Lightbody S,2
Erooga M,Marshall W L,2
Erooga M,Mcclurg G,2
Erooga M,Morrison T,2
Erooga M,O'Connell R,2
Erooga M,O'Sullivan C,2
Erooga M,Pickett C L,2
Erooga M,Prochaska J O,2
Erooga M,Sampson A,2
Erooga M,Sanford L T,2
Erooga M,Smith T,2
Erooga M,Wolf S,2
Fernandez Y M,Finkelhor D,2
Fernandez Y M,Gardner W L,2
Fernandez Y M,Gilchrist E,2
Fernandez Y M,Gillespie A,2
Fernandez Y M,Hall G C N,2
Fernandez Y M,Hamilton K,2
Fernandez Y M,Hare R D,2
Fernandez Y M,Hart S D,2
Fernandez Y M,Herman J,2
Fernandez Y M,Hirschman R,2
Fernandez Y M,Hodgins S,2
Fernandez Y M,Horton A L,2
Fernandez Y M,Howitt D,2
Fernandez Y M,Hudson S M,2
Fernandez Y M,Hughes D,2
Fernandez Y M,Itzin C,2
Fernandez Y M,Jones R,2
Fernandez Y M,Kilcoyne J,2
Fernandez Y M,Kirby S,2
Fernandez Y M,Knowles M,2
Fernandez Y M,Laws D R,2
Fernandez Y M,Leberg E,2
Fernandez Y M,Lightbody S,2
Fernandez Y M,Marshall W L,2
Fernandez Y M,Mcclurg G,2
Fernandez Y M,Morrison T,2
Fernandez Y M,O'Connell R,2
Fernandez Y M,O'Sullivan C,2
Fernandez Y M,Pickett C L,2
Fernandez Y M,Prochaska J O,2
Fernandez Y M,Sampson A,2
Fernandez Y M,Sanford L T,2
Fernandez Y M,Smith T,2
Fernandez Y M,Wolf S,2
Finkelhor D,Gardner W L,2
Finkelhor D,Gilchrist E,2
Finkelhor D,Gillespie A,2
Finkelhor D,Hall G C N,2
Finkelhor D,Hamilton K,2
Finkelhor D,Hare R D,2
Finkelhor D,Hart S D,2
Finkelhor D,Herman J,2
Finkelhor D,Hirschman R,2
Finkelhor D,Hodgins S,2
Finkelhor D,Horton A L,2
Finkelhor D,Howitt D,2
Finkelhor D,Hudson S M,2
Finkelhor D,Hughes D,2
Finkelhor D,Itzin C,2
Finkelhor D,Jones R,2
Finkelhor D,Kilcoyne J,2
Finkelhor D,Kirby S,2
Finkelhor D,Knowles M,2
Finkelhor D,Laws D R,2
Finkelhor D,Leberg E,2
Finkelhor D,Lightbody S,2
Finkelhor D,Marshall W L,2
Finkelhor D,Mcclurg G,2
Finkelhor D,Morrison T,2
Finkelhor D,O'Connell R,2
Finkelhor D,O'Sullivan C,2
Finkelhor D,Pickett C L,2
Finkelhor D,Prochaska J O,2
Finkelhor D,Sampson A,2
Finkelhor D,Sanford L T,2
Finkelhor D,Smith T,2
Finkelhor D,Wolf S,2
Gardner W L,Gilchrist E,2
Gardner W L,Gillespie A,2
Gardner W L,Hall G C N,2
Gardner W L,Hamilton K,2
Gardner W L,Hare R D,2
Gardner W L,Hart S D,2
Gardner W L,Herman J,2
Gardner W L,Hirschman R,2
Gardner W L,Hodgins S,2
Gardner W L,Horton A L,2
Gardner W L,Howitt D,2
Gardner W L,Hudson S M,2
Gardner W L,Hughes D,2
Gardner W L,Itzin C,2
Gardner W L,Jones R,2
Gardner W L,Kilcoyne J,2
Gardner W L,Kirby S,2
Gardner W L,Knowles M,2
Gardner W L,Laws D R,2
Gardner W L,Leberg E,2
Gardner W L,Lightbody S,2
Gardner W L,Marshall W L,2
Gardner W L,Mcclurg G,2
Gardner W L,Morrison T,2
Gardner W L,O'Connell R,2
Gardner W L,O'Sullivan C,2
Gardner W L,Pickett C L,2
Gardner W L,Prochaska J O,2
Gardner W L,Sampson A,2
Gardner W L,Sanford L T,2
Gardner W L,Smith T,2
Gardner W L,Wolf S,2
Gilchrist E,Hall G C N,2
Gilchrist E,Hamilton K,2
Gilchrist E,Hare R D,2
Gilchrist E,Hart S D,2
Gilchrist E,Herman J,2
Gilchrist E,Hirschman R,2
Gilchrist E,Hodgins S,2
Gilchrist E,Horton A L,2
Gilchrist E,Hudson S M,2
Gilchrist E,Hughes D,2
Gilchrist E,Itzin C,2
Gilchrist E,Jones R,2
Gilchrist E,Kirby S,2
Gilchrist E,Knowles M,2
Gilchrist E,Laws D R,2
Gilchrist E,Lightbody S,2
Gilchrist E,Marshall W L,2
Gilchrist E,Mcclurg G,2
Gilchrist E,Morrison T,2
Gilchrist E,O'Connell R,2
Gilchrist E,O'Sullivan C,2
Gilchrist E,Pickett C L,2
Gilchrist E,Prochaska J O,2
Gilchrist E,Sampson A,2
Gilchrist E,Sanford L T,2
Gillespie A,Hall G C N,2
Gillespie A,Hamilton K,2
Gillespie A,Hare R D,2
Gillespie A,Hart S D,2
Gillespie A,Herman J,2
Gillespie A,Hirschman R,2
Gillespie A,Hodgins S,2
Gillespie A,Horton A L,2
Gillespie A,Hudson S M,2
Gillespie A,Hughes D,2
Gillespie A,Itzin C,2
Gillespie A,Jones R,2
Gillespie A,Kirby S,2
Gillespie A,Knowles M,2
Gillespie A,Laws D R,2
Gillespie A,Lightbody S,2
Gillespie A,Marshall W L,2
Gillespie A,Mcclurg G,2
Gillespie A,Morrison T,2
Gillespie A,O'Connell R,2
Gillespie A,O'Sullivan C,2
Gillespie A,Pickett C L,2
Gillespie A,Prochaska J O,2
Gillespie A,Sampson A,2
Gillespie A,Sanford L T,2
Hall G C N,Hamilton K,2
Hall G C N,Hare R D,2
Hall G C N,Hart S D,2
Hall G C N,Herman J,2
Hall G C N,Hirschman R,2
Hall G C N,Hodgins S,2
Hall G C N,Horton A L,2
Hall G C N,Howitt D,2
Hall G C N,Hudson S M,2
Hall G C N,Hughes D,2
Hall G C N,Itzin C,2
Hall G C N,Jones R,2
Hall G C N,Kilcoyne J,2
Hall G C N,Kirby S,2
Hall G C N,Knowles M,2
Hall G C N,Laws D R,2
Hall G C N,Leberg E,2
Hall G C N,Lightbody S,2
Hall G C N,Marshall W L,2
Hall G C N,Mcclurg G,2
Hall G C N,Morrison T,2
Hall G C N,O'Connell R,2
Hall G C N,O'Sullivan C,2
Hall G C N,Pickett C L,2
Hall G C N,Prochaska J O,2
Hall G C N,Sampson A,2
Hall G C N,Sanford L T,2
Hall G C N,Smith T,2
Hall G C N,Wolf S,2
Hamilton K,Hare R D,2
Hamilton K,Hart S D,2
Hamilton K,Herman J,2
Hamilton K,Hirschman R,2
Hamilton K,Hodgins S,2
Hamilton K,Horton A L,2
Hamilton K,Howitt D,2
Hamilton K,Hudson S M,2
Hamilton K,Hughes D,2
Hamilton K,Itzin C,2
Hamilton K,Jones R,2
Hamilton K,Kilcoyne J,2
Hamilton K,Kirby S,2
Hamilton K,Knowles M,2
Hamilton K,Laws D R,2
Hamilton K,Leberg E,2
Hamilton K,Lightbody S,2
Hamilton K,Marshall W L,2
Hamilton K,Mcclurg G,2
Hamilton K,Morrison T,2
Hamilton K,O'Connell R,2
Hamilton K,O'Sullivan C,2
Hamilton K,Pickett C L,2
Hamilton K,Prochaska J O,2
Hamilton K,Sampson A,2
Hamilton K,Sanford L T,2
Hamilton K,Smith T,2
Hamilton K,Wolf S,2
Hare R D,Hart S D,2
Hare R D,Herman J,2
Hare R D,Hirschman R,2
Hare R D,Hodgins S,2
Hare R D,Horton A L,2
Hare R D,Howitt D,2
Hare R D,Hudson S M,2
Hare R D,Hughes D,2
Hare R D,Itzin C,2
Hare R D,Jones R,2
Hare R D,Kilcoyne J,2
Hare R D,Kirby S,2
Hare R D,Knowles M,2
Hare R D,Laws D R,2
Hare R D,Leberg E,2
Hare R D,Lightbody S,2
Hare R D,Marshall W L,2
Hare R D,Mcclurg G,2
Hare R D,Morrison T,2
Hare R D,O'Connell R,2
Hare R D,O'Sullivan C,2
Hare R D,Pickett C L,2
Hare R D,Prochaska J O,2
Hare R D,Sampson A,2
Hare R D,Sanford L T,2
Hare R D,Smith T,2
Hare R D,Wolf S,2
Hart S D,Herman J,2
Hart S D,Hirschman R,2
Hart S D,Hodgins S,2
Hart S D,Horton A L,2
Hart S D,Howitt D,2
Hart S D,Hudson S M,2
Hart S D,Hughes D,2
Hart S D,Itzin C,2
Hart S D,Jones R,2
Hart S D,Kilcoyne J,2
Hart S D,Kirby S,2
Hart S D,Knowles M,2
Hart S D,Laws D R,2
Hart S D,Leberg E,2
Hart S D,Lightbody S,2
Hart S D,Marshall W L,2
Hart S D,Mcclurg G,2
Hart S D,Morrison T,2
Hart S D,O'Connell R,2
Hart S D,O'Sullivan C,2
Hart S D,Pickett C L,2
Hart S D,Prochaska J O,2
Hart S D,Sampson A,2
Hart S D,Sanford L T,2
Hart S D,Smith T,2
Hart S D,Wolf S,2
Herman J,Hirschman R,2
Herman J,Hodgins S,2
Herman J,Horton A L,2
Herman J,Howitt D,2
Herman J,Hudson S M,2
Herman J,Hughes D,2
Herman J,Itzin C,2
Herman J,Jones R,2
Herman J,Kilcoyne J,2
Herman J,Kirby S,2
Herman J,Knowles M,2
Herman J,Laws D R,2
Herman J,Leberg E,2
Herman J,Lightbody S,2
Herman J,Marshall W L,2
Herman J,Mcclurg G,2
Herman J,Morrison T,2
Herman J,O'Connell R,2
Herman J,O'Sullivan C,2
Herman J,Pickett C L,2
Herman J,Prochaska J O,2
Herman J,Sampson A,2
Herman J,Sanford L T,2
Herman J,Smith T,2
Herman J,Wolf S,2
Hirschman R,Hodgins S,2
Hirschman R,Horton A L,2
Hirschman R,Howitt D,2
Hirschman R,Hudson S M,2
Hirschman R,Hughes D,2
Hirschman R,Itzin C,2
Hirschman R,Jones R,2
Hirschman R,Kilcoyne J,2
Hirschman R,Kirby S,2
Hirschman R,Knowles M,2
Hirschman R,Laws D R,2
Hirschman R,Leberg E,2
Hirschman R,Lightbody S,2
Hirschman R,Marshall W L,2
Hirschman R,Mcclurg G,2
Hirschman R,Morrison T,2
Hirschman R,O'Connell R,2
Hirschman R,O'Sullivan C,2
Hirschman R,Pickett C L,2
Hirschman R,Prochaska J O,2
Hirschman R,Sampson A,2
Hirschman R,Sanford L T,2
Hirschman R,Smith T,2
Hirschman R,Wolf S,2
Hodgins S,Horton A L,2
Hodgins S,Howitt D,2
Hodgins S,Hudson S M,2
Hodgins S,Hughes D,2
Hodgins S,Itzin C,2
Hodgins S,Jones R,2
Hodgins S,Kilcoyne J,2
Hodgins S,Kirby S,2
Hodgins S,Knowles M,2
Hodgins S,Laws D R,2
Hodgins S,Leberg E,2
Hodgins S,Lightbody S,2
Hodgins S,Marshall W L,2
Hodgins S,Mcclurg G,2
Hodgins S,Morrison T,2
Hodgins S,O'Connell R,2
Hodgins S,O'Sullivan C,2
Hodgins S,Pickett C L,2
Hodgins S,Prochaska J O,2
Hodgins S,Sampson A,2
Hodgins S,Sanford L T,2
Hodgins S,Smith T,2
Hodgins S,Wolf S,2
Horton A L,Howitt D,2
Horton A L,Hudson S M,2
Horton A L,Hughes D,2
Horton A L,Itzin C,2
Horton A L,Jones R,2
Horton A L,Kilcoyne J,2
Horton A L,Kirby S,2
Horton A L,Knowles M,2
Horton A L,Laws D R,2
Horton A L,Leberg E,2
Horton A L,Lightbody S,2
Horton A L,Marshall W L,2
Horton A L,Mcclurg G,2
Horton A L,Morrison T,2
Horton A L,O'Connell R,2
Horton A L,O'Sullivan C,2
Horton A L,Pickett C L,2
Horton A L,Prochaska J O,2
Horton A L,Sampson A,2
Horton A L,Sanford L T,2
Horton A L,Smith T,2
Horton A L,Wolf S,2
Howitt D,Hudson S M,2
Howitt D,Hughes D,2
Howitt D,Itzin C,2
Howitt D,Jones R,2
Howitt D,Kirby S,2
Howitt D,Knowles M,2
Howitt D,Laws D R,2
Howitt D,Lightbody S,2
Howitt D,Marshall W L,2
Howitt D,Mcclurg G,2
Howitt D,Morrison T,2
Howitt D,O'Connell R,2
Howitt D,O'Sullivan C,2
Howitt D,Pickett C L,2
Howitt D,Prochaska J O,2
Howitt D,Sampson A,2
Howitt D,Sanford L T,2
Hudson S M,Hughes D,2
Hudson S M,Itzin C,2
Hudson S M,Jones R,2
Hudson S M,Kilcoyne J,2
Hudson S M,Kirby S,2
Hudson S M,Knowles M,2
Hudson S M,Laws D R,2
Hudson S M,Leberg E,2
Hudson S M,Lightbody S,2
Hudson S M,Mcclurg G,2
Hudson S M,Morrison T,2
Hudson S M,O'Connell R,2
Hudson S M,O'Sullivan C,2
Hudson S M,Pickett C L,2
Hudson S M,Prochaska J O,2
Hudson S M,Sampson A,2
Hudson S M,Sanford L T,2
Hudson S M,Smith T,2
Hughes D,Itzin C,2
Hughes D,Jones R,2
Hughes D,Kilcoyne J,2
Hughes D,Kirby S,2
Hughes D,Knowles M,2
Hughes D,Laws D R,2
Hughes D,Leberg E,2
Hughes D,Lightbody S,2
Hughes D,Marshall W L,2
Hughes D,Mcclurg G,2
Hughes D,Morrison T,2
Hughes D,O'Connell R,2
Hughes D,O'Sullivan C,2
Hughes D,Pickett C L,2
Hughes D,Prochaska J O,2
Hughes D,Sampson A,2
Hughes D,Sanford L T,2
Hughes D,Smith T,2
Hughes D,Wolf S,2
Itzin C,Jones R,2
Itzin C,Kilcoyne J,2
Itzin C,Kirby S,2
Itzin C,Knowles M,2
Itzin C,Laws D R,2
Itzin C,Leberg E,2
Itzin C,Lightbody S,2
Itzin C,Marshall W L,2
Itzin C,Mcclurg G,2
Itzin C,Morrison T,2
Itzin C,O'Connell R,2
Itzin C,O'Sullivan C,2
Itzin C,Pickett C L,2
Itzin C,Prochaska J O,2
Itzin C,Sampson A,2
Itzin C,Sanford L T,2
Itzin C,Smith T,2
Itzin C,Wolf S,2
Jones R,Kilcoyne J,2
Jones R,Kirby S,2
Jones R,Knowles M,2
Jones R,Laws D R,2
Jones R,Leberg E,2
Jones R,Lightbody S,2
Jones R,Marshall W L,2
Jones R,Mcclurg G,2
Jones R,Morrison T,2
Jones R,O'Connell R,2
Jones R,O'Sullivan C,2
Jones R,Pickett C L,2
Jones R,Prochaska J O,2
Jones R,Sampson A,2
Jones R,Sanford L T,2
Jones R,Smith T,2
Jones R,Wolf S,2
Kilcoyne J,Kirby S,2
Kilcoyne J,Knowles M,2
Kilcoyne J,Laws D R,2
Kilcoyne J,Lightbody S,2
Kilcoyne J,Marshall W L,2
Kilcoyne J,Mcclurg G,2
Kilcoyne J,Morrison T,2
Kilcoyne J,O'Connell R,2
Kilcoyne J,O'Sullivan C,2
Kilcoyne J,Pickett C L,2
Kilcoyne J,Prochaska J O,2
Kilcoyne J,Sampson A,2
Kilcoyne J,Sanford L T,2
Kirby S,Knowles M,2
Kirby S,Laws D R,2
Kirby S,Leberg E,2
Kirby S,Lightbody S,2
Kirby S,Marshall W L,2
Kirby S,Mcclurg G,2
Kirby S,Morrison T,2
Kirby S,O'Connell R,2
Kirby S,O'Sullivan C,2
Kirby S,Pickett C L,2
Kirby S,Prochaska J O,2
Kirby S,Sampson A,2
Kirby S,Sanford L T,2
Kirby S,Smith T,2
Kirby S,Wolf S,2
Knowles M,Laws D R,2
Knowles M,Leberg E,2
Knowles M,Lightbody S,2
Knowles M,Marshall W L,2
Knowles M,Mcclurg G,2
Knowles M,Morrison T,2
Knowles M,O'Connell R,2
Knowles M,O'Sullivan C,2
Knowles M,Pickett C L,2
Knowles M,Prochaska J O,2
Knowles M,Sampson A,2
Knowles M,Sanford L T,2
Knowles M,Smith T,2
Knowles M,Wolf S,2
Laws D R,Leberg E,2
Laws D R,Lightbody S,2
Laws D R,Marshall W L,2
Laws D R,Mcclurg G,2
Laws D R,Morrison T,2
Laws D R,O'Connell R,2
Laws D R,O'Sullivan C,2
Laws D R,Pickett C L,2
Laws D R,Prochaska J O,2
Laws D R,Sampson A,2
Laws D R,Sanford L T,2
Laws D R,Smith T,2
Laws D R,Wolf S,2
Leberg E,Lightbody S,2
Leberg E,Marshall W L,2
Leberg E,Mcclurg G,2
Leberg E,Morrison T,2
Leberg E,O'Connell R,2
Leberg E,O'Sullivan C,2
Leberg E,Pickett C L,2
Leberg E,Prochaska J O,2
Leberg E,Sampson A,2
Leberg E,Sanford L T,2
Lightbody S,Marshall W L,2
Lightbody S,Mcclurg G,2
Lightbody S,Morrison T,2
Lightbody S,O'Connell R,2
Lightbody S,O'Sullivan C,2
Lightbody S,Pickett C L,2
Lightbody S,Prochaska J O,2
Lightbody S,Sampson A,2
Lightbody S,Sanford L T,2
Lightbody S,Smith T,2
Lightbody S,Wolf S,2
Marshall W L,Mcclurg G,2
Marshall W L,Morrison T,2
Marshall W L,O'Connell R,2
Marshall W L,O'Sullivan C,2
Marshall W L,Pickett C L,2
Marshall W L,Prochaska J O,2
Marshall W L,Sampson A,2
Marshall W L,Sanford L T,2
Marshall W L,Smith T,2
Mcclurg G,Morrison T,2
Mcclurg G,O'Connell R,2
Mcclurg G,O'Sullivan C,2
Mcclurg G,Pickett C L,2
Mcclurg G,Prochaska J O,2
Mcclurg G,Sampson A,2
Mcclurg G,Sanford L T,2
Mcclurg G,Smith T,2
Mcclurg G,Wolf S,2
Morrison T,O'Connell R,2
Morrison T,O'Sullivan C,2
Morrison T,Pickett C L,2
Morrison T,Prochaska J O,2
Morrison T,Sampson A,2
Morrison T,Sanford L T,2
Morrison T,Smith T,2
Morrison T,Wolf S,2
O'Connell R,O'Sullivan C,2
O'Connell R,Pickett C L,2
O'Connell R,Prochaska J O,2
O'Connell R,Sampson A,2
O'Connell R,Sanford L T,2
O'Connell R,Smith T,2
O'Connell R,Wolf S,2
O'Sullivan C,Pickett C L,2
O'Sullivan C,Prochaska J O,2
O'Sullivan C,Sampson A,2
O'Sullivan C,Sanford L T,2
O'Sullivan C,Smith T,2
O'Sullivan C,Wolf S,2
Pickett C L,Prochaska J O,2
Pickett C L,Sampson A,2
Pickett C L,Sanford L T,2
Pickett C L,Smith T,2
Pickett C L,Wolf S,2
Prochaska J O,Sampson A,2
Prochaska J O,Sanford L T,2
Prochaska J O,Smith T,2
Prochaska J O,Wolf S,2
Sampson A,Sanford L T,2
Sampson A,Smith T,2
Sampson A,Wolf S,2
Sanford L T,Smith T,2
Sanford L T,Wolf S,2
Doe,Van Arsdall,2
Laporte G,Ramotowski R,2
Laporte G,Wilson J,2
Ramotowski R,Wilson J,2
Dietz Pe,Harry B,2
Fitch Wl,Hazelwood Rr,2
Fitch Wl,Park Dietz,2
Harry B,Hazelwood Rr,2
Resnick Pj,Sadoff Rl,2
Ernesto Anguiano,John Bennett,2
Ernesto Anguiano,Joshua Jenkins,2
Ernesto Anguiano,Park Dietz,2
John Bennett,Joshua Jenkins,2
John Bennett,Park Dietz,2
Joshua Jenkins,Park Dietz,2
Gregory Cj,Minugh Pa,2
Lisa Marie Rocchio,Minugh Pa,2
Garry M,Schacter Dl,2
Loftus Ef,Schacter Dl,2
Bernstein D M,Braun Ka,2
Bernstein D M,Bulevich J B,2
Bernstein D M,Ellis R,2
Bernstein D M,Feldman J,2
Bernstein D M,Gagnon N,2
Bernstein D M,Goodman Gs,2
Bernstein D M,Guyer M,2
Bernstein D M,Hyman Ie,2
Bernstein D M,Kanterj W,2
Bernstein D M,Kohlenberg R J,2
Bernstein D M,Krackow E,2
Bernstein D M,Lilienfeld So,2
Bernstein D M,Lock T,2
Bernstein D M,Lynn S J,2
Bernstein D M,Marlatt Ga,2
Bernstein D M,Nadel L,2
Bernstein D M,Pickrell J,2
Bernstein D M,Richard Dawkins,2
Bernstein D M,Roesch R,2
Bernstein D M,Sharman Sj,2
Bernstein D M,Thomas Ak,2
Bernstein D M,Tim Folger,2
Bernstein D M,Whittlesea B Wa,2
Bernstein Dm,Pickrell J,2
Braun Ka,Bulevich J B,2
Braun Ka,Davis D,2
Braun Ka,Doyle Jm,2
Braun Ka,Ellis R,2
Braun Ka,Feldman J,2
Braun Ka,Gagnon N,2
Braun Ka,Goodman Gs,2
Braun Ka,Guyer M,2
Braun Ka,Kanterj W,2
Braun Ka,Kohlenberg R J,2
Braun Ka,Krackow E,2
Braun Ka,Lock T,2
Braun Ka,Loftus Ef,2
Braun Ka,Lynn S J,2
Braun Ka,Marlatt Ga,2
Braun Ka,Nadel L,2
Braun Ka,Pickrell J,2
Braun Ka,Richard Dawkins,2
Braun Ka,Roesch R,2
Braun Ka,Sharman Sj,2
Braun Ka,Thomas Ak,2
Braun Ka,Tim Folger,2
Braun Ka,Whittlesea B Wa,2
Bulevich J B,Davis D,2
Bulevich J B,Doyle Jm,2
Bulevich J B,Ellis R,2
Bulevich J B,Feldman J,2
Bulevich J B,Gagnon N,2
Bulevich J B,Garry M,2
Bulevich J B,Goodman Gs,2
Bulevich J B,Guyer M,2
Bulevich J B,Hyman Ie,2
Bulevich J B,Kanterj W,2
Bulevich J B,Kohlenberg R J,2
Bulevich J B,Krackow E,2
Bulevich J B,Lilienfeld So,2
Bulevich J B,Lock T,2
Bulevich J B,Loftus Ef,2
Bulevich J B,Lynn S J,2
Bulevich J B,Marlatt Ga,2
Bulevich J B,Nadel L,2
Bulevich J B,Pickrell J,2
Bulevich J B,Richard Dawkins,2
Bulevich J B,Roesch R,2
Bulevich J B,Sharman Sj,2
Bulevich J B,Thomas Ak,2
Bulevich J B,Tim Folger,2
Bulevich J B,Whittlesea B Wa,2
Davis D,Ellis R,2
Davis D,Feldman J,2
Davis D,Gagnon N,2
Davis D,Goodman Gs,2
Davis D,Guyer M,2
Davis D,Hyman Ie,2
Davis D,Kanterj W,2
Davis D,Krackow E,2
Davis D,Marlatt Ga,2
Davis D,Nadel L,2
Davis D,Richard Dawkins,2
Davis D,Roesch R,2
Davis D,Sharman Sj,2
Davis D,Thomas Ak,2
Davis D,Tim Folger,2
Davis D,Whittlesea B Wa,2
Doyle Jm,Ellis R,2
Doyle Jm,Feldman J,2
Doyle Jm,Gagnon N,2
Doyle Jm,Goodman Gs,2
Doyle Jm,Guyer M,2
Doyle Jm,Hyman Ie,2
Doyle Jm,Kanterj W,2
Doyle Jm,Kohlenberg R J,2
Doyle Jm,Krackow E,2
Doyle Jm,Lock T,2
Doyle Jm,Lynn S J,2
Doyle Jm,Marlatt Ga,2
Doyle Jm,Nadel L,2
Doyle Jm,Richard Dawkins,2
Doyle Jm,Roesch R,2
Doyle Jm,Sharman Sj,2
Doyle Jm,Thomas Ak,2
Doyle Jm,Tim Folger,2
Doyle Jm,Whittlesea B Wa,2
Ellis R,Feldman J,2
Ellis R,Gagnon N,2
Ellis R,Garry M,2
Ellis R,Goodman Gs,2
Ellis R,Guyer M,2
Ellis R,Hyman Ie,2
Ellis R,Kanterj W,2
Ellis R,Kohlenberg R J,2
Ellis R,Krackow E,2
Ellis R,Lilienfeld So,2
Ellis R,Lock T,2
Ellis R,Loftus Ef,2
Ellis R,Lynn S J,2
Ellis R,Marlatt Ga,2
Ellis R,Nadel L,2
Ellis R,Pickrell J,2
Ellis R,Richard Dawkins,2
Ellis R,Roesch R,2
Ellis R,Sharman Sj,2
Ellis R,Thomas Ak,2
Ellis R,Tim Folger,2
Ellis R,Whittlesea B Wa,2
Feldman J,Gagnon N,2
Feldman J,Goodman Gs,2
Feldman J,Guyer M,2
Feldman J,Hyman Ie,2
Feldman J,Kanterj W,2
Feldman J,Kohlenberg R J,2
Feldman J,Krackow E,2
Feldman J,Lilienfeld So,2
Feldman J,Lock T,2
Feldman J,Lynn S J,2
Feldman J,Marlatt Ga,2
Feldman J,Nadel L,2
Feldman J,Pickrell J,2
Feldman J,Richard Dawkins,2
Feldman J,Roesch R,2
Feldman J,Sharman Sj,2
Feldman J,Thomas Ak,2
Feldman J,Tim Folger,2
Feldman J,Whittlesea B Wa,2
Gagnon N,Garry M,2
Gagnon N,Goodman Gs,2
Gagnon N,Guyer M,2
Gagnon N,Hyman Ie,2
Gagnon N,Kanterj W,2
Gagnon N,Kohlenberg R J,2
Gagnon N,Krackow E,2
Gagnon N,Lilienfeld So,2
Gagnon N,Lock T,2
Gagnon N,Loftus Ef,2
Gagnon N,Lynn S J,2
Gagnon N,Marlatt Ga,2
Gagnon N,Nadel L,2
Gagnon N,Pickrell J,2
Gagnon N,Richard Dawkins,2
Gagnon N,Roesch R,2
Gagnon N,Sharman Sj,2
Gagnon N,Thomas Ak,2
Gagnon N,Tim Folger,2
Gagnon N,Whittlesea B Wa,2
Garry M,Goodman Gs,2
Garry M,Guyer M,2
Garry M,Kanterj W,2
Garry M,Krackow E,2
Garry M,Marlatt Ga,2
Garry M,Nadel L,2
Garry M,Richard Dawkins,2
Garry M,Roesch R,2
Garry M,Sharman Sj,2
Garry M,Thomas Ak,2
Garry M,Tim Folger,2
Garry M,Whittlesea B Wa,2
Goodman Gs,Guyer M,2
Goodman Gs,Hyman Ie,2
Goodman Gs,Kanterj W,2
Goodman Gs,Kohlenberg R J,2
Goodman Gs,Krackow E,2
Goodman Gs,Lilienfeld So,2
Goodman Gs,Lock T,2
Goodman Gs,Loftus Ef,2
Goodman Gs,Lynn S J,2
Goodman Gs,Marlatt Ga,2
Goodman Gs,Nadel L,2
Goodman Gs,Pickrell J,2
Goodman Gs,Richard Dawkins,2
Goodman Gs,Roesch R,2
Goodman Gs,Sharman Sj,2
Goodman Gs,Thomas Ak,2
Goodman Gs,Tim Folger,2
Goodman Gs,Whittlesea B Wa,2
Guyer M,Hyman Ie,2
Guyer M,Kanterj W,2
Guyer M,Kohlenberg R J,2
Guyer M,Krackow E,2
Guyer M,Lilienfeld So,2
Guyer M,Lock T,2
Guyer M,Loftus Ef,2
Guyer M,Lynn S J,2
Guyer M,Marlatt Ga,2
Guyer M,Nadel L,2
Guyer M,Pickrell J,2
Guyer M,Richard Dawkins,2
Guyer M,Roesch R,2
Guyer M,Sharman Sj,2
Guyer M,Thomas Ak,2
Guyer M,Tim Folger,2
Guyer M,Whittlesea B Wa,2
Hyman Ie,Kanterj W,2
Hyman Ie,Kohlenberg R J,2
Hyman Ie,Krackow E,2
Hyman Ie,Lock T,2
Hyman Ie,Loftus Ef,2
Hyman Ie,Lynn S J,2
Hyman Ie,Marlatt Ga,2
Hyman Ie,Nadel L,2
Hyman Ie,Pickrell J,2
Hyman Ie,Richard Dawkins,2
Hyman Ie,Roesch R,2
Hyman Ie,Sharman Sj,2
Hyman Ie,Thomas Ak,2
Hyman Ie,Tim Folger,2
Hyman Ie,Whittlesea B Wa,2
Kanterj W,Kohlenberg R J,2
Kanterj W,Krackow E,2
Kanterj W,Lilienfeld So,2
Kanterj W,Lock T,2
Kanterj W,Loftus Ef,2
Kanterj W,Lynn S J,2
Kanterj W,Marlatt Ga,2
Kanterj W,Nadel L,2
Kanterj W,Pickrell J,2
Kanterj W,Richard Dawkins,2
Kanterj W,Roesch R,2
Kanterj W,Sharman Sj,2
Kanterj W,Thomas Ak,2
Kanterj W,Tim Folger,2
Kanterj W,Whittlesea B Wa,2
Kohlenberg R J,Krackow E,2
Kohlenberg R J,Marlatt Ga,2
Kohlenberg R J,Nadel L,2
Kohlenberg R J,Pickrell J,2
Kohlenberg R J,Richard Dawkins,2
Kohlenberg R J,Roesch R,2
Kohlenberg R J,Sharman Sj,2
Kohlenberg R J,Thomas Ak,2
Kohlenberg R J,Tim Folger,2
Kohlenberg R J,Whittlesea B Wa,2
Krackow E,Lilienfeld So,2
Krackow E,Lock T,2
Krackow E,Loftus Ef,2
Krackow E,Lynn S J,2
Krackow E,Marlatt Ga,2
Krackow E,Nadel L,2
Krackow E,Pickrell J,2
Krackow E,Richard Dawkins,2
Krackow E,Roesch R,2
Krackow E,Sharman Sj,2
Krackow E,Thomas Ak,2
Krackow E,Tim Folger,2
Krackow E,Whittlesea B Wa,2
Lilienfeld So,Marlatt Ga,2
Lilienfeld So,Nadel L,2
Lilienfeld So,Pickrell J,2
Lilienfeld So,Richard Dawkins,2
Lilienfeld So,Roesch R,2
Lilienfeld So,Sharman Sj,2
Lilienfeld So,Thomas Ak,2
Lilienfeld So,Tim Folger,2
Lilienfeld So,Whittlesea B Wa,2
Lock T,Marlatt Ga,2
Lock T,Nadel L,2
Lock T,Pickrell J,2
Lock T,Richard Dawkins,2
Lock T,Roesch R,2
Lock T,Sharman Sj,2
Lock T,Thomas Ak,2
Lock T,Tim Folger,2
Lock T,Whittlesea B Wa,2
Loftus Ef,Marlatt Ga,2
Loftus Ef,Nadel L,2
Loftus Ef,Richard Dawkins,2
Loftus Ef,Roesch R,2
Loftus Ef,Sharman Sj,2
Loftus Ef,Thomas Ak,2
Loftus Ef,Tim Folger,2
Loftus Ef,Whittlesea B Wa,2
Lynn S J,Marlatt Ga,2
Lynn S J,Nadel L,2
Lynn S J,Pickrell J,2
Lynn S J,Richard Dawkins,2
Lynn S J,Roesch R,2
Lynn S J,Sharman Sj,2
Lynn S J,Thomas Ak,2
Lynn S J,Tim Folger,2
Lynn S J,Whittlesea B Wa,2
Marlatt Ga,Nadel L,2
Marlatt Ga,Pickrell J,2
Marlatt Ga,Richard Dawkins,2
Marlatt Ga,Roesch R,2
Marlatt Ga,Sharman Sj,2
Marlatt Ga,Thomas Ak,2
Marlatt Ga,Tim Folger,2
Marlatt Ga,Whittlesea B Wa,2
Nadel L,Pickrell J,2
Nadel L,Richard Dawkins,2
Nadel L,Roesch R,2
Nadel L,Sharman Sj,2
Nadel L,Thomas Ak,2
Nadel L,Tim Folger,2
Nadel L,Whittlesea B Wa,2
Pickrell J,Richard Dawkins,2
Pickrell J,Roesch R,2
Pickrell J,Sharman Sj,2
Pickrell J,Thomas Ak,2
Pickrell J,Tim Folger,2
Pickrell J,Whittlesea B Wa,2
Richard Dawkins,Roesch R,2
Richard Dawkins,Sharman Sj,2
Richard Dawkins,Thomas Ak,2
Richard Dawkins,Tim Folger,2
Richard Dawkins,Whittlesea B Wa,2
Roesch R,Sharman Sj,2
Roesch R,Thomas Ak,2
Roesch R,Tim Folger,2
Roesch R,Whittlesea B Wa,2
Sharman Sj,Thomas Ak,2
Sharman Sj,Tim Folger,2
Sharman Sj,Whittlesea B Wa,2
Thomas Ak,Tim Folger,2
Thomas Ak,Whittlesea B Wa,2
Tim Folger,Whittlesea B Wa,2
Audrey Strauss,William Barr,2
Ghislaine Maxwell,William Barr,2
Everly G,Hall Rcw,2
Everly G,Hatters Friedman S,2
Everly G,Loue S,2
Everly G,Maccann C,2
Everly G,Myers Wc,2
Everly G,Nucifora Fc,2
Everly G,Roberts R,2
Everly G,Sajatovic M,2
Everly G,Sorrentino R,2
Everly G,Tolou-Shams M,2
Everly G,Ziegler M,2
Hall Rcw,Loue S,2
Hall Rcw,Maccann C,2
Hall Rcw,Nucifora Fc,2
Hall Rcw,Roberts R,2
Hall Rcw,Sajatovic M,2
Hall Rcw,Ziegler M,2
Hatters Friedman S,Loue S,2
Hatters Friedman S,Maccann C,2
Hatters Friedman S,Nucifora Fc,2
Hatters Friedman S,Roberts R,2
Hatters Friedman S,Sajatovic M,2
Hatters Friedman S,Ziegler M,2
Loue S,Maccann C,2
Loue S,Myers Wc,2
Loue S,Nucifora Fc,2
Loue S,Roberts R,2
Loue S,Sajatovic M,2
Loue S,Sorrentino R,2
Loue S,Tolou-Shams M,2
Loue S,Ziegler M,2
Maccann C,Myers Wc,2
Maccann C,Nucifora Fc,2
Maccann C,Roberts R,2
Maccann C,Sajatovic M,2
Maccann C,Sorrentino R,2
Maccann C,Tolou-Shams M,2
Maccann C,Ziegler M,2
Myers Wc,Nucifora Fc,2
Myers Wc,Roberts R,2
Myers Wc,Sajatovic M,2
Myers Wc,Sorrentino R,2
Myers Wc,Ziegler M,2
Nucifora Fc,Roberts R,2
Nucifora Fc,Sajatovic M,2
Nucifora Fc,Sorrentino R,2
Nucifora Fc,Tolou-Shams M,2
Nucifora Fc,Ziegler M,2
Roberts R,Sajatovic M,2
Roberts R,Sorrentino R,2
Roberts R,Tolou-Shams M,2
Roberts R,Ziegler M,2
Sajatovic M,Sorrentino R,2
Sajatovic M,Tolou-Shams M,2
Sajatovic M,Ziegler M,2
Sorrentino R,Ziegler M,2
Tolou-Shams M,Ziegler M,2
Alison Moe,Bobby C Sternheim,2
Andrew Rohrbach,Bobby C Sternheim,2
Bobby C Sternheim,Christian Everdell,2
Bobby C Sternheim,Ghislaine Maxwell,2
Bobby C Sternheim,Lara Pomerantz,2
Christian Everdell,Judge Nathan,2
Judge Nathan,Laura Menninger,2
Kass E,Strauss A,2
Ghislaine Maxwell,Lisa M Rocchio,2
Ghislaine Maxwell,Natalie Bennett,2
Ghislaine Maxwell,William O'Donohue,2
Jeffrey Epstein,Lisa M Rocchio,2
Jeffrey Epstein,Natalie Bennett,2
Lisa M Rocchio,Natalie Bennett,2
Lisa M Rocchio,William O'Donohue,2
Amoyal Na,Appleby Bs,2
Amoyal Na,Appleby Kk,2
Amoyal Na,Azzam A,2
Amoyal Na,Bursztajn H,2
Amoyal Na,Bursztajn Hj,2
Amoyal Na,Chapman M,2
Amoyal Na,Chapman Mj,2
Amoyal Na,Cochrane Ti,2
Amoyal Na,Corry Nh,2
Amoyal Na,Day T,2
Amoyal Na,Day Tr,2
Amoyal Na,Fauerbach Ja,2
Amoyal Na,Gould Nf,2
Amoyal Na,Hall R,2
Amoyal Na,Hall Rcw,2
Amoyal Na,Kaftarian E,2
Amoyal Na,Le T,2
Amoyal Na,Lockey C,2
Amoyal Na,Mason St,2
Amoyal Na,Mccann Ud,2
Amoyal Na,Mckibben Jb,2
Amoyal Na,Myers W,2
Amoyal Na,Paul Rk,2
Amoyal Na,Wallin Mt,2
Amoyal Na,Yanofski J,2
Appleby Bs,Appleby Kk,2
Appleby Bs,Azzam A,2
Appleby Bs,Bursztajn H,2
Appleby Bs,Bursztajn Hj,2
Appleby Bs,Chapman M,2
Appleby Bs,Chapman Mj,2
Appleby Bs,Cochrane Ti,2
Appleby Bs,Corry Nh,2
Appleby Bs,Day T,2
Appleby Bs,Day Tr,2
Appleby Bs,Fauerbach Ja,2
Appleby Bs,Gould Nf,2
Appleby Bs,Hall R,2
Appleby Bs,Hall Rcw,2
Appleby Bs,Kaftarian E,2
Appleby Bs,Le T,2
Appleby Bs,Lockey C,2
Appleby Bs,Mason St,2
Appleby Bs,Mccann Ud,2
Appleby Bs,Mckibben Jb,2
Appleby Bs,Myers W,2
Appleby Bs,Paul Rk,2
Appleby Bs,Wallin Mt,2
Appleby Bs,Yanofski J,2
Appleby Kk,Azzam A,2
Appleby Kk,Bursztajn H,2
Appleby Kk,Bursztajn Hj,2
Appleby Kk,Chapman M,2
Appleby Kk,Chapman Mj,2
Appleby Kk,Cochrane Ti,2
Appleby Kk,Corry Nh,2
Appleby Kk,Day T,2
Appleby Kk,Day Tr,2
Appleby Kk,Fauerbach Ja,2
Appleby Kk,Gould Nf,2
Appleby Kk,Hall R,2
Appleby Kk,Hall Rcw,2
Appleby Kk,Kaftarian E,2
Appleby Kk,Le T,2
Appleby Kk,Lockey C,2
Appleby Kk,Mason St,2
Appleby Kk,Mccann Ud,2
Appleby Kk,Mckibben Jb,2
Appleby Kk,Myers W,2
Appleby Kk,Paul Rk,2
Appleby Kk,Wallin Mt,2
Appleby Kk,Yanofski J,2
Azzam A,Bursztajn H,2
Azzam A,Bursztajn Hj,2
Azzam A,Chapman M,2
Azzam A,Chapman Mj,2
Azzam A,Cochrane Ti,2
Azzam A,Corry Nh,2
Azzam A,Day T,2
Azzam A,Day Tr,2
Azzam A,Fauerbach Ja,2
Azzam A,Gould Nf,2
Azzam A,Hall R,2
Azzam A,Hall Rcw,2
Azzam A,Kaftarian E,2
Azzam A,Le T,2
Azzam A,Lockey C,2
Azzam A,Mason St,2
Azzam A,Mccann Ud,2
Azzam A,Mckibben Jb,2
Azzam A,Myers W,2
Azzam A,Paul Rk,2
Azzam A,Wallin Mt,2
Azzam A,Yanofski J,2
Bursztajn H,Bursztajn Hj,2
Bursztajn H,Chapman M,2
Bursztajn H,Chapman Mj,2
Bursztajn H,Cochrane Ti,2
Bursztajn H,Corry Nh,2
Bursztajn H,Day T,2
Bursztajn H,Day Tr,2
Bursztajn H,Fauerbach Ja,2
Bursztajn H,Gould Nf,2
Bursztajn H,Hall R,2
Bursztajn H,Hall Rcw,2
Bursztajn H,Kaftarian E,2
Bursztajn H,Le T,2
Bursztajn H,Lockey C,2
Bursztajn H,Mason St,2
Bursztajn H,Mccann Ud,2
Bursztajn H,Mckibben Jb,2
Bursztajn H,Myers W,2
Bursztajn H,Paul Rk,2
Bursztajn H,Wallin Mt,2
Bursztajn H,Yanofski J,2
Bursztajn Hj,Chapman M,2
Bursztajn Hj,Chapman Mj,2
Bursztajn Hj,Cochrane Ti,2
Bursztajn Hj,Corry Nh,2
Bursztajn Hj,Day T,2
Bursztajn Hj,Day Tr,2
Bursztajn Hj,Fauerbach Ja,2
Bursztajn Hj,Gould Nf,2
Bursztajn Hj,Hall R,2
Bursztajn Hj,Hall Rcw,2
Bursztajn Hj,Kaftarian E,2
Bursztajn Hj,Le T,2
Bursztajn Hj,Lockey C,2
Bursztajn Hj,Mason St,2
Bursztajn Hj,Mccann Ud,2
Bursztajn Hj,Mckibben Jb,2
Bursztajn Hj,Myers W,2
Bursztajn Hj,Paul Rk,2
Bursztajn Hj,Wallin Mt,2
Bursztajn Hj,Yanofski J,2
Chapman M,Chapman Mj,2
Chapman M,Cochrane Ti,2
Chapman M,Corry Nh,2
Chapman M,Day T,2
Chapman M,Day Tr,2
Chapman M,Fauerbach Ja,2
Chapman M,Gould Nf,2
Chapman M,Hall R,2
Chapman M,Kaftarian E,2
Chapman M,Le T,2
Chapman M,Lockey C,2
Chapman M,Mason St,2
Chapman M,Mccann Ud,2
Chapman M,Mckibben Jb,2
Chapman M,Myers W,2
Chapman M,Paul Rk,2
Chapman M,Wallin Mt,2
Chapman M,Yanofski J,2
Chapman Mj,Cochrane Ti,2
Chapman Mj,Corry Nh,2
Chapman Mj,Day T,2
Chapman Mj,Day Tr,2
Chapman Mj,Fauerbach Ja,2
Chapman Mj,Gould Nf,2
Chapman Mj,Hall R,2
Chapman Mj,Kaftarian E,2
Chapman Mj,Le T,2
Chapman Mj,Lockey C,2
Chapman Mj,Mason St,2
Chapman Mj,Mccann Ud,2
Chapman Mj,Mckibben Jb,2
Chapman Mj,Myers W,2
Chapman Mj,Paul Rk,2
Chapman Mj,Wallin Mt,2
Chapman Mj,Yanofski J,2
Cochrane Ti,Corry Nh,2
Cochrane Ti,Day T,2
Cochrane Ti,Fauerbach Ja,2
Cochrane Ti,Gould Nf,2
Cochrane Ti,Hall R,2
Cochrane Ti,Kaftarian E,2
Cochrane Ti,Lockey C,2
Cochrane Ti,Mason St,2
Cochrane Ti,Mccann Ud,2
Cochrane Ti,Mckibben Jb,2
Cochrane Ti,Paul Rk,2
Cochrane Ti,Wallin Mt,2
Cochrane Ti,Yanofski J,2
Corry Nh,Day T,2
Corry Nh,Day Tr,2
Corry Nh,Fauerbach Ja,2
Corry Nh,Gould Nf,2
Corry Nh,Hall R,2
Corry Nh,Hall Rcw,2
Corry Nh,Kaftarian E,2
Corry Nh,Le T,2
Corry Nh,Lockey C,2
Corry Nh,Mason St,2
Corry Nh,Mccann Ud,2
Corry Nh,Mckibben Jb,2
Corry Nh,Myers W,2
Corry Nh,Paul Rk,2
Corry Nh,Wallin Mt,2
Corry Nh,Yanofski J,2
Day T,Day Tr,2
Day T,Fauerbach Ja,2
Day T,Gould Nf,2
Day T,Hall R,2
Day T,Kaftarian E,2
Day T,Le T,2
Day T,Lockey C,2
Day T,Mason St,2
Day T,Mccann Ud,2
Day T,Mckibben Jb,2
Day T,Paul Rk,2
Day T,Wallin Mt,2
Day T,Yanofski J,2
Day Tr,Fauerbach Ja,2
Day Tr,Gould Nf,2
Day Tr,Hall R,2
Day Tr,Kaftarian E,2
Day Tr,Lockey C,2
Day Tr,Mason St,2
Day Tr,Mccann Ud,2
Day Tr,Mckibben Jb,2
Day Tr,Paul Rk,2
Day Tr,Wallin Mt,2
Day Tr,Yanofski J,2
Fauerbach Ja,Gould Nf,2
Fauerbach Ja,Hall R,2
Fauerbach Ja,Hall Rcw,2
Fauerbach Ja,Kaftarian E,2
Fauerbach Ja,Le T,2
Fauerbach Ja,Lockey C,2
Fauerbach Ja,Mason St,2
Fauerbach Ja,Mccann Ud,2
Fauerbach Ja,Mckibben Jb,2
Fauerbach Ja,Myers W,2
Fauerbach Ja,Paul Rk,2
Fauerbach Ja,Wallin Mt,2
Fauerbach Ja,Yanofski J,2
Gould Nf,Hall R,2
Gould Nf,Hall Rcw,2
Gould Nf,Kaftarian E,2
Gould Nf,Le T,2
Gould Nf,Lockey C,2
Gould Nf,Mason St,2
Gould Nf,Mccann Ud,2
Gould Nf,Mckibben Jb,2
Gould Nf,Myers W,2
Gould Nf,Paul Rk,2
Gould Nf,Wallin Mt,2
Gould Nf,Yanofski J,2
Hall R,Hall Rcw,2
Hall R,Kaftarian E,2
Hall R,Le T,2
Hall R,Lockey C,2
Hall R,Mason St,2
Hall R,Mccann Ud,2
Hall R,Mckibben Jb,2
Hall R,Myers W,2
Hall R,Paul Rk,2
Hall R,Wallin Mt,2
Hall R,Yanofski J,2
Hall Rcw,Kaftarian E,2
Hall Rcw,Lockey C,2
Hall Rcw,Mason St,2
Hall Rcw,Mccann Ud,2
Hall Rcw,Mckibben Jb,2
Hall Rcw,Paul Rk,2
Hall Rcw,Wallin Mt,2
Hall Rcw,Yanofski J,2
Kaftarian E,Le T,2
Kaftarian E,Lockey C,2
Kaftarian E,Mason St,2
Kaftarian E,Mccann Ud,2
Kaftarian E,Mckibben Jb,2
Kaftarian E,Myers W,2
Kaftarian E,Paul Rk,2
Kaftarian E,Wallin Mt,2
Kaftarian E,Yanofski J,2
Le T,Lockey C,2
Le T,Mason St,2
Le T,Mccann Ud,2
Le T,Mckibben Jb,2
Le T,Paul Rk,2
Le T,Wallin Mt,2
Le T,Yanofski J,2
Lockey C,Mason St,2
Lockey C,Mccann Ud,2
Lockey C,Mckibben Jb,2
Lockey C,Myers W,2
Lockey C,Paul Rk,2
Lockey C,Wallin Mt,2
Lockey C,Yanofski J,2
Mason St,Mccann Ud,2
Mason St,Mckibben Jb,2
Mason St,Myers W,2
Mason St,Paul Rk,2
Mason St,Wallin Mt,2
Mason St,Yanofski J,2
Mccann Ud,Mckibben Jb,2
Mccann Ud,Myers W,2
Mccann Ud,Paul Rk,2
Mccann Ud,Wallin Mt,2
Mccann Ud,Yanofski J,2
Mckibben Jb,Myers W,2
Mckibben Jb,Paul Rk,2
Mckibben Jb,Wallin Mt,2
Mckibben Jb,Yanofski J,2
Myers W,Paul Rk,2
Myers W,Wallin Mt,2
Myers W,Yanofski J,2
Paul Rk,Wallin Mt,2
Paul Rk,Yanofski J,2
Wallin Mt,Yanofski J,2
Houlgrave S,Laporte G,2
Houlgrave S,Stephens J,2
Jagger J,Park Dietz,2
Jack B Weinstein,Kenneth S Broun,2
Joseph M Mclaughlin,Kenneth S Broun,2
Kenneth S Broun,Margaret A Berger,2
Judge Donnelly,Judge Garaufis,2
Judge Donnelly,Robert Kelly,2
Judge Garaufis,Robert Kelly,2
Bernstein Dm,Bowman-Fowler N,2
Bowman-Fowler N,Chen C,2
Bowman-Fowler N,Dong Q,2
Bowman-Fowler N,Frenda Sj,2
Bowman-Fowler N,He Q,2
Bowman-Fowler N,Laney C,2
Bowman-Fowler N,Lin C,2
Bowman-Fowler N,Nelson Kj,2
Bowman-Fowler N,Zhu B,2
Chen C,Nelson Kj,2
Dong Q,Nelson Kj,2
Frenda Sj,Nelson Kj,2
He Q,Laney C,2
He Q,Nelson Kj,2
Laney C,Xue G,2
Lin C,Nelson Kj,2
Nelson Kj,Zhu B,2
Minor Victim-4,The Defendant,2
Goodman J,Hall Df,2
Goodman J,Keating Jp,2
Goodman J,Manber M,2
Hall Df,Loftus Gr,2
Loftus Gr,Manber M,2
Ben-Aron Mh,Hucker Sj,2
Ben-Aron Mh,Park Dietz,2
Ben-Aron Mh,Webster Cd,2
Hucker Sj,Webster Cd,2
Park Dietz,Webster Cd,2
Ad De Jongh,Arjen J Van Wijk,2
Ad De Jongh,De Haas,2
Ad De Jongh,Elise M Van De Putte,2
Ad De Jongh,Iva A E Bicanic,2
Ad De Jongh,Lieve M Hehenkamp,2
Ad De Jongh,Rita Rosner,2
Ad De Jongh,Van Berlo,2
Arjen J Van Wijk,De Haas,2
Arjen J Van Wijk,Elise M Van De Putte,2
Arjen J Van Wijk,Iva A E Bicanic,2
Arjen J Van Wijk,Lieve M Hehenkamp,2
Arjen J Van Wijk,Rita Rosner,2
Arjen J Van Wijk,Van Berlo,2
De Haas,Elise M Van De Putte,2
De Haas,Lieve M Hehenkamp,2
De Haas,Rita Rosner,2
Elise M Van De Putte,Iva A E Bicanic,2
Elise M Van De Putte,Lieve M Hehenkamp,2
Elise M Van De Putte,Rita Rosner,2
Elise M Van De Putte,Van Berlo,2
Iva A E Bicanic,Lieve M Hehenkamp,2
Iva A E Bicanic,Rita Rosner,2
Lieve M Hehenkamp,Rita Rosner,2
Lieve M Hehenkamp,Van Berlo,2
Rita Rosner,Van Berlo,2
Dietz P,Dvoskin Ja,2
Dietz P,Pitt Se,2
Dietz P,Spiers Em,2
Dietz Pe,Pitt Se,2
Dietz Pe,Spiers Em,2
Mcalinden A,Mower L,2
Mcalinden A,Natalie Bennett,2
Mcalinden A,O'Callaghan D,2
Mcalinden A,O'Connell R,2
Mcalinden A,O'Donohue W,2
Mcalinden A,Salter A,2
Mcalinden A,Seto M,2
Mcalinden A,Sgroi S M,2
Mcalinden A,Shakeshaft C,2
Mcalinden A,Spiegel J,2
Mcalinden A,Van Dam C,2
Mcalinden A,Vance A,2
Mcalinden A,William O'Donohue,2
Mcalinden A,Wyre R,2
Mower L,Natalie Bennett,2
Mower L,O'Callaghan D,2
Mower L,O'Connell R,2
Mower L,O'Donohue W,2
Mower L,Salter A,2
Mower L,Seto M,2
Mower L,Sgroi S M,2
Mower L,Shakeshaft C,2
Mower L,Spiegel J,2
Mower L,Van Dam C,2
Mower L,Vance A,2
Mower L,William O'Donohue,2
Mower L,Wyre R,2
Natalie Bennett,O'Callaghan D,2
Natalie Bennett,O'Connell R,2
Natalie Bennett,O'Donohue W,2
Natalie Bennett,Salter A,2
Natalie Bennett,Seto M,2
Natalie Bennett,Sgroi S M,2
Natalie Bennett,Shakeshaft C,2
Natalie Bennett,Spiegel J,2
Natalie Bennett,Van Dam C,2
Natalie Bennett,Vance A,2
Natalie Bennett,Wyre R,2
O'Callaghan D,O'Connell R,2
O'Callaghan D,O'Donohue W,2
O'Callaghan D,Salter A,2
O'Callaghan D,Seto M,2
O'Callaghan D,Sgroi S M,2
O'Callaghan D,Shakeshaft C,2
O'Callaghan D,Spiegel J,2
O'Callaghan D,Van Dam C,2
O'Callaghan D,Vance A,2
O'Callaghan D,William O'Donohue,2
O'Callaghan D,Wyre R,2
O'Connell R,O'Donohue W,2
O'Connell R,Salter A,2
O'Connell R,Seto M,2
O'Connell R,Sgroi S M,2
O'Connell R,Shakeshaft C,2
O'Connell R,Spiegel J,2
O'Connell R,Van Dam C,2
O'Connell R,Vance A,2
O'Connell R,William O'Donohue,2
O'Connell R,Wyre R,2
O'Donohue W,Salter A,2
O'Donohue W,Seto M,2
O'Donohue W,Sgroi S M,2
O'Donohue W,Shakeshaft C,2
O'Donohue W,Spiegel J,2
O'Donohue W,Van Dam C,2
O'Donohue W,Vance A,2
O'Donohue W,William O'Donohue,2
O'Donohue W,Wyre R,2
Salter A,Seto M,2
Salter A,Sgroi S M,2
Salter A,Shakeshaft C,2
Salter A,Spiegel J,2
Salter A,Van Dam C,2
Salter A,Vance A,2
Salter A,William O'Donohue,2
Salter A,Wyre R,2
Seto M,Sgroi S M,2
Seto M,Shakeshaft C,2
Seto M,Spiegel J,2
Seto M,Van Dam C,2
Seto M,Vance A,2
Seto M,William O'Donohue,2
Seto M,Wyre R,2
Sgroi S M,Shakeshaft C,2
Sgroi S M,Spiegel J,2
Sgroi S M,Van Dam C,2
Sgroi S M,Vance A,2
Sgroi S M,William O'Donohue,2
Sgroi S M,Wyre R,2
Shakeshaft C,Spiegel J,2
Shakeshaft C,Van Dam C,2
Shakeshaft C,Vance A,2
Shakeshaft C,William O'Donohue,2
Shakeshaft C,Wyre R,2
Spiegel J,Van Dam C,2
Spiegel J,Vance A,2
Spiegel J,William O'Donohue,2
Spiegel J,Wyre R,2
Van Dam C,Vance A,2
Van Dam C,William O'Donohue,2
Van Dam C,Wyre R,2
Vance A,William O'Donohue,2
Vance A,Wyre R,2
William O'Donohue,Wyre R,2
Jed Rakoff,Loftus Ef,2
Jed Rakoff,Thomas Albright,2
Loftus Ef,Thomas Albright,2
A Marie Villafana,Gerald Lefcort,2
Gerald Lefcort,Jeffrey Epstein,2
Gerald Lefcort,Lilly Ann Sangrez,2
Gerald Lefcort,R Alexander Acosta,2
Hazelwood Rr,Warren J,2
Martell Da,Warren J,2
Park Dietz,Warren J,2
Warren J,Warren Ji,2
Claudius English,Minor Victim-2,2
Van Dam,W O'Donohue,2
Daryl Matthews,Park Dietz,2
Acevedo Am,Bell R,2
Acevedo Am,Bogart D F,2
Acevedo Am,Brodsky Sl,2
Acevedo Am,Butler B,2
Acevedo Am,Chen C,2
Acevedo Am,Cochran K J,2
Acevedo Am,Cross Mp,2
Acevedo Am,Davis D,2
Acevedo Am,Dong Q,2
Acevedo Am,Dunn Dana S,2
Acevedo Am,Frenda Sj,2
Acevedo Am,Grady Rh,2
Acevedo Am,Greene Cm,2
Acevedo Am,Greenspan R L,2
Acevedo Am,Grisso T,2
Acevedo Am,Herrara Me,2
Acevedo Am,Howe Ml,2
Acevedo Am,Jafary Am,2
Acevedo Am,Klemfuss Jz,2
Acevedo Am,Kocsis R N,2
Acevedo Am,Kuwano S,2
Acevedo Am,Levine Lj,2
Acevedo Am,Li J,2
Acevedo Am,Lilienfeld So,2
Acevedo Am,Lin C,2
Acevedo Am,Liu W,2
Acevedo Am,Loftus Ef,2
Acevedo Am,Lynn Sj,2
Acevedo Am,Matsuzawa T,2
Acevedo Am,Maxcey Am,2
Acevedo Am,Mcclure Ka,2
Acevedo Am,Mcguire Kl,2
Acevedo Am,Merckelbach H,2
Acevedo Am,Nichols Rm,2
Acevedo Am,Patihis L,2
Acevedo Am,Pena Mm,2
Acevedo Am,Pressman Sd,2
Acevedo Am,Rakoff Js,2
Acevedo Am,Sato T,2
Acevedo Am,Shao X,2
Acevedo Am,Shaw E V,2
Acevedo Am,Teitcher J,2
Acevedo Am,Urban Ej,2
Acevedo Am,Wang J,2
Acevedo Am,Xue G,2
Acevedo Am,Ye Z,2
Acevedo Am,Zheng L,2
Acevedo Am,Zhu B,2
Acevedo Am,Zhuang L,2
Bell R,Bogart D F,2
Bell R,Brodsky Sl,2
Bell R,Butler B,2
Bell R,Chen C,2
Bell R,Cochran K J,2
Bell R,Cross Mp,2
Bell R,Davis D,2
Bell R,Dong Q,2
Bell R,Dunn Dana S,2
Bell R,Frenda Sj,2
Bell R,Grady Rh,2
Bell R,Greene Cm,2
Bell R,Greenspan R L,2
Bell R,Grisso T,2
Bell R,Herrara Me,2
Bell R,Howe Ml,2
Bell R,Jafary Am,2
Bell R,Klemfuss Jz,2
Bell R,Kocsis R N,2
Bell R,Kuwano S,2
Bell R,Levine Lj,2
Bell R,Li J,2
Bell R,Lilienfeld So,2
Bell R,Lin C,2
Bell R,Liu W,2
Bell R,Loftus Ef,2
Bell R,Lynn Sj,2
Bell R,Matsuzawa T,2
Bell R,Maxcey Am,2
Bell R,Mcclure Ka,2
Bell R,Mcguire Kl,2
Bell R,Merckelbach H,2
Bell R,Nichols Rm,2
Bell R,Patihis L,2
Bell R,Pena Mm,2
Bell R,Pressman Sd,2
Bell R,Rakoff Js,2
Bell R,Sato T,2
Bell R,Shao X,2
Bell R,Shaw E V,2
Bell R,Teitcher J,2
Bell R,Urban Ej,2
Bell R,Wang J,2
Bell R,Xue G,2
Bell R,Ye Z,2
Bell R,Zheng L,2
Bell R,Zhu B,2
Bell R,Zhuang L,2
Bogart D F,Brodsky Sl,2
Bogart D F,Butler B,2
Bogart D F,Chen C,2
Bogart D F,Cochran K J,2
Bogart D F,Cross Mp,2
Bogart D F,Davis D,2
Bogart D F,Dong Q,2
Bogart D F,Dunn Dana S,2
Bogart D F,Frenda Sj,2
Bogart D F,Grady Rh,2
Bogart D F,Greene Cm,2
Bogart D F,Greenspan R L,2
Bogart D F,Grisso T,2
Bogart D F,Herrara Me,2
Bogart D F,Howe Ml,2
Bogart D F,Jafary Am,2
Bogart D F,Klemfuss Jz,2
Bogart D F,Kocsis R N,2
Bogart D F,Kuwano S,2
Bogart D F,Levine Lj,2
Bogart D F,Li J,2
Bogart D F,Lilienfeld So,2
Bogart D F,Lin C,2
Bogart D F,Liu W,2
Bogart D F,Loftus Ef,2
Bogart D F,Lynn Sj,2
Bogart D F,Matsuzawa T,2
Bogart D F,Maxcey Am,2
Bogart D F,Mcclure Ka,2
Bogart D F,Mcguire Kl,2
Bogart D F,Merckelbach H,2
Bogart D F,Nichols Rm,2
Bogart D F,Patihis L,2
Bogart D F,Pena Mm,2
Bogart D F,Pressman Sd,2
Bogart D F,Rakoff Js,2
Bogart D F,Sato T,2
Bogart D F,Shao X,2
Bogart D F,Shaw E V,2
Bogart D F,Teitcher J,2
Bogart D F,Urban Ej,2
Bogart D F,Wang J,2
Bogart D F,Xue G,2
Bogart D F,Ye Z,2
Bogart D F,Zheng L,2
Bogart D F,Zhu B,2
Bogart D F,Zhuang L,2
Brodsky Sl,Butler B,2
Brodsky Sl,Chen C,2
Brodsky Sl,Cochran K J,2
Brodsky Sl,Cross Mp,2
Brodsky Sl,Davis D,2
Brodsky Sl,Dong Q,2
Brodsky Sl,Dunn Dana S,2
Brodsky Sl,Frenda Sj,2
Brodsky Sl,Grady Rh,2
Brodsky Sl,Greene Cm,2
Brodsky Sl,Greenspan R L,2
Brodsky Sl,Grisso T,2
Brodsky Sl,Herrara Me,2
Brodsky Sl,Howe Ml,2
Brodsky Sl,Jafary Am,2
Brodsky Sl,Klemfuss Jz,2
Brodsky Sl,Kocsis R N,2
Brodsky Sl,Kuwano S,2
Brodsky Sl,Levine Lj,2
Brodsky Sl,Li J,2
Brodsky Sl,Lilienfeld So,2
Brodsky Sl,Lin C,2
Brodsky Sl,Liu W,2
Brodsky Sl,Loftus Ef,2
Brodsky Sl,Lynn Sj,2
Brodsky Sl,Matsuzawa T,2
Brodsky Sl,Maxcey Am,2
Brodsky Sl,Mcclure Ka,2
Brodsky Sl,Mcguire Kl,2
Brodsky Sl,Merckelbach H,2
Brodsky Sl,Nichols Rm,2
Brodsky Sl,Patihis L,2
Brodsky Sl,Pena Mm,2
Brodsky Sl,Pressman Sd,2
Brodsky Sl,Rakoff Js,2
Brodsky Sl,Sato T,2
Brodsky Sl,Shao X,2
Brodsky Sl,Shaw E V,2
Brodsky Sl,Teitcher J,2
Brodsky Sl,Urban Ej,2
Brodsky Sl,Wang J,2
Brodsky Sl,Xue G,2
Brodsky Sl,Ye Z,2
Brodsky Sl,Zheng L,2
Brodsky Sl,Zhu B,2
Brodsky Sl,Zhuang L,2
Butler B,Chen C,2
Butler B,Cochran K J,2
Butler B,Cross Mp,2
Butler B,Dong Q,2
Butler B,Dunn Dana S,2
Butler B,Frenda Sj,2
Butler B,Greene Cm,2
Butler B,Greenspan R L,2
Butler B,Grisso T,2
Butler B,Herrara Me,2
Butler B,Jafary Am,2
Butler B,Kocsis R N,2
Butler B,Kuwano S,2
Butler B,Levine Lj,2
Butler B,Li J,2
Butler B,Lin C,2
Butler B,Liu W,2
Butler B,Matsuzawa T,2
Butler B,Maxcey Am,2
Butler B,Mcclure Ka,2
Butler B,Mcguire Kl,2
Butler B,Nichols Rm,2
Butler B,Pena Mm,2
Butler B,Pressman Sd,2
Butler B,Rakoff Js,2
Butler B,Sato T,2
Butler B,Shao X,2
Butler B,Shaw E V,2
Butler B,Teitcher J,2
Butler B,Urban Ej,2
Butler B,Xue G,2
Butler B,Ye Z,2
Butler B,Zheng L,2
Butler B,Zhu B,2
Butler B,Zhuang L,2
Chen C,Cochran K J,2
Chen C,Cross Mp,2
Chen C,Dunn Dana S,2
Chen C,Greene Cm,2
Chen C,Greenspan R L,2
Chen C,Grisso T,2
Chen C,Herrara Me,2
Chen C,Jafary Am,2
Chen C,Klemfuss Jz,2
Chen C,Kocsis R N,2
Chen C,Kuwano S,2
Chen C,Lacey C,2
Chen C,Li J,2
Chen C,Liu W,2
Chen C,Matsuzawa T,2
Chen C,Maxcey Am,2
Chen C,Mcclure Ka,2
Chen C,Mcguire Kl,2
Chen C,Pena Mm,2
Chen C,Pressman Sd,2
Chen C,Rakoff Js,2
Chen C,Sato T,2
Chen C,Shao X,2
Chen C,Shaw E V,2
Chen C,Teitcher J,2
Chen C,Urban Ej,2
Chen C,Wang J,2
Chen C,Ye Z,2
Chen C,Zheng L,2
Chen C,Zhuang L,2
Cochran K J,Cross Mp,2
Cochran K J,Davis D,2
Cochran K J,Dong Q,2
Cochran K J,Dunn Dana S,2
Cochran K J,Frenda Sj,2
Cochran K J,Grady Rh,2
Cochran K J,Greene Cm,2
Cochran K J,Greenspan R L,2
Cochran K J,Grisso T,2
Cochran K J,Herrara Me,2
Cochran K J,Howe Ml,2
Cochran K J,Jafary Am,2
Cochran K J,Klemfuss Jz,2
Cochran K J,Kocsis R N,2
Cochran K J,Kuwano S,2
Cochran K J,Levine Lj,2
Cochran K J,Li J,2
Cochran K J,Lilienfeld So,2
Cochran K J,Lin C,2
Cochran K J,Liu W,2
Cochran K J,Loftus Ef,2
Cochran K J,Lynn Sj,2
Cochran K J,Matsuzawa T,2
Cochran K J,Maxcey Am,2
Cochran K J,Mcclure Ka,2
Cochran K J,Mcguire Kl,2
Cochran K J,Merckelbach H,2
Cochran K J,Nichols Rm,2
Cochran K J,Patihis L,2
Cochran K J,Pena Mm,2
Cochran K J,Pressman Sd,2
Cochran K J,Rakoff Js,2
Cochran K J,Sato T,2
Cochran K J,Shao X,2
Cochran K J,Shaw E V,2
Cochran K J,Teitcher J,2
Cochran K J,Urban Ej,2
Cochran K J,Wang J,2
Cochran K J,Xue G,2
Cochran K J,Ye Z,2
Cochran K J,Zheng L,2
Cochran K J,Zhu B,2
Cochran K J,Zhuang L,2
Cross Mp,Davis D,2
Cross Mp,Dong Q,2
Cross Mp,Dunn Dana S,2
Cross Mp,Frenda Sj,2
Cross Mp,Grady Rh,2
Cross Mp,Greene Cm,2
Cross Mp,Greenspan R L,2
Cross Mp,Grisso T,2
Cross Mp,Herrara Me,2
Cross Mp,Howe Ml,2
Cross Mp,Jafary Am,2
Cross Mp,Klemfuss Jz,2
Cross Mp,Kocsis R N,2
Cross Mp,Kuwano S,2
Cross Mp,Levine Lj,2
Cross Mp,Li J,2
Cross Mp,Lilienfeld So,2
Cross Mp,Lin C,2
Cross Mp,Liu W,2
Cross Mp,Loftus Ef,2
Cross Mp,Lynn Sj,2
Cross Mp,Matsuzawa T,2
Cross Mp,Maxcey Am,2
Cross Mp,Mcclure Ka,2
Cross Mp,Mcguire Kl,2
Cross Mp,Merckelbach H,2
Cross Mp,Nichols Rm,2
Cross Mp,Patihis L,2
Cross Mp,Pena Mm,2
Cross Mp,Pressman Sd,2
Cross Mp,Rakoff Js,2
Cross Mp,Sato T,2
Cross Mp,Shao X,2
Cross Mp,Shaw E V,2
Cross Mp,Teitcher J,2
Cross Mp,Urban Ej,2
Cross Mp,Wang J,2
Cross Mp,Xue G,2
Cross Mp,Ye Z,2
Cross Mp,Zheng L,2
Cross Mp,Zhu B,2
Cross Mp,Zhuang L,2
Davis D,Dunn Dana S,2
Davis D,Greene Cm,2
Davis D,Greenspan R L,2
Davis D,Grisso T,2
Davis D,Herrara Me,2
Davis D,Jafary Am,2
Davis D,Kocsis R N,2
Davis D,Kuwano S,2
Davis D,Lacey C,2
Davis D,Li J,2
Davis D,Liu W,2
Davis D,Matsuzawa T,2
Davis D,Maxcey Am,2
Davis D,Mcclure Ka,2
Davis D,Mcguire Kl,2
Davis D,Pena Mm,2
Davis D,Pressman Sd,2
Davis D,Rakoff Js,2
Davis D,Sato T,2
Davis D,Shao X,2
Davis D,Shaw E V,2
Davis D,Teitcher J,2
Davis D,Urban Ej,2
Davis D,Ye Z,2
Davis D,Zheng L,2
Davis D,Zhuang L,2
Dong Q,Dunn Dana S,2
Dong Q,Greene Cm,2
Dong Q,Greenspan R L,2
Dong Q,Grisso T,2
Dong Q,Herrara Me,2
Dong Q,Jafary Am,2
Dong Q,Klemfuss Jz,2
Dong Q,Kocsis R N,2
Dong Q,Kuwano S,2
Dong Q,Lacey C,2
Dong Q,Li J,2
Dong Q,Liu W,2
Dong Q,Matsuzawa T,2
Dong Q,Maxcey Am,2
Dong Q,Mcclure Ka,2
Dong Q,Mcguire Kl,2
Dong Q,Pena Mm,2
Dong Q,Pressman Sd,2
Dong Q,Rakoff Js,2
Dong Q,Sato T,2
Dong Q,Shao X,2
Dong Q,Shaw E V,2
Dong Q,Teitcher J,2
Dong Q,Urban Ej,2
Dong Q,Wang J,2
Dong Q,Ye Z,2
Dong Q,Zheng L,2
Dong Q,Zhuang L,2
Dunn Dana S,Frenda Sj,2
Dunn Dana S,Grady Rh,2
Dunn Dana S,Greene Cm,2
Dunn Dana S,Greenspan R L,2
Dunn Dana S,Grisso T,2
Dunn Dana S,Herrara Me,2
Dunn Dana S,Howe Ml,2
Dunn Dana S,Jafary Am,2
Dunn Dana S,Klemfuss Jz,2
Dunn Dana S,Kocsis R N,2
Dunn Dana S,Kuwano S,2
Dunn Dana S,Levine Lj,2
Dunn Dana S,Li J,2
Dunn Dana S,Lilienfeld So,2
Dunn Dana S,Lin C,2
Dunn Dana S,Liu W,2
Dunn Dana S,Loftus Ef,2
Dunn Dana S,Lynn Sj,2
Dunn Dana S,Matsuzawa T,2
Dunn Dana S,Maxcey Am,2
Dunn Dana S,Mcclure Ka,2
Dunn Dana S,Mcguire Kl,2
Dunn Dana S,Merckelbach H,2
Dunn Dana S,Nichols Rm,2
Dunn Dana S,Patihis L,2
Dunn Dana S,Pena Mm,2
Dunn Dana S,Pressman Sd,2
Dunn Dana S,Rakoff Js,2
Dunn Dana S,Sato T,2
Dunn Dana S,Shao X,2
Dunn Dana S,Shaw E V,2
Dunn Dana S,Teitcher J,2
Dunn Dana S,Urban Ej,2
Dunn Dana S,Wang J,2
Dunn Dana S,Xue G,2
Dunn Dana S,Ye Z,2
Dunn Dana S,Zheng L,2
Dunn Dana S,Zhu B,2
Dunn Dana S,Zhuang L,2
Frenda Sj,Greene Cm,2
Frenda Sj,Greenspan R L,2
Frenda Sj,Grisso T,2
Frenda Sj,Herrara Me,2
Frenda Sj,Jafary Am,2
Frenda Sj,Klemfuss Jz,2
Frenda Sj,Kocsis R N,2
Frenda Sj,Kuwano S,2
Frenda Sj,Lacey C,2
Frenda Sj,Li J,2
Frenda Sj,Liu W,2
Frenda Sj,Matsuzawa T,2
Frenda Sj,Maxcey Am,2
Frenda Sj,Mcclure Ka,2
Frenda Sj,Mcguire Kl,2
Frenda Sj,Pena Mm,2
Frenda Sj,Pressman Sd,2
Frenda Sj,Rakoff Js,2
Frenda Sj,Sato T,2
Frenda Sj,Shao X,2
Frenda Sj,Shaw E V,2
Frenda Sj,Teitcher J,2
Frenda Sj,Urban Ej,2
Frenda Sj,Wang J,2
Frenda Sj,Ye Z,2
Frenda Sj,Zheng L,2
Frenda Sj,Zhuang L,2
Grady Rh,Greene Cm,2
Grady Rh,Greenspan R L,2
Grady Rh,Grisso T,2
Grady Rh,Herrara Me,2
Grady Rh,Jafary Am,2
Grady Rh,Kocsis R N,2
Grady Rh,Kuwano S,2
Grady Rh,Lacey C,2
Grady Rh,Li J,2
Grady Rh,Liu W,2
Grady Rh,Matsuzawa T,2
Grady Rh,Maxcey Am,2
Grady Rh,Mcclure Ka,2
Grady Rh,Mcguire Kl,2
Grady Rh,Nichols Rm,2
Grady Rh,Pena Mm,2
Grady Rh,Pressman Sd,2
Grady Rh,Rakoff Js,2
Grady Rh,Sato T,2
Grady Rh,Shao X,2
Grady Rh,Shaw E V,2
Grady Rh,Teitcher J,2
Grady Rh,Urban Ej,2
Grady Rh,Xue G,2
Grady Rh,Ye Z,2
Grady Rh,Zheng L,2
Grady Rh,Zhuang L,2
Greene Cm,Greenspan R L,2
Greene Cm,Grisso T,2
Greene Cm,Herrara Me,2
Greene Cm,Howe Ml,2
Greene Cm,Jafary Am,2
Greene Cm,Klemfuss Jz,2
Greene Cm,Kocsis R N,2
Greene Cm,Kuwano S,2
Greene Cm,Levine Lj,2
Greene Cm,Li J,2
Greene Cm,Lilienfeld So,2
Greene Cm,Lin C,2
Greene Cm,Liu W,2
Greene Cm,Loftus Ef,2
Greene Cm,Lynn Sj,2
Greene Cm,Matsuzawa T,2
Greene Cm,Maxcey Am,2
Greene Cm,Mcclure Ka,2
Greene Cm,Mcguire Kl,2
Greene Cm,Merckelbach H,2
Greene Cm,Nichols Rm,2
Greene Cm,Patihis L,2
Greene Cm,Pena Mm,2
Greene Cm,Pressman Sd,2
Greene Cm,Rakoff Js,2
Greene Cm,Sato T,2
Greene Cm,Shao X,2
Greene Cm,Shaw E V,2
Greene Cm,Teitcher J,2
Greene Cm,Urban Ej,2
Greene Cm,Wang J,2
Greene Cm,Xue G,2
Greene Cm,Ye Z,2
Greene Cm,Zheng L,2
Greene Cm,Zhu B,2
Greene Cm,Zhuang L,2
Greenspan R L,Grisso T,2
Greenspan R L,Herrara Me,2
Greenspan R L,Howe Ml,2
Greenspan R L,Jafary Am,2
Greenspan R L,Klemfuss Jz,2
Greenspan R L,Kocsis R N,2
Greenspan R L,Kuwano S,2
Greenspan R L,Levine Lj,2
Greenspan R L,Li J,2
Greenspan R L,Lilienfeld So,2
Greenspan R L,Lin C,2
Greenspan R L,Liu W,2
Greenspan R L,Loftus Ef,2
Greenspan R L,Lynn Sj,2
Greenspan R L,Matsuzawa T,2
Greenspan R L,Maxcey Am,2
Greenspan R L,Mcclure Ka,2
Greenspan R L,Mcguire Kl,2
Greenspan R L,Merckelbach H,2
Greenspan R L,Nichols Rm,2
Greenspan R L,Patihis L,2
Greenspan R L,Pena Mm,2
Greenspan R L,Pressman Sd,2
Greenspan R L,Rakoff Js,2
Greenspan R L,Sato T,2
Greenspan R L,Shao X,2
Greenspan R L,Shaw E V,2
Greenspan R L,Teitcher J,2
Greenspan R L,Urban Ej,2
Greenspan R L,Wang J,2
Greenspan R L,Xue G,2
Greenspan R L,Ye Z,2
Greenspan R L,Zheng L,2
Greenspan R L,Zhu B,2
Greenspan R L,Zhuang L,2
Grisso T,Herrara Me,2
Grisso T,Howe Ml,2
Grisso T,Jafary Am,2
Grisso T,Klemfuss Jz,2
Grisso T,Kocsis R N,2
Grisso T,Kuwano S,2
Grisso T,Levine Lj,2
Grisso T,Li J,2
Grisso T,Lilienfeld So,2
Grisso T,Lin C,2
Grisso T,Liu W,2
Grisso T,Loftus Ef,2
Grisso T,Lynn Sj,2
Grisso T,Matsuzawa T,2
Grisso T,Maxcey Am,2
Grisso T,Mcclure Ka,2
Grisso T,Mcguire Kl,2
Grisso T,Merckelbach H,2
Grisso T,Nichols Rm,2
Grisso T,Patihis L,2
Grisso T,Pena Mm,2
Grisso T,Pressman Sd,2
Grisso T,Rakoff Js,2
Grisso T,Sato T,2
Grisso T,Shao X,2
Grisso T,Shaw E V,2
Grisso T,Teitcher J,2
Grisso T,Urban Ej,2
Grisso T,Wang J,2
Grisso T,Xue G,2
Grisso T,Ye Z,2
Grisso T,Zheng L,2
Grisso T,Zhu B,2
Grisso T,Zhuang L,2
Herrara Me,Howe Ml,2
Herrara Me,Jafary Am,2
Herrara Me,Klemfuss Jz,2
Herrara Me,Kocsis R N,2
Herrara Me,Kuwano S,2
Herrara Me,Levine Lj,2
Herrara Me,Li J,2
Herrara Me,Lilienfeld So,2
Herrara Me,Lin C,2
Herrara Me,Liu W,2
Herrara Me,Loftus Ef,2
Herrara Me,Lynn Sj,2
Herrara Me,Matsuzawa T,2
Herrara Me,Maxcey Am,2
Herrara Me,Mcclure Ka,2
Herrara Me,Mcguire Kl,2
Herrara Me,Merckelbach H,2
Herrara Me,Nichols Rm,2
Herrara Me,Patihis L,2
Herrara Me,Pena Mm,2
Herrara Me,Pressman Sd,2
Herrara Me,Rakoff Js,2
Herrara Me,Sato T,2
Herrara Me,Shao X,2
Herrara Me,Shaw E V,2
Herrara Me,Teitcher J,2
Herrara Me,Urban Ej,2
Herrara Me,Wang J,2
Herrara Me,Xue G,2
Herrara Me,Ye Z,2
Herrara Me,Zheng L,2
Herrara Me,Zhu B,2
Herrara Me,Zhuang L,2
Howe Ml,Jafary Am,2
Howe Ml,Kocsis R N,2
Howe Ml,Kuwano S,2
Howe Ml,Lacey C,2
Howe Ml,Li J,2
Howe Ml,Liu W,2
Howe Ml,Matsuzawa T,2
Howe Ml,Maxcey Am,2
Howe Ml,Mcclure Ka,2
Howe Ml,Mcguire Kl,2
Howe Ml,Nichols Rm,2
Howe Ml,Pena Mm,2
Howe Ml,Pressman Sd,2
Howe Ml,Rakoff Js,2
Howe Ml,Sato T,2
Howe Ml,Shao X,2
Howe Ml,Shaw E V,2
Howe Ml,Teitcher J,2
Howe Ml,Urban Ej,2
Howe Ml,Xue G,2
Howe Ml,Ye Z,2
Howe Ml,Zheng L,2
Howe Ml,Zhuang L,2
Jafary Am,Klemfuss Jz,2
Jafary Am,Kocsis R N,2
Jafary Am,Kuwano S,2
Jafary Am,Levine Lj,2
Jafary Am,Li J,2
Jafary Am,Lilienfeld So,2
Jafary Am,Lin C,2
Jafary Am,Liu W,2
Jafary Am,Loftus Ef,2
Jafary Am,Lynn Sj,2
Jafary Am,Matsuzawa T,2
Jafary Am,Maxcey Am,2
Jafary Am,Mcclure Ka,2
Jafary Am,Mcguire Kl,2
Jafary Am,Merckelbach H,2
Jafary Am,Nichols Rm,2
Jafary Am,Patihis L,2
Jafary Am,Pena Mm,2
Jafary Am,Pressman Sd,2
Jafary Am,Rakoff Js,2
Jafary Am,Sato T,2
Jafary Am,Shao X,2
Jafary Am,Shaw E V,2
Jafary Am,Teitcher J,2
Jafary Am,Urban Ej,2
Jafary Am,Wang J,2
Jafary Am,Xue G,2
Jafary Am,Ye Z,2
Jafary Am,Zheng L,2
Jafary Am,Zhu B,2
Jafary Am,Zhuang L,2
Klemfuss Jz,Kocsis R N,2
Klemfuss Jz,Kuwano S,2
Klemfuss Jz,Levine Lj,2
Klemfuss Jz,Li J,2
Klemfuss Jz,Lin C,2
Klemfuss Jz,Liu W,2
Klemfuss Jz,Matsuzawa T,2
Klemfuss Jz,Maxcey Am,2
Klemfuss Jz,Mcclure Ka,2
Klemfuss Jz,Mcguire Kl,2
Klemfuss Jz,Nichols Rm,2
Klemfuss Jz,Pena Mm,2
Klemfuss Jz,Pressman Sd,2
Klemfuss Jz,Rakoff Js,2
Klemfuss Jz,Sato T,2
Klemfuss Jz,Shao X,2
Klemfuss Jz,Shaw E V,2
Klemfuss Jz,Teitcher J,2
Klemfuss Jz,Urban Ej,2
Klemfuss Jz,Xue G,2
Klemfuss Jz,Ye Z,2
Klemfuss Jz,Zheng L,2
Klemfuss Jz,Zhu B,2
Klemfuss Jz,Zhuang L,2
Kocsis R N,Kuwano S,2
Kocsis R N,Levine Lj,2
Kocsis R N,Li J,2
Kocsis R N,Lilienfeld So,2
Kocsis R N,Lin C,2
Kocsis R N,Liu W,2
Kocsis R N,Loftus Ef,2
Kocsis R N,Lynn Sj,2
Kocsis R N,Matsuzawa T,2
Kocsis R N,Maxcey Am,2
Kocsis R N,Mcclure Ka,2
Kocsis R N,Mcguire Kl,2
Kocsis R N,Merckelbach H,2
Kocsis R N,Nichols Rm,2
Kocsis R N,Patihis L,2
Kocsis R N,Pena Mm,2
Kocsis R N,Pressman Sd,2
Kocsis R N,Rakoff Js,2
Kocsis R N,Sato T,2
Kocsis R N,Shao X,2
Kocsis R N,Shaw E V,2
Kocsis R N,Teitcher J,2
Kocsis R N,Urban Ej,2
Kocsis R N,Wang J,2
Kocsis R N,Xue G,2
Kocsis R N,Ye Z,2
Kocsis R N,Zheng L,2
Kocsis R N,Zhu B,2
Kocsis R N,Zhuang L,2
Kuwano S,Levine Lj,2
Kuwano S,Li J,2
Kuwano S,Lilienfeld So,2
Kuwano S,Lin C,2
Kuwano S,Liu W,2
Kuwano S,Loftus Ef,2
Kuwano S,Lynn Sj,2
Kuwano S,Matsuzawa T,2
Kuwano S,Maxcey Am,2
Kuwano S,Mcclure Ka,2
Kuwano S,Mcguire Kl,2
Kuwano S,Merckelbach H,2
Kuwano S,Nichols Rm,2
Kuwano S,Patihis L,2
Kuwano S,Pena Mm,2
Kuwano S,Pressman Sd,2
Kuwano S,Rakoff Js,2
Kuwano S,Sato T,2
Kuwano S,Shao X,2
Kuwano S,Shaw E V,2
Kuwano S,Teitcher J,2
Kuwano S,Urban Ej,2
Kuwano S,Wang J,2
Kuwano S,Xue G,2
Kuwano S,Ye Z,2
Kuwano S,Zheng L,2
Kuwano S,Zhu B,2
Kuwano S,Zhuang L,2
Lacey C,Levine Lj,2
Lacey C,Lin C,2
Lacey C,Loftus Ef,2
Lacey C,Zhu B,2
Levine Lj,Li J,2
Levine Lj,Lilienfeld So,2
Levine Lj,Liu W,2
Levine Lj,Lynn Sj,2
Levine Lj,Matsuzawa T,2
Levine Lj,Maxcey Am,2
Levine Lj,Mcclure Ka,2
Levine Lj,Mcguire Kl,2
Levine Lj,Merckelbach H,2
Levine Lj,Nichols Rm,2
Levine Lj,Patihis L,2
Levine Lj,Pena Mm,2
Levine Lj,Pressman Sd,2
Levine Lj,Rakoff Js,2
Levine Lj,Sato T,2
Levine Lj,Shao X,2
Levine Lj,Shaw E V,2
Levine Lj,Teitcher J,2
Levine Lj,Urban Ej,2
Levine Lj,Wang J,2
Levine Lj,Xue G,2
Levine Lj,Ye Z,2
Levine Lj,Zheng L,2
Levine Lj,Zhuang L,2
Li J,Lilienfeld So,2
Li J,Lin C,2
Li J,Liu W,2
Li J,Loftus Ef,2
Li J,Lynn Sj,2
Li J,Matsuzawa T,2
Li J,Maxcey Am,2
Li J,Mcclure Ka,2
Li J,Mcguire Kl,2
Li J,Merckelbach H,2
Li J,Nichols Rm,2
Li J,Patihis L,2
Li J,Pena Mm,2
Li J,Pressman Sd,2
Li J,Rakoff Js,2
Li J,Sato T,2
Li J,Shao X,2
Li J,Shaw E V,2
Li J,Teitcher J,2
Li J,Urban Ej,2
Li J,Wang J,2
Li J,Xue G,2
Li J,Ye Z,2
Li J,Zheng L,2
Li J,Zhu B,2
Li J,Zhuang L,2
Lilienfeld So,Liu W,2
Lilienfeld So,Matsuzawa T,2
Lilienfeld So,Maxcey Am,2
Lilienfeld So,Mcclure Ka,2
Lilienfeld So,Mcguire Kl,2
Lilienfeld So,Pena Mm,2
Lilienfeld So,Pressman Sd,2
Lilienfeld So,Rakoff Js,2
Lilienfeld So,Sato T,2
Lilienfeld So,Shao X,2
Lilienfeld So,Shaw E V,2
Lilienfeld So,Teitcher J,2
Lilienfeld So,Urban Ej,2
Lilienfeld So,Xue G,2
Lilienfeld So,Ye Z,2
Lilienfeld So,Zheng L,2
Lilienfeld So,Zhuang L,2
Lin C,Liu W,2
Lin C,Matsuzawa T,2
Lin C,Maxcey Am,2
Lin C,Mcclure Ka,2
Lin C,Mcguire Kl,2
Lin C,Pena Mm,2
Lin C,Pressman Sd,2
Lin C,Rakoff Js,2
Lin C,Sato T,2
Lin C,Shao X,2
Lin C,Shaw E V,2
Lin C,Teitcher J,2
Lin C,Urban Ej,2
Lin C,Wang J,2
Lin C,Ye Z,2
Lin C,Zheng L,2
Lin C,Zhuang L,2
Liu W,Loftus Ef,2
Liu W,Lynn Sj,2
Liu W,Matsuzawa T,2
Liu W,Maxcey Am,2
Liu W,Mcclure Ka,2
Liu W,Mcguire Kl,2
Liu W,Merckelbach H,2
Liu W,Nichols Rm,2
Liu W,Patihis L,2
Liu W,Pena Mm,2
Liu W,Pressman Sd,2
Liu W,Rakoff Js,2
Liu W,Sato T,2
Liu W,Shao X,2
Liu W,Shaw E V,2
Liu W,Teitcher J,2
Liu W,Urban Ej,2
Liu W,Wang J,2
Liu W,Xue G,2
Liu W,Ye Z,2
Liu W,Zheng L,2
Liu W,Zhu B,2
Liu W,Zhuang L,2
Loftus Ef,Matsuzawa T,2
Loftus Ef,Maxcey Am,2
Loftus Ef,Mcclure Ka,2
Loftus Ef,Mcguire Kl,2
Loftus Ef,Pena Mm,2
Loftus Ef,Pressman Sd,2
Loftus Ef,Rakoff Js,2
Loftus Ef,Sato T,2
Loftus Ef,Shao X,2
Loftus Ef,Shaw E V,2
Loftus Ef,Teitcher J,2
Loftus Ef,Urban Ej,2
Loftus Ef,Ye Z,2
Loftus Ef,Zheng L,2
Loftus Ef,Zhuang L,2
Lynn Sj,Matsuzawa T,2
Lynn Sj,Maxcey Am,2
Lynn Sj,Mcclure Ka,2
Lynn Sj,Mcguire Kl,2
Lynn Sj,Pena Mm,2
Lynn Sj,Pressman Sd,2
Lynn Sj,Rakoff Js,2
Lynn Sj,Sato T,2
Lynn Sj,Shao X,2
Lynn Sj,Shaw E V,2
Lynn Sj,Teitcher J,2
Lynn Sj,Urban Ej,2
Lynn Sj,Xue G,2
Lynn Sj,Ye Z,2
Lynn Sj,Zheng L,2
Lynn Sj,Zhuang L,2
Matsuzawa T,Maxcey Am,2
Matsuzawa T,Mcclure Ka,2
Matsuzawa T,Mcguire Kl,2
Matsuzawa T,Merckelbach H,2
Matsuzawa T,Nichols Rm,2
Matsuzawa T,Patihis L,2
Matsuzawa T,Pena Mm,2
Matsuzawa T,Pressman Sd,2
Matsuzawa T,Rakoff Js,2
Matsuzawa T,Sato T,2
Matsuzawa T,Shao X,2
Matsuzawa T,Shaw E V,2
Matsuzawa T,Teitcher J,2
Matsuzawa T,Urban Ej,2
Matsuzawa T,Wang J,2
Matsuzawa T,Xue G,2
Matsuzawa T,Ye Z,2
Matsuzawa T,Zheng L,2
Matsuzawa T,Zhu B,2
Matsuzawa T,Zhuang L,2
Maxcey Am,Mcclure Ka,2
Maxcey Am,Mcguire Kl,2
Maxcey Am,Merckelbach H,2
Maxcey Am,Nichols Rm,2
Maxcey Am,Patihis L,2
Maxcey Am,Pena Mm,2
Maxcey Am,Pressman Sd,2
Maxcey Am,Rakoff Js,2
Maxcey Am,Sato T,2
Maxcey Am,Shao X,2
Maxcey Am,Shaw E V,2
Maxcey Am,Teitcher J,2
Maxcey Am,Urban Ej,2
Maxcey Am,Wang J,2
Maxcey Am,Xue G,2
Maxcey Am,Ye Z,2
Maxcey Am,Zheng L,2
Maxcey Am,Zhu B,2
Maxcey Am,Zhuang L,2
Mcclure Ka,Mcguire Kl,2
Mcclure Ka,Merckelbach H,2
Mcclure Ka,Nichols Rm,2
Mcclure Ka,Patihis L,2
Mcclure Ka,Pena Mm,2
Mcclure Ka,Pressman Sd,2
Mcclure Ka,Rakoff Js,2
Mcclure Ka,Sato T,2
Mcclure Ka,Shao X,2
Mcclure Ka,Shaw E V,2
Mcclure Ka,Teitcher J,2
Mcclure Ka,Urban Ej,2
Mcclure Ka,Wang J,2
Mcclure Ka,Xue G,2
Mcclure Ka,Ye Z,2
Mcclure Ka,Zheng L,2
Mcclure Ka,Zhu B,2
Mcclure Ka,Zhuang L,2
Mcguire Kl,Merckelbach H,2
Mcguire Kl,Nichols Rm,2
Mcguire Kl,Patihis L,2
Mcguire Kl,Pena Mm,2
Mcguire Kl,Pressman Sd,2
Mcguire Kl,Rakoff Js,2
Mcguire Kl,Sato T,2
Mcguire Kl,Shao X,2
Mcguire Kl,Shaw E V,2
Mcguire Kl,Teitcher J,2
Mcguire Kl,Urban Ej,2
Mcguire Kl,Wang J,2
Mcguire Kl,Xue G,2
Mcguire Kl,Ye Z,2
Mcguire Kl,Zheng L,2
Mcguire Kl,Zhu B,2
Mcguire Kl,Zhuang L,2
Merckelbach H,Pena Mm,2
Merckelbach H,Pressman Sd,2
Merckelbach H,Rakoff Js,2
Merckelbach H,Sato T,2
Merckelbach H,Shao X,2
Merckelbach H,Shaw E V,2
Merckelbach H,Teitcher J,2
Merckelbach H,Urban Ej,2
Merckelbach H,Xue G,2
Merckelbach H,Ye Z,2
Merckelbach H,Zheng L,2
Merckelbach H,Zhuang L,2
Nichols Rm,Pena Mm,2
Nichols Rm,Pressman Sd,2
Nichols Rm,Rakoff Js,2
Nichols Rm,Sato T,2
Nichols Rm,Shao X,2
Nichols Rm,Shaw E V,2
Nichols Rm,Teitcher J,2
Nichols Rm,Urban Ej,2
Nichols Rm,Wang J,2
Nichols Rm,Xue G,2
Nichols Rm,Ye Z,2
Nichols Rm,Zheng L,2
Nichols Rm,Zhuang L,2
Patihis L,Pena Mm,2
Patihis L,Pressman Sd,2
Patihis L,Rakoff Js,2
Patihis L,Sato T,2
Patihis L,Shao X,2
Patihis L,Shaw E V,2
Patihis L,Teitcher J,2
Patihis L,Urban Ej,2
Patihis L,Xue G,2
Patihis L,Ye Z,2
Patihis L,Zheng L,2
Patihis L,Zhuang L,2
Pena Mm,Pressman Sd,2
Pena Mm,Rakoff Js,2
Pena Mm,Sato T,2
Pena Mm,Shao X,2
Pena Mm,Shaw E V,2
Pena Mm,Teitcher J,2
Pena Mm,Urban Ej,2
Pena Mm,Wang J,2
Pena Mm,Xue G,2
Pena Mm,Ye Z,2
Pena Mm,Zheng L,2
Pena Mm,Zhu B,2
Pena Mm,Zhuang L,2
Pressman Sd,Rakoff Js,2
Pressman Sd,Sato T,2
Pressman Sd,Shao X,2
Pressman Sd,Shaw E V,2
Pressman Sd,Teitcher J,2
Pressman Sd,Urban Ej,2
Pressman Sd,Wang J,2
Pressman Sd,Xue G,2
Pressman Sd,Ye Z,2
Pressman Sd,Zheng L,2
Pressman Sd,Zhu B,2
Pressman Sd,Zhuang L,2
Rakoff Js,Sato T,2
Rakoff Js,Shao X,2
Rakoff Js,Shaw E V,2
Rakoff Js,Teitcher J,2
Rakoff Js,Urban Ej,2
Rakoff Js,Wang J,2
Rakoff Js,Xue G,2
Rakoff Js,Ye Z,2
Rakoff Js,Zheng L,2
Rakoff Js,Zhu B,2
Rakoff Js,Zhuang L,2
Sato T,Shao X,2
Sato T,Shaw E V,2
Sato T,Teitcher J,2
Sato T,Urban Ej,2
Sato T,Wang J,2
Sato T,Xue G,2
Sato T,Ye Z,2
Sato T,Zheng L,2
Sato T,Zhu B,2
Sato T,Zhuang L,2
Shao X,Shaw E V,2
Shao X,Teitcher J,2
Shao X,Urban Ej,2
Shao X,Wang J,2
Shao X,Xue G,2
Shao X,Ye Z,2
Shao X,Zheng L,2
Shao X,Zhu B,2
Shao X,Zhuang L,2
Shaw E V,Teitcher J,2
Shaw E V,Urban Ej,2
Shaw E V,Wang J,2
Shaw E V,Xue G,2
Shaw E V,Ye Z,2
Shaw E V,Zheng L,2
Shaw E V,Zhu B,2
Shaw E V,Zhuang L,2
Teitcher J,Urban Ej,2
Teitcher J,Wang J,2
Teitcher J,Xue G,2
Teitcher J,Ye Z,2
Teitcher J,Zheng L,2
Teitcher J,Zhu B,2
Teitcher J,Zhuang L,2
Urban Ej,Wang J,2
Urban Ej,Xue G,2
Urban Ej,Ye Z,2
Urban Ej,Zheng L,2
Urban Ej,Zhu B,2
Urban Ej,Zhuang L,2
Wang J,Xue G,2
Wang J,Ye Z,2
Wang J,Zheng L,2
Wang J,Zhu B,2
Wang J,Zhuang L,2
Xue G,Ye Z,2
Xue G,Zheng L,2
Xue G,Zhuang L,2
Ye Z,Zheng L,2
Ye Z,Zhu B,2
Ye Z,Zhuang L,2
Zheng L,Zhu B,2
Zheng L,Zhuang L,2
Zhu B,Zhuang L,2
Denise L Cote,Jeffrey Epstein,2
Cole W,Keating Jp,2
Cole W,Loftus Ef,2
Jeffrey Pagliuca,Lisa Rocchio,2
Lisa Rocchio,Mark Cohen,2
Bernstein Dm,Lei X,2
Chen C,Lei X,2
Davis D,Lei X,2
Dong Q,Lei X,2
Doyle Jm,Lei X,2
Dysart Je,Lei X,2
Frenda Sj,Lei X,2
Garry M,He Q,2
Garry M,Lei X,2
He Q,Lei X,2
Lei X,Lin C,2
Lei X,Loftus Ef,2
Lei X,Zhu B,2
Berliner L,Berson I R,2
Berliner L,Brackenridge C H,2
Berliner L,Brown D,2
Berliner L,Budin I E,2
Berliner L,Burgess A W,2
Berliner L,Gallagher B,2
Berliner L,Gary T S,2
Berliner L,Groth A N,2
Berliner L,Hartill M,2
Berliner L,Herman J L,2
Berliner L,Hobson W F,2
Berliner L,Holmstrom L L,2
Berliner L,Johnson C F,2
Berliner L,Knoll J,2
Berliner L,Laudan L,2
Berson I R,Blake R H,2
Berson I R,Brackenridge C H,2
Berson I R,Brown D,2
Berson I R,Brown S,2
Berson I R,Browne K,2
Berson I R,Budin I E,2
Berson I R,Burgess A W,2
Berson I R,Christiansen J R,2
Berson I R,Conte J R,2
Berson I R,Craven S,2
Berson I R,Elliott M,2
Berson I R,Gallagher B,2
Berson I R,Gary T S,2
Berson I R,Gilchrist E,2
Berson I R,Gillespie A,2
Berson I R,Groth A N,2
Berson I R,Hartill M,2
Berson I R,Herman J L,2
Berson I R,Hobson W F,2
Berson I R,Holmstrom L L,2
Berson I R,Howitt D,2
Berson I R,Johnson C F,2
Berson I R,Kilcoyne J,2
Berson I R,Knoll J,2
Berson I R,Laudan L,2
Berson I R,Leberg E,2
Berson I R,Smith T,2
Berson I R,Wolf S,2
Blake R H,Brackenridge C H,2
Blake R H,Brown D,2
Blake R H,Budin I E,2
Blake R H,Burgess A W,2
Blake R H,Gallagher B,2
Blake R H,Gary T S,2
Blake R H,Groth A N,2
Blake R H,Hartill M,2
Blake R H,Herman J L,2
Blake R H,Hobson W F,2
Blake R H,Holmstrom L L,2
Blake R H,Johnson C F,2
Blake R H,Knoll J,2
Blake R H,Laudan L,2
Brackenridge C H,Brown D,2
Brackenridge C H,Brown S,2
Brackenridge C H,Browne K,2
Brackenridge C H,Budin I E,2
Brackenridge C H,Burgess A W,2
Brackenridge C H,Christiansen J R,2
Brackenridge C H,Conte J R,2
Brackenridge C H,Craven S,2
Brackenridge C H,Elliott M,2
Brackenridge C H,Gallagher B,2
Brackenridge C H,Gary T S,2
Brackenridge C H,Gilchrist E,2
Brackenridge C H,Gillespie A,2
Brackenridge C H,Groth A N,2
Brackenridge C H,Hartill M,2
Brackenridge C H,Herman J L,2
Brackenridge C H,Hobson W F,2
Brackenridge C H,Holmstrom L L,2
Brackenridge C H,Howitt D,2
Brackenridge C H,Johnson C F,2
Brackenridge C H,Kilcoyne J,2
Brackenridge C H,Knoll J,2
Brackenridge C H,Laudan L,2
Brackenridge C H,Leberg E,2
Brackenridge C H,Smith T,2
Brackenridge C H,Wolf S,2
Brown D,Brown S,2
Brown D,Browne K,2
Brown D,Budin I E,2
Brown D,Burgess A W,2
Brown D,Christiansen J R,2
Brown D,Conte J R,2
Brown D,Craven S,2
Brown D,Elliott M,2
Brown D,Gallagher B,2
Brown D,Gary T S,2
Brown D,Gilchrist E,2
Brown D,Gillespie A,2
Brown D,Groth A N,2
Brown D,Hartill M,2
Brown D,Herman J L,2
Brown D,Hobson W F,2
Brown D,Holmstrom L L,2
Brown D,Howitt D,2
Brown D,Johnson C F,2
Brown D,Kilcoyne J,2
Brown D,Knoll J,2
Brown D,Laudan L,2
Brown D,Leberg E,2
Brown D,Smith T,2
Brown D,Wolf S,2
Brown S,Budin I E,2
Brown S,Burgess A W,2
Brown S,Gallagher B,2
Brown S,Gary T S,2
Brown S,Groth A N,2
Brown S,Hartill M,2
Brown S,Herman J L,2
Brown S,Hobson W F,2
Brown S,Holmstrom L L,2
Brown S,Johnson C F,2
Brown S,Knoll J,2
Brown S,Laudan L,2
Browne K,Budin I E,2
Browne K,Burgess A W,2
Browne K,Gallagher B,2
Browne K,Gary T S,2
Browne K,Groth A N,2
Browne K,Hartill M,2
Browne K,Herman J L,2
Browne K,Hobson W F,2
Browne K,Holmstrom L L,2
Browne K,Johnson C F,2
Browne K,Knoll J,2
Browne K,Laudan L,2
Budin I E,Burgess A W,2
Budin I E,Christiansen J R,2
Budin I E,Conte J R,2
Budin I E,Craven S,2
Budin I E,Elliott M,2
Budin I E,Gallagher B,2
Budin I E,Gary T S,2
Budin I E,Gilchrist E,2
Budin I E,Gillespie A,2
Budin I E,Groth A N,2
Budin I E,Hartill M,2
Budin I E,Herman J L,2
Budin I E,Hobson W F,2
Budin I E,Holmstrom L L,2
Budin I E,Howitt D,2
Budin I E,Johnson C F,2
Budin I E,Kilcoyne J,2
Budin I E,Knoll J,2
Budin I E,Laudan L,2
Budin I E,Leberg E,2
Budin I E,Smith T,2
Budin I E,Wolf S,2
Burgess A W,Christiansen J R,2
Burgess A W,Conte J R,2
Burgess A W,Craven S,2
Burgess A W,Elliott M,2
Burgess A W,Gallagher B,2
Burgess A W,Gary T S,2
Burgess A W,Gilchrist E,2
Burgess A W,Gillespie A,2
Burgess A W,Groth A N,2
Burgess A W,Hartill M,2
Burgess A W,Herman J L,2
Burgess A W,Hobson W F,2
Burgess A W,Holmstrom L L,2
Burgess A W,Howitt D,2
Burgess A W,Johnson C F,2
Burgess A W,Kilcoyne J,2
Burgess A W,Knoll J,2
Burgess A W,Laudan L,2
Burgess A W,Leberg E,2
Burgess A W,Smith T,2
Burgess A W,Wolf S,2
Christiansen J R,Gallagher B,2
Christiansen J R,Gary T S,2
Christiansen J R,Groth A N,2
Christiansen J R,Hartill M,2
Christiansen J R,Herman J L,2
Christiansen J R,Hobson W F,2
Christiansen J R,Holmstrom L L,2
Christiansen J R,Johnson C F,2
Christiansen J R,Knoll J,2
Christiansen J R,Laudan L,2
Conte J R,Gallagher B,2
Conte J R,Gary T S,2
Conte J R,Hartill M,2
Conte J R,Herman J L,2
Conte J R,Hobson W F,2
Conte J R,Holmstrom L L,2
Conte J R,Johnson C F,2
Conte J R,Knoll J,2
Conte J R,Laudan L,2
Craven S,Gallagher B,2
Craven S,Gary T S,2
Craven S,Groth A N,2
Craven S,Hartill M,2
Craven S,Herman J L,2
Craven S,Hobson W F,2
Craven S,Holmstrom L L,2
Craven S,Johnson C F,2
Craven S,Knoll J,2
Craven S,Laudan L,2
Elliott M,Gallagher B,2
Elliott M,Gary T S,2
Elliott M,Groth A N,2
Elliott M,Hartill M,2
Elliott M,Herman J L,2
Elliott M,Hobson W F,2
Elliott M,Holmstrom L L,2
Elliott M,Johnson C F,2
Elliott M,Knoll J,2
Elliott M,Laudan L,2
Gallagher B,Gary T S,2
Gallagher B,Gilchrist E,2
Gallagher B,Gillespie A,2
Gallagher B,Groth A N,2
Gallagher B,Hartill M,2
Gallagher B,Herman J L,2
Gallagher B,Hobson W F,2
Gallagher B,Holmstrom L L,2
Gallagher B,Howitt D,2
Gallagher B,Johnson C F,2
Gallagher B,Kilcoyne J,2
Gallagher B,Knoll J,2
Gallagher B,Laudan L,2
Gallagher B,Leberg E,2
Gallagher B,Smith T,2
Gallagher B,Wolf S,2
Gary T S,Gilchrist E,2
Gary T S,Gillespie A,2
Gary T S,Groth A N,2
Gary T S,Hartill M,2
Gary T S,Herman J L,2
Gary T S,Hobson W F,2
Gary T S,Holmstrom L L,2
Gary T S,Howitt D,2
Gary T S,Johnson C F,2
Gary T S,Kilcoyne J,2
Gary T S,Knoll J,2
Gary T S,Laudan L,2
Gary T S,Leberg E,2
Gary T S,Smith T,2
Gary T S,Wolf S,2
Gilchrist E,Groth A N,2
Gilchrist E,Hartill M,2
Gilchrist E,Herman J L,2
Gilchrist E,Hobson W F,2
Gilchrist E,Holmstrom L L,2
Gilchrist E,Johnson C F,2
Gilchrist E,Knoll J,2
Gilchrist E,Laudan L,2
Gillespie A,Groth A N,2
Gillespie A,Hartill M,2
Gillespie A,Herman J L,2
Gillespie A,Hobson W F,2
Gillespie A,Holmstrom L L,2
Gillespie A,Johnson C F,2
Gillespie A,Knoll J,2
Gillespie A,Laudan L,2
Groth A N,Hartill M,2
Groth A N,Herman J L,2
Groth A N,Hobson W F,2
Groth A N,Holmstrom L L,2
Groth A N,Howitt D,2
Groth A N,Johnson C F,2
Groth A N,Kilcoyne J,2
Groth A N,Knoll J,2
Groth A N,Laudan L,2
Groth A N,Leberg E,2
Groth A N,Smith T,2
Groth A N,Wolf S,2
Hartill M,Herman J L,2
Hartill M,Hobson W F,2
Hartill M,Holmstrom L L,2
Hartill M,Howitt D,2
Hartill M,Johnson C F,2
Hartill M,Kilcoyne J,2
Hartill M,Knoll J,2
Hartill M,Laudan L,2
Hartill M,Leberg E,2
Hartill M,Smith T,2
Hartill M,Wolf S,2
Herman J L,Hobson W F,2
Herman J L,Holmstrom L L,2
Herman J L,Howitt D,2
Herman J L,Johnson C F,2
Herman J L,Kilcoyne J,2
Herman J L,Knoll J,2
Herman J L,Laudan L,2
Herman J L,Leberg E,2
Herman J L,Smith T,2
Herman J L,Wolf S,2
Hobson W F,Holmstrom L L,2
Hobson W F,Howitt D,2
Hobson W F,Johnson C F,2
Hobson W F,Kilcoyne J,2
Hobson W F,Knoll J,2
Hobson W F,Laudan L,2
Hobson W F,Leberg E,2
Hobson W F,Smith T,2
Hobson W F,Wolf S,2
Holmstrom L L,Howitt D,2
Holmstrom L L,Johnson C F,2
Holmstrom L L,Kilcoyne J,2
Holmstrom L L,Knoll J,2
Holmstrom L L,Laudan L,2
Holmstrom L L,Leberg E,2
Holmstrom L L,Smith T,2
Holmstrom L L,Wolf S,2
Howitt D,Johnson C F,2
Howitt D,Knoll J,2
Howitt D,Laudan L,2
Johnson C F,Kilcoyne J,2
Johnson C F,Knoll J,2
Johnson C F,Laudan L,2
Johnson C F,Leberg E,2
Johnson C F,Smith T,2
Johnson C F,Wolf S,2
Kilcoyne J,Knoll J,2
Kilcoyne J,Laudan L,2
Knoll J,Laudan L,2
Knoll J,Leberg E,2
Knoll J,Smith T,2
Knoll J,Wolf S,2
Laudan L,Leberg E,2
Laudan L,Smith T,2
Laudan L,Wolf S,2
Ghislaine Maxwell,Steven Flatly,2
Lisa Rocchio,Steven Flatly,2
Alfredo Rodriguez,Alison J Nathan,2
Jeffrey Epstein,Karl Roye,2
Park Dietz,Simon Ri,2
Doe No. 1,Doe No. 2,2
Alison Moe,Marurene Comey,2
Andrew Rohrbach,Marurene Comey,2
Audrey Strauss,Marurene Comey,2
Damian Williams,Marurene Comey,2
Ghislaine Maxwell,Marurene Comey,2
Jeffrey Epstein,Marurene Comey,2
Lara Pomerantz,Marurene Comey,2
David Bennett,David Cicilline,2
David Bennett,Jack Reed,2
David Bennett,James Langevin,2
David Bennett,Joshua Miller,2
David Bennett,Lisa Marie Rocchio,2
David Bennett,Sheldon Whitehouse,2
David Cicilline,Jack Reed,2
David Cicilline,James Langevin,2
David Cicilline,Joshua Miller,2
David Cicilline,Lisa Marie Rocchio,2
David Cicilline,Sheldon Whitehouse,2
Jack Reed,James Langevin,2
Jack Reed,Joshua Miller,2
Jack Reed,Lisa Marie Rocchio,2
Jack Reed,Sheldon Whitehouse,2
James Langevin,Joshua Miller,2
James Langevin,Lisa Marie Rocchio,2
James Langevin,Sheldon Whitehouse,2
Joshua Miller,Lisa Marie Rocchio,2
Joshua Miller,Sheldon Whitehouse,2
Lisa Marie Rocchio,Sheldon Whitehouse,2
Brad Edwards,Emma Rosen,2
Emma Rosen,James Christe,2
Emma Rosen,Jeffrey S Pagliuca,2
Emma Rosen,Laura A Menninger,2
Emma Rosen,Meredith Schultz,2
Emma Rosen,Paul G Cassell,2
Emma Rosen,Sigrid Mccawley,2
James Christe,Jeffrey S Pagliuca,2
James Christe,Laura A Menninger,2
James Christe,Paul G Cassell,2
Laura A Menninger,Meredith Schultz,2
Laura A Menninger,Sigrid Mccawley,2
Van Dam,W O'Donobue,2
Judge Mcmahon,Judge Netburn,2
Andrew Pal,Courtney Wild,2
Andrew Pal,Dan Mangan,2
Andrew Pal,Dareh Gregorian,2
Andrew Pal,Mathew Nestel,2
Tiffany Days,Xavier R Donaldson,2
Jason Richards,Prince Andrew,2
Jason Richards,Virginia Roberts,2
Ghislaine Maxwell,Paul G Cassell,2
Alex Rossmiller,Amanda Kramer,2
Alex Rossmiller,Annie Farmer,2
Alex Rossmiller,Maria Farmer,2
Allison Moe,Amanda Kramer,2
Allison Moe,Annie Farmer,2
Allison Moe,Maria Farmer,2
Amanda Kramer,Andrew Rohrbach,2
Amanda Kramer,Jeffrey S Pagliuca,2
Bradley Edwards,Paul Cassell,2
Da Castor,Justice Black,2
Alan Dershowitz,Michael Cernovich,2
Jeffrey Epstein,Michael Cernovich,2
Julie Brown,Michael Cernovich,2
Jeffrey E Epstein,Will H Wolk,2
Sharon R Bock,Will H Wolk,2
Alan Dershowitz,Jane Doe #3,2
Danielle Bensky,Ghislaine Maxwell,2
Brad Edwards,Whitney Webb,2
Maria Farmer,Whitney Webb,2
Stanley Pottinger,Whitney Webb,2
Gerald Lefcourt,Lilly Ann Sangrez,2
Jane Doe #3,Prince Andrew,2
G Maxwell,Virginia Giuffre,2
Brad Edwards,J Stanley Pottinger,2
J Stanley Pottinger,Stan Pottinger,2
Alan Dershowitz,Ross Gow,2
Alan Dershowitz,Victoria Roberts,2
Alan Dershowitz,Virginia Roberts,2
Ghislaine Maxwell,Victoria Roberts,2
Ross Gow,Victoria Roberts,2
Ross Gow,Virginia Roberts,2
Victoria Roberts,Virginia Roberts,2
Alex Rossmiller,Colleen Mcmahon,2
Colleen Mcmahon,Geoffrey S Berman,2
Judge Sweet,Stan Pottinger,2
Judge Sweet,Virginia Giuffre,2
Abigail Kurland,Amanda Kramer,2
Abigail Kurland,Edward Diskant,2
Abigail Kurland,Jeffrey Epstein,2
Abigail Kurland,Peter Skinner,2
Abigail Kurland,Russell Capone,2
Abigail Kurland,Sigrid Mccawley,2
Abigail Kurland,Stan Pottinger,2
Abigail Kurland,Virginia Giuffre,2
Amanda Kramer,Edward Diskant,2
Amanda Kramer,Russell Capone,2
Edward Diskant,Jeffrey Epstein,2
Edward Diskant,Peter Skinner,2
Edward Diskant,Russell Capone,2
Edward Diskant,Sigrid Mccawley,2
Edward Diskant,Stan Pottinger,2
Edward Diskant,Virginia Giuffre,2
Jeffrey Epstein,Russell Capone,2
Peter Skinner,Russell Capone,2
Russell Capone,Sigrid Mccawley,2
Russell Capone,Stan Pottinger,2
Russell Capone,Virginia Giuffre,2
Arthur R Miller,Charles Alan Wright,2
Amanda Kramer,Paul Cassell,2
David Boies,Stanley Pottinger,2
Sigrid Mccawley,Stanley Pottinger,2
Jeffrey Epstein,Robert W Sweet,2
Nicole Simmons,Sigrid S Mccawley,2
Chief Judge Mcmahon,Judge Preska,2
Andrea Constand,Bruce Castor,2
Andrea Constand,William Henry Cosby,2
Bruce Castor,William Henry Cosby,2
Jeffrey E Epstein,Joe Whitley,2
Chief Judge Mcmahon,Judge Sweet,2
Brad Edwards,Jeff Pagliuca,2
Brad Edwards,Laura Menninger,2
Jeff Pagliuca,Paul Cassell,2
Jane Doe #3,Jane Doe 4,2
David Boies,Spencer Kuvin,2
Ghislaine Maxwell,Spencer Kuvin,2
Jeffrey Epstein,Spencer Kuvin,2
Sigrid Mccawley,Spencer Kuvin,2
Robert Maxwell,Virginia Roberts,2
Alison J Nathan,Stephen Rex Brown,2
David Markus,Stephen Rex Brown,2
Alan Dershowitz,Nicole Janok,2
Jeffrey Epstein,William Clinton,2
Kevin Spacey,Larry Keller,2
Larry Keller,Nicole Janok,2
Larry Keller,William Clinton,2
Nicole Janok,William Clinton,2
Alexander Acosta,Marie Villafaa,2
A Kramer,Brad Edwards,2
A Kramer,Jay Lefkowitz,2
A Kramer,Jeffrey Epstein,2
A Kramer,Ken Starr,2
A Kramer,Martin Weinberg,2
A Kramer,P Skinner,2
A Kramer,Roy Black,2
A Kramer,Stan Pottinger,2
A Kramer,Virginia Roberts,2
Brad Edwards,Jay Lefkowitz,2
Brad Edwards,Ken Starr,2
Brad Edwards,Martin Weinberg,2
Brad Edwards,P Skinner,2
Brad Edwards,Roy Black,2
Jay Lefkowitz,P Skinner,2
Jay Lefkowitz,Roy Black,2
Jay Lefkowitz,Stan Pottinger,2
Jay Lefkowitz,Virginia Roberts,2
Jeffrey Epstein,Ken Starr,2
Jeffrey Epstein,P Skinner,2
Ken Starr,P Skinner,2
Ken Starr,Roy Black,2
Ken Starr,Stan Pottinger,2
Ken Starr,Virginia Roberts,2
Martin Weinberg,P Skinner,2
Martin Weinberg,Roy Black,2
Martin Weinberg,Stan Pottinger,2
Martin Weinberg,Virginia Roberts,2
P Skinner,Roy Black,2
P Skinner,Stan Pottinger,2
P Skinner,Virginia Roberts,2
Roy Black,Stan Pottinger,2
Roy Black,Virginia Roberts,2
Jane Doe 2,Jeffrey Epstein,2
Jane Doe 3,Jeffrey Epstein,2
Jane Doe 4,Jeffrey Epstein,2
Detective Recarey,Michael Casey,2
Bernard R Siskin,Souleymane Balde,2
Jane Doe #3,Jeffrey Epstein,2
David Boies,Meredith Schultz,2
Ghislaine Maxwell,Meredith Schultz,2
Leslie Fagin,Meredith Schultz,2
Leslie Fagin,Virginia Giuffre,2
Meredith Schultz,Virginia Giuffre,2
David Boies,Judge Mcmahon,2
Alison J Nathan,Judge Furman,2
Da Castor,Da Ferman,2
Bill Clinton,President Clinton,2
John Roth,President Clinton,2
Mark Filip,President Clinton,2
Christian Everdell,Leah Saffian,2
Jeff Pagliuca,Leah Saffian,2
Jeff Pagliuca,Sophia Papapetru,2
Laura Menninger,Sophia Papapetru,2
Alison J Nathan,Paul Cassell,2
Jeffrey S Pagliuca,Virginia L Giuffre,2
David Rodgers,Johanna Sjoberg,2
Jeffrey S Pagliuca,Stanley Pottinger,2
B Siskin,J Staller,2
Judge Preska,Laura A Menninger,2
Laura A Menninger,Virginia Giuffre,2
Jane Doe #1,Jeffrey Epstein,2
Alex Acosta,Ghislaine Maxwell,2
Alexander Rossmiller,Amanda Kramer,2
Alexander Rossmiller,J Epstein,2
Alexander Rossmiller,Stan Pottinger,2
Alison Moe,Amanda Kramer,2
Alison Moe,J Epstein,2
Alison Moe,Stan Pottinger,2
Amanda Kramer,J Epstein,2
J Epstein,Stan Pottinger,2
Ghislaine Maxwell,Sharon Churcher,2
Jeffrey Epstein,Sarah Vickers,2
Nadia Marcinkova,Sarah Vickers,2
Sarah Kellen,Sarah Vickers,2
Alison G Moe,Audrey Strauss,2
Celina Midelfart,Jeff Schantz,2
Andy Farmer,Emmy Tayler,2
Isabel Maxwell,Lisa Anasrons,2
Lisa Anasrons,Ron Burckle,2
Fidel Castro,Jeffrey Epstein,2
Fidel Castro,Pope John Paul,2
Jeffrey Epstein,Pope John Paul,2
Dave Rogers,Sarah Kellen,2
Frances Jardine,Sophie Biddle,2
Amanda Milroy,Darren Indyke,2
Amanda Milroy,Eric Gany,2
Amanda Milroy,Harry Beller,2
Amanda Milroy,Helen Kim,2
Amanda Milroy,Jeff Schantz,2
Amanda Milroy,Jeffrey Epstein,2
Amanda Milroy,Michelle Healy,2
Darren Indyke,Eric Gany,2
Darren Indyke,Harry Beller,2
Darren Indyke,Helen Kim,2
Darren Indyke,Michelle Healy,2
Eric Gany,Harry Beller,2
Eric Gany,Helen Kim,2
Eric Gany,Jeff Schantz,2
Eric Gany,Michelle Healy,2
Harry Beller,Helen Kim,2
Harry Beller,Jeff Schantz,2
Harry Beller,Jeffrey Epstein,2
Harry Beller,Michelle Healy,2
Helen Kim,Jeff Schantz,2
Helen Kim,Jeffrey Epstein,2
Helen Kim,Michelle Healy,2
Jeff Schantz,Jeffrey Epstein,2
Jeff Schantz,Michelle Healy,2
Jeffrey Epstein,Michelle Healy,2
Chris Tucker,Former Senator George Mitchell,2
Chris Tucker,President Trump,2
Chris Tucker,Robert Kennedy,2
Chris Tucker,Senator John Glenn,2
Former Senator George Mitchell,Kevin Spacey,2
Former Senator George Mitchell,President Trump,2
Former Senator George Mitchell,Robert Kennedy,2
Former Senator George Mitchell,Senator John Glenn,2
Kevin Spacey,President Trump,2
Kevin Spacey,Robert Kennedy,2
Kevin Spacey,Senator John Glenn,2
President Trump,Robert Kennedy,2
President Trump,Senator John Glenn,2
Robert Kennedy,Senator John Glenn,2
Emmy Taylor,Eva Dubin,2
Emmy Taylor,Glenn Dubin,2
Emmy Taylor,Gwendolyn Beck,2
Emmy Taylor,Jordan Dubin,2
Emmy Taylor,Selena Dubin,2
Eva Dubin,Gwendolyn Beck,2
Eva Dubin,Jordan Dubin,2
Glenn Dubin,Gwendolyn Beck,2
Glenn Dubin,Jordan Dubin,2
Gwendolyn Beck,Jordan Dubin,2
Gwendolyn Beck,Selena Dubin,2
Jordan Dubin,Selena Dubin,2
Amanda Young,Eva Adnersson Dubin,2
Amanda Young,Michelle Healy,2
Eva Adnersson Dubin,Jason Richards,2
Eva Adnersson Dubin,Michelle Healy,2
Jason Richards,Michelle Healy,2
Jeff Shantz,Sophie Biddle,2
Eva Anderson,Jeff Shantz,2
Eva Anderson,Russ Kippus,2
Eva Dubin,Jeff Shantz,2
Eva Dubin,Russ Kippus,2
Glenn Dubin,Jeff Shantz,2
Glenn Dubin,Russ Kippus,2
Jeff Shantz,Russ Kippus,2
Eva Andersson,Eva Dubin,2
Adam Perry Lang,Henry Drecky,2
Adam Perry Lang,Marvin Minsky,2
Adam Perry Lang,Virginia Roberts,2
Henry Drecky,Virginia Roberts,2
Marvin Minsky,Virginia Roberts,2
Larry Visoski,Mike Wallace,2
Emmy Taylor,Leslie Roth,2
Emmy Taylor,Sarah Kellen,2
Emmy Taylor,Suann Pisap,2
Leslie Roth,Sarah Kellen,2
Leslie Roth,Suann Pisap,2
Sarah Kellen,Suann Pisap,2
Dawn Devitto,Frances Jardine,2
Dawn Devitto,Ghislaine Maxwell,2
Dawn Devitto,Jeffrey Epstein,2
Frances Jardine,Ghislaine Maxwell,2
Dominique Hyppolite,Virginia Robertson,2
Agent Young,Maguire Kelly Maguire,2
Maguire Kelly Maguire,The Court,2
Celina Midelfart,Ghislaine Maxwell,2
Ghislaine Maxwell,S Kellen,2
Amanda Lazlo,Jeffrey Epstein,2
Amanda Lazlo,Julie Morgan,2
Jeffrey Epstein,Julie Morgan,2
Michael Aznaran,Richard Barnett,2
Alison Moe,Sergeant Michael Dawson,2
Andrew Rohrbach,Sergeant Michael Dawson,2
Bobbi Sternheim,Sergeant Michael Dawson,2
Christian Everdell,Sergeant Michael Dawson,2
Damian Williams,Maureen Comey,2
Damian Williams,Sergeant Michael Dawson,2
Ghislaine Maxwell,Sergeant Michael Dawson,2
Jeffrey Pagliuca,Sergeant Michael Dawson,2
Lara Pomerantz,Sergeant Michael Dawson,2
Laura Menninger,Sergeant Michael Dawson,2
Maureen Comey,Sergeant Michael Dawson,2
Adam Perry Ling,Mark Epstein,2
Judge Rakoff,The Court,2
Ghislaine Maxwell,Lady Ghislaine,2
Jeffrey Epstein,Lady Ghislaine,2
Mark Epstein,Mike Wallace,2
Mike Wallace,Prince Andrew,2
Cimberly Espinosa,Dominique Hypolite,2
Cimberly Espinosa,Michael William Aznaran,2
Cimberly Espinosa,Raghul Sud,2
Dominique Hypolite,Elizabeth Loftus,2
Dominique Hypolite,Michael William Aznaran,2
Dominique Hypolite,Raghul Sud,2
Elizabeth Loftus,Michael William Aznaran,2
Elizabeth Loftus,Raghul Sud,2
Michael William Aznaran,Raghul Sud,2
Detective Byrne,The Court,2
Bradley Edwards,Virginia Roberts,2
Jeffrey Epstein,Raghu Sud,2
Bill Clinton,John Glenn,2
Bill Clinton,Juan Alessi,2
Bill Clinton,Larry Visoski,2
Donald Trump,John Glenn,2
Donald Trump,Juan Alessi,2
John Glenn,Juan Alessi,2
John Glenn,Larry Visoski,2
Cim Espinosa,Ghislaine Maxwell,2
Jeffrey Epstein,Robert Glassman,2
Agent Maguire,Kimberly Meder,2
Amanda Young,Cimberly Espinosa,2
Cimberly Espinosa,Jason Richards,2
Jane'S Father,Jane'S Mother,2
Jane'S Father,Jane'S Two Brothers,2
Jane'S Mother,Jane'S Two Brothers,2
Detective Joseph Recarey,Detective Sandman,2
Detective Joseph Recarey,Sergeant Mike Dawson,2
Detective Sandman,Sergeant Mike Dawson,2
Ghislaine Maxwell,Kelly Maguire,2
Ghislaine Maxwell,Kimberly Meder,2
Ghislaine Maxwell,Tracy Chapell,2
Kelly Maguire,Kimberly Meder,2
Kelly Maguire,Larry Visoski,2
Kelly Maguire,Tracy Chapell,2
Kimberly Meder,Larry Visoski,2
Kimberly Meder,Tracy Chapell,2
Larry Visoski,Tracy Chapell,2
Annie Farmer,Jack Scarola,2
Jack Scarola,Virginia Roberts,2
Detective Dix,Sergeant Dawson,2
Jeffrey Epstein,Stephen Flatley,2
Jeffrey E Epstein,The Court,2
S Kellen,The Court,2
Captain Crowell,Janusz Banasiak,2
Captain Crowell,Joseph Recarey,2
Captain Crowell,Sergeant Dawson,2
Janusz Banasiak,Sergeant Dawson,2
Joseph Recarey,Sergeant Dawson,2
Alexander Hamilton,Ray Hamilton,2
Prince Andrew,Queen Elizabeth,2
David Mulligan,The Court,2
Agent Young,Alexander Hamilton,2
Alison Moe,Damien Williams,2
Andrew Rohrbach,Damien Williams,2
Bobbi Sternheim,Damien Williams,2
Christian Everdell,Damien Williams,2
Damien Williams,Ghislaine Maxwell,2
Damien Williams,Jeffrey Pagliuca,2
Damien Williams,Lara Pomerantz,2
Damien Williams,Laura Menninger,2
Damien Williams,Maureen Comey,2
Serge Thys,Susan Pope,2
Agent Amanda Young,Special Agent Richards,2
Agent Amanda Young,The Witness,2
Special Agent Richards,The Witness,2
Jane Kate,Juan Alessi,2
Janine Gill,Sky Roberts,2
Janine Gill,Virginia Roberts,2
Juan Alessi,Sally Markham,2
Anthony John Jets,Ghislaine Noelle Marion Maxwell,2
Anthony John Jets,John Gerard O'Neal,2
Anthony John Jets,Nessa O'Neal,2
Ghislaine Noelle Marion Maxwell,John Gerard O'Neal,2
Ghislaine Noelle Marion Maxwell,Nessa O'Neal,2
John Gerard O'Neal,Nessa O'Neal,2
Agent Young,Kimberly Meder,2
Kimberly Meder,The Court,2
Jeff Shantz,Jeffrey Epstein,2
Emmy Tayler,Ghislaine Maxwell,2
Emmy Tayler,Jeffrey Epstein,2
Detective Allen Dix,Detective Jennifer Sandman,2
Detective Allen Dix,Detective Joseph Recarey,2
Detective Allen Dix,Detective Recarey,2
Detective Allen Dix,Detective Tom Mellenchuck,2
Detective Allen Dix,Jeffrey Epstein,2
Detective Allen Dix,Officer Michael Bates,2
Detective Allen Dix,Sergeant George Frick,2
Detective Jennifer Sandman,Detective Joseph Recarey,2
Detective Jennifer Sandman,Detective Recarey,2
Detective Jennifer Sandman,Detective Tom Mellenchuck,2
Detective Jennifer Sandman,Jeffrey Epstein,2
Detective Jennifer Sandman,Officer Michael Bates,2
Detective Jennifer Sandman,Sergeant George Frick,2
Detective Joseph Recarey,Detective Recarey,2
Detective Joseph Recarey,Detective Tom Mellenchuck,2
Detective Joseph Recarey,Officer Michael Bates,2
Detective Joseph Recarey,Sergeant George Frick,2
Detective Recarey,Detective Tom Mellenchuck,2
Detective Recarey,Officer Michael Bates,2
Detective Recarey,Sergeant George Frick,2
Detective Tom Mellenchuck,Jeffrey Epstein,2
Detective Tom Mellenchuck,Officer Michael Bates,2
Detective Tom Mellenchuck,Sergeant George Frick,2
Jeffrey Epstein,Officer Michael Bates,2
Jeffrey Epstein,Sergeant George Frick,2
Officer Michael Bates,Sergeant George Frick,2
Juan Patricio Alessi,Lisa Rocchio,2
Juan Patricio Alessi,Paul Kane,2
Lisa Rocchio,Paul Kane,2
Celina Midelfart,Frances Jardine,2
Celina Midelfart,Larry Visoski,2
Celina Midelfart,Nicole Hesse,2
Celina Midelfart,Sherry Lewis,2
Frances Jardine,Larry Visoski,2
Frances Jardine,Nicole Hesse,2
Frances Jardine,Sherry Lewis,2
Jeffrey Epstein,Sherry Lewis,2
Larry Visoski,Sherry Lewis,2
Nicole Hesse,Sherry Lewis,2
Annie Farmer,David James Mulligan,2
Annie Farmer,Janice Swain,2
Annie Farmer,William Brown,2
David James Mulligan,Janice Swain,2
David James Mulligan,William Brown,2
Janice Swain,William Brown,2
Ghislaine Maxwell,Ghislaine Noelle Marion Maxwell,2
Ghislaine Noelle Marion Maxwell,Robert Glassman,2
Emmy Taylor,Shelly Lewis,2
Amanda Young,Special Agent Richards,2
Greg Parkinson,Sergeant Dawson,2
Cecilia Steen,Ghislaine Maxwell,2
Eva Dubin,Juan Alessi,2
Gregory Parkinson,Juan Patricio Alessi,2
Gregory Parkinson,Michael Dawson,2
Juan Patricio Alessi,Michael Dawson,2
Emmy Taylor,Ghislaine Maxwell,2
Ghislaine Maxwell,Sky Roberts,2
Denny Chin,Ivan Fisher,2
Denny Chin,Jeffrey Epstein,2
Kelly Maguire,The Court,2
G Max,Jeffrey Epstein,2
Glen Maxwell,Jeffrey Epstein,2
Glen Maxwell,The Court,2
Andrew Tomback,Jeffrey Epstein,2
Andrew Tomback,Merwin De La Cruz,2
Andrew Tomback,Richard Kahn,2
Jeffrey Epstein,Merwin De La Cruz,2
Jeffrey Epstein,Richard Kahn,2
Merwin De La Cruz,Richard Kahn,2
Eva Andersson,Jeffrey Epstein,2
Ghislaine Maxwell,Itzhak Perlman,2
Itzhak Perlman,Jeffrey Epstein,2
Ghislaine Maxwell,Tim Ambrose,2
Eva Dubin,Michelle Healey,2
H L Watkins,Jeffrey Epstein,2
Eva Dubin,Sophie Biddle,2
Glenn Dubin,Sophie Biddle,2
Selena Dubin,Sophie Biddle,2
Cim Espinosa,Harry Beller,2
Harry Beller,Larry Visoski,2
Dave Mulligan,The Court,2
Dave Alessi,Ghislaine Maxwell,2
Dave Alessi,Jeffrey Epstein,2
Special Agent Maguire,The Court,2
The Court,Virginia Roberts,2
Professor Loftus,Sarah Kellen,2
Emmy Tayler,Sarah Kellen,2
Bill Clinton,Mike Wallace,2
Agent Kuyrkendall,The Court,2
Judge Rakoff,Judge Sand,2
The Court,William Brown,2
Ghislaine Maxwell,J Epstein,2
Alberto Pinto,Emmy Taylor,2
Alberto Pinto,Henry Drecky,2
Alberto Pinto,Marvin Minsky,2
Emmy Taylor,Henry Drecky,2
Emmy Taylor,Marvin Minsky,2
Jeffrey Epstein,Marvin Minsky,2
Dominique Hyppolite,The Court,2
Jeffrey Epstein,Lauren Quitner,2
Agent Young,Eva Dubin,2
Agent Young,Jason Richards,2
Eva Dubin,Jason Richards,2
Eva Dubin,The Court,2
Jason Richards,The Court,2
Alison Moe,Mike Wallace,2
Andrew Rohrbach,Mike Wallace,2
Bobbi Sternheim,Laura Pomerantz,2
Bobbi Sternheim,Mike Wallace,2
Christian Everdell,Mike Wallace,2
Damian Williams,Laura Pomerantz,2
Damian Williams,Mike Wallace,2
Ghislaine Maxwell,Mike Wallace,2
Jeffrey Pagliuca,Mike Wallace,2
Laura Menninger,Mike Wallace,2
Laura Pomerantz,Mike Wallace,2
Maurene Comey,Mike Wallace,2
Sarah Kellen,Virginia Roberts,2
Frances Hardinge,Mandy Ellison,2
Frances Hardinge,Shelly Lewis,2
Mandy Ellison,Shelly Lewis,2
Cim Espinosa,Juan Alessi,2
Danny Hillis,G Maxwell,2
Danny Hillis,Ghislaine Maxwell,2
Danny Hillis,Laura Casey Wasserman,2
Ghislaine Maxwell,Laura Casey Wasserman,2
Ghislaine Maxwell,Ron Burckle,2
Jeffrey Epstein,Ron Burckle,2
An Soon Kim,Judge Sand,2
Bill Clinton,Itzhak Perlman,2
Donald Trump,Itzhak Perlman,2
Itzhak Perlman,Prince Andrew,2
Daniel Alan Bessielsen,Daniel Besselsen,2
Daniel Alan Bessielsen,The Court,2
Daniel Besselsen,The Court,2
David Mulligan,Ghislaine Maxwell,2
David Mulligan,Juan Alessi,2
Ghislaine Maxwell,Janice Swain,2
Janice Swain,Juan Alessi,2
Ghislaine Maxwell,Susan Pope,2
Celina Midelfart,Gwendolyn Beck,2
Gwendolyn Beck,Jeffrey Epstein,2
Gwendolyn Beck,Shelly Lewis,2
Larry Visoski,Ted Waitt,2
Det Joe Recarey,Joseph Recarey,2
Lou Dog,Princess Jenny,2
Add Am,Amy Lynn,2
Add Am,Hello My N,2
Add Am,Its All Ab,2
Add Am,Pimp Juice,2
Add Am,Princess J,2
Add Am,The Simpso,2
Add Am,Toni Ama,2
Add Am,Yea Soap W,2
Amy Lynn,Beef Knuck,2
Amy Lynn,Deus Ex Ma,2
Amy Lynn,Dont Take,2
Amy Lynn,Hello My N,2
Amy Lynn,Its All Ab,2
Amy Lynn,Lisa Moret,2
Amy Lynn,Pimp Juice,2
Amy Lynn,Princess J,2
Amy Lynn,Samatha H,2
Amy Lynn,The Simpso,2
Amy Lynn,Toni Ama,2
Amy Lynn,Yea Soap W,2
Beef Knuck,Hello My N,2
Beef Knuck,Its All Ab,2
Beef Knuck,Pimp Juice,2
Beef Knuck,Princess J,2
Beef Knuck,The Simpso,2
Beef Knuck,Toni Ama,2
Beef Knuck,Yea Soap W,2
Deus Ex Ma,Hello My N,2
Deus Ex Ma,Its All Ab,2
Deus Ex Ma,Pimp Juice,2
Deus Ex Ma,Princess J,2
Deus Ex Ma,The Simpso,2
Deus Ex Ma,Toni Ama,2
Deus Ex Ma,Yea Soap W,2
Dont Take,Hello My N,2
Dont Take,Its All Ab,2
Dont Take,Pimp Juice,2
Dont Take,Princess J,2
Dont Take,The Simpso,2
Dont Take,Toni Ama,2
Dont Take,Yea Soap W,2
Hello My N,Its All Ab,2
Hello My N,Lisa Moret,2
Hello My N,Pimp Juice,2
Hello My N,Princess J,2
Hello My N,Samatha H,2
Hello My N,The Simpso,2
Hello My N,Toni Ama,2
Hello My N,Yea Soap W,2
Its All Ab,Lisa Moret,2
Its All Ab,Pimp Juice,2
Its All Ab,Princess J,2
Its All Ab,Samatha H,2
Its All Ab,The Simpso,2
Its All Ab,Toni Ama,2
Its All Ab,Yea Soap W,2
Lisa Moret,Pimp Juice,2
Lisa Moret,Princess J,2
Lisa Moret,The Simpso,2
Lisa Moret,Toni Ama,2
Lisa Moret,Yea Soap W,2
Pimp Juice,Princess J,2
Pimp Juice,Samatha H,2
Pimp Juice,The Simpso,2
Pimp Juice,Toni Ama,2
Pimp Juice,Yea Soap W,2
Princess J,Samatha H,2
Princess J,The Simpso,2
Princess J,Toni Ama,2
Princess J,Yea Soap W,2
Samatha H,The Simpso,2
Samatha H,Toni Ama,2
Samatha H,Yea Soap W,2
The Simpso,Toni Ama,2
The Simpso,Yea Soap W,2
Toni Ama,Yea Soap W,2
Det Joe Recarey,Eva C Rodriguez,2
Det Sandman,Eva C Rodriguez,2
Eva C Rodriguez,Jeffrey Epstein,2
Eva C Rodriguez,Sarah Kellen,2
Joe Recarey,Nilda Cabato,2
Joe Recarey,Sarah L Kellen,2
Nilda Cabato,Sarah L Kellen,2
Beauty In Bloody Love,Beef Knuckles,2
Jeff Epstein,Joseph Recarey,2
Courtney Wilde,Haley Robson,2
Haley Robson,Michael R Tein,2
Jeffrey Edward E Epstein,John F Kennedy,2
Jack Goldberger,Jane Doe,2
Adam D Horowitz,Y. Doe,2
Jeffrey M Herman,Y. Doe,2
Stuart S Mermelstein,Y. Doe,2
Eric C Jackson,Sarah Kellen,2
Bob Marley,Lisa Ethel,2
Cypress Hill,Lisa Ethel,2
Cypress Hill,Princess Jenny,2
Damien Marley,Lisa Ethel,2
Jack Johnson,Lisa Ethel,2
John Mayer,Lisa Ethel,2
Lisa Ethel,Mike Jones,2
Lisa Ethel,No Doubt,2
Lisa Ethel,Paul Wall,2
Lisa Ethel,Radio Head,2
Lisa Ethel,Snoop Dogg,2
Lisa Ethel,The Smashing Pumpkins,2
Lisa Ethel,The Strokes,2
Lisa Ethel,The White Stripes,2
No Doubt,Princess Jenny,2
Princess Jenny,Radio Head,2
Princess Jenny,The Smashing Pumpkins,2
Princess Jenny,The Strokes,2
Princess Jenny,The White Stripes,2
Barry Krischer,Guy Fronstin,2
Amy Lynn,Fuck This City In Your Mouth,2
Fuck This City In Your Mouth,Lord Of The Fire,2
Jane Doe No. 3,Y. Doe,2
Jeffrey Epstein,St Thomas Vi,2
Daliah Weiss,Flynn P Bertisch,2
Daliah Weiss,Jack K Fuchs,2
Daliah Weiss,Jennifer L Shand,2
Flynn P Bertisch,Jack K Fuchs,2
Flynn P Bertisch,Janusz Banasiak,2
Flynn P Bertisch,Jennifer L Shand,2
Flynn P Bertisch,Michael Salnick,2
Jack K Fuchs,Janusz Banasiak,2
Jack K Fuchs,Jennifer L Shand,2
Jack K Fuchs,Michael Salnick,2
Janusz Banasiak,Jennifer L Shand,2
Janusz Banasiak,Michael Salnick,2
Jennifer L Shand,Michael Salnick,2
Jane Doe,Jane Doe'S Stepmother,2
Jane Doe'S Father,Jane Doe'S Stepmother,2
Jane Doe'S Father,Jeffrey Epstein,2
Jane Doe'S Stepmother,Jeffrey Epstein,2
Faith A Friedman,Gerald B Lefcourt,2
Faith A Friedman,Jeffrey Epstein,2
Faith A Friedman,Lanna Belohlavek,2
Faith A Friedman,Renato C Stabile,2
Faith A Friedman,Sheryl E Reich,2
Gerald B Lefcourt,Jeffrey Epstein,2
Gerald B Lefcourt,Renato C Stabile,2
Gerald B Lefcourt,Sheryl E Reich,2
Jeffrey Epstein,Renato C Stabile,2
Jeffrey Epstein,Sheryl E Reich,2
Lanna Belohlavek,Renato C Stabile,2
Lanna Belohlavek,Sheryl E Reich,2
Renato C Stabile,Sheryl E Reich,2
Latin Flavo,Lisa Ethel,2
Latin Flavo,Pimp Juice,2
Lisa Ethel,Pimp Juice,2
Guy P Fronstin,Jeff Epstein,2
Desmarais Wendy,Kellen Sarah Lynnelle,2
Desmarais Wendy,Oregero Laura,2
Frick Ronald,Kellen Sarah Lynnelle,2
Frick Ronald,Oregero Laura,2
Kellen Sarah Lynnelle,Oregero Laura,2
Det Dawson,Nadia Marcinkova,2
Det Joe Recarey,Nadia Marcinkova,2
Daliah Weiss,Yanush Banasiak,2
Guy Fronstin,Michael Salnick,2
Guy Fronstin,Yanush Banasiak,2
Jeff Epstein,Michael Salnick,2
Jeff Epstein,Yanush Banasiak,2
Lanna Belohlavek,Michael Salnick,2
Lanna Belohlavek,Yanush Banasiak,2
Michael Salnick,Yanush Banasiak,2
Fuck This,Idk Wat To,2
Fuck This,Leggo My C,2
Fuck This,Lord Of T,2
Fuck This,Only I'S,2
Fuck This,Pimp Juice,2
Fuck This,Pm Da Yo,2
Fuck This,Shaun Nedw,2
Fuck This,Steve L,2
Fuck This,Tha Wild C,2
Fuck This,Who Cares,2
Idk Wat To,Leggo My C,2
Idk Wat To,Lord Of T,2
Idk Wat To,Only I'S,2
Idk Wat To,Pimp Juice,2
Idk Wat To,Pm Da Yo,2
Idk Wat To,Shaun Nedw,2
Idk Wat To,Steve L,2
Idk Wat To,Tha Wild C,2
Idk Wat To,Who Cares,2
Leggo My C,Lord Of T,2
Leggo My C,Only I'S,2
Leggo My C,Pimp Juice,2
Leggo My C,Pm Da Yo,2
Leggo My C,Shaun Nedw,2
Leggo My C,Steve L,2
Leggo My C,Tha Wild C,2
Leggo My C,Who Cares,2
Lord Of T,Only I'S,2
Lord Of T,Pimp Juice,2
Lord Of T,Pm Da Yo,2
Lord Of T,Shaun Nedw,2
Lord Of T,Steve L,2
Lord Of T,Tha Wild C,2
Lord Of T,Who Cares,2
Only I'S,Pimp Juice,2
Only I'S,Pm Da Yo,2
Only I'S,Shaun Nedw,2
Only I'S,Steve L,2
Only I'S,Tha Wild C,2
Only I'S,Who Cares,2
Pimp Juice,Pm Da Yo,2
Pimp Juice,Shaun Nedw,2
Pimp Juice,Steve L,2
Pimp Juice,Tha Wild C,2
Pimp Juice,Who Cares,2
Pm Da Yo,Shaun Nedw,2
Pm Da Yo,Steve L,2
Pm Da Yo,Tha Wild C,2
Pm Da Yo,Who Cares,2
Shaun Nedw,Steve L,2
Shaun Nedw,Tha Wild C,2
Shaun Nedw,Who Cares,2
Steve L,Tha Wild C,2
Steve L,Who Cares,2
Tha Wild C,Who Cares,2
Detective Recarey,Guy Fronstin,2
Detective Recarey,Lanna Belohlavek,2
Lanna Belohlavek,Nadia Marcinkova,2
Brittany Beale,Jeffrey Epstein,2
Beef Knuckles,Needs That Hair From Zoro,2
Beef Knuckles,Pamela Anderson,2
Isn'T It Ironic,Needs That Hair From Zoro,2
Isn'T It Ironic,Pamela Anderson,2
Isn'T It Ironic,Princess Jenny,2
Needs That Hair From Zoro,Pamela Anderson,2
Needs That Hair From Zoro,Princess Jenny,2
Pamela Anderson,Princess Jenny,2
Det Joe Recarey,Eric C Judson,2
Eric C Judson,Haley Robson,2
Eric C Judson,Jeff Epstein,2
Beef Knuckles,Tha Wild Child,2
Chanel Bunny,Tha Wild Child,2
Jeffrey Herman,Lanna Leigh Belohlavek,2
Adam Perry,Annie Taylor,2
Christina Orpiano,Shayna Casdorph,2
Daliah Weiss,Jeffrey Epstein,2
Jason S Weiss,Sandra Mcsorley,2
Joseph R Atterbury,Sandra Mcsorley,2
Capt Crunk,Daize Shayne,2
Capt Crunk,Did You Se,2
Capt Crunk,Florida Ca,2
Capt Crunk,Jennifer W,2
Capt Crunk,Jenny Hea,2
Capt Crunk,Keepin It,2
Capt Crunk,Old Man On,2
Capt Crunk,Pimp Juice,2
Capt Crunk,Smoking Is,2
Capt Crunk,That Last,2
Daize Shayne,Did You Se,2
Daize Shayne,Florida Ca,2
Daize Shayne,Jennifer W,2
Daize Shayne,Jenny Hea,2
Daize Shayne,Keepin It,2
Daize Shayne,Old Man On,2
Daize Shayne,Pimp Juice,2
Daize Shayne,Smoking Is,2
Daize Shayne,That Last,2
Did You Se,Florida Ca,2
Did You Se,Jennifer W,2
Did You Se,Jenny Hea,2
Did You Se,Keepin It,2
Did You Se,Old Man On,2
Did You Se,Pimp Juice,2
Did You Se,Smoking Is,2
Did You Se,That Last,2
Florida Ca,Jennifer W,2
Florida Ca,Jenny Hea,2
Florida Ca,Keepin It,2
Florida Ca,Old Man On,2
Florida Ca,Pimp Juice,2
Florida Ca,Smoking Is,2
Florida Ca,That Last,2
Jennifer W,Jenny Hea,2
Jennifer W,Keepin It,2
Jennifer W,Old Man On,2
Jennifer W,Pimp Juice,2
Jennifer W,Smoking Is,2
Jennifer W,That Last,2
Jenny Hea,Keepin It,2
Jenny Hea,Old Man On,2
Jenny Hea,Pimp Juice,2
Jenny Hea,Smoking Is,2
Jenny Hea,That Last,2
Keepin It,Old Man On,2
Keepin It,Pimp Juice,2
Keepin It,Smoking Is,2
Keepin It,That Last,2
Old Man On,Pimp Juice,2
Old Man On,Smoking Is,2
Old Man On,That Last,2
Pimp Juice,Smoking Is,2
Pimp Juice,That Last,2
Smoking Is,That Last,2
Mary Williams,Ronnie Lomar,2
Ronnie Lomar,Stacey Taylor,2
Ronnie Lomar,Veronica Montanez,2
Barry E Krischer,Sarah Kellen,2
Jeffrey Epstein,Michael S Reiter,2
John Alessi,Linda C Greene,2
John Alessi,Michael C Dawson,2
Juan Alessi,Michael C Dawson,2
Linda C Greene,Marie Alessi,2
Linda C Greene,Michael C Dawson,2
Linda C Greene,Sean Phillips,2
Marie Alessi,Michael C Dawson,2
Michael C Dawson,Sean Phillips,2
Im Not Conceited Im Confident,Moreeda Is In Maine,2
Barry Krischer,George Slattery,2
Barry Krischer,Jack A Goldberger,2
Barry Krischer,Jason S Weiss,2
Barry Krischer,Joseph R Atterbury,2
Barry Krischer,Scott N Richardson,2
George Slattery,Jason S Weiss,2
George Slattery,Jeffrey Epstein,2
George Slattery,Joseph R Atterbury,2
George Slattery,Scott N Richardson,2
Jack Goldberger,Sandra Mcsorley,2
Jack Goldberger,Stuart S Mermelstein,2
Adam D Horowitz,Jane Doe No. 3,2
Adam D Horowitz,Witness Y. Doe,2
Jane Doe No. 3,Jeffrey M Herman,2
Jane Doe No. 3,Stuart S Mermelstein,2
Jane Doe No. 3,Witness Y. Doe,2
Jeffrey Epstein,Witness Y. Doe,2
Jeffrey M Herman,Witness Y. Doe,2
Stuart S Mermelstein,Witness Y. Doe,2
Jeffrey Edward Epstein,S Skipper-Scott,2
Reyes Efrain,S Skipper-Scott,2
Lamine N'Diaye,Rosa Proto,2
Rosa Proto,Shirley V Skipper-Scott,2
Hugh Hurwitz,Lee Lofthus,2
Jeffrey Epstein,Jeffrey Mradt,2
Lamine N'Diave,Shirley V Skipper-Scott,2
Morning Watch Lieutenant,Morning Watch Operations Lieutenant,2
B Bc,Charisma Edge,2
C Edge,L N'Diaye,2
Judge Berman,L N'Diaye,2
Ad Thompson,Charisma Edge,2
Ad Thompson,James Petrucci,2
Ad Thompson,Marti Licon-Vitale,2
Lamine N'Diay,Shirley Skipper-Scott,2
Jeffrey Edward Epstein,Shirley V,2
Lamine N'Diaye,Shirley V,2
Jeffrey E,Jeffrey Edward Epstein,2
E Epstein,J Epstein,2
Acting Chief Psychologist,Case Management Coordinator,2
Acting Chief Psychologist,Judge Berman,2
Acting Chief Psychologist,Sis Lt,2
Case Management Coordinator,Judge Berman,2
Case Management Coordinator,Sis Lt,2
Judge Berman,Sis Lt,2
Aw Ss,B Bc,2
Jeffrey Epstein,Shirley V Skipper,2
Lamine N'Diaye,Ray Ormonde,2
Jeffrey Epstein,Serena Williams,2
Lamine N'Diaye,Serena Williams,2
Serena Williams,Shirley V Skipper-Scott,2
B Bc,J Epstein,2
Day Watch Operations Lieutenant,Morning Watch Lieutenant Captain,2
Evening Watch Operations Lieutenant,Morning Watch Lieutenant Captain,2
Morning Watch Lieutenant Captain,Morning Watch Operations Lieutenant,2
Lamine N'Diaye,Marti Licon-Vitale,2
Ray Ormond,Shirley V Skipper-Scot,2
Shirley Skipper-Scott,Shirley V Skipper-Scot,2
B Bc,Professor Jonathan David Farley,2
Benedict H Gross,Professor Jonathan David Farley,2
Jeffrey Epstein,Professor Jonathan David Farley,2
Professor Jonathan David Farley,S Allen Counter,2
James Petrucci,Michael Carroll,2
Marti Licon-Vitale,Michael Carroll,2
Im Matthews,Jeffrey Epstein,2
G Tali,M Colon,2
Christine Murray,Lamine Ndiaye,2
Jeffrey Epstein,Lamine Ndiaye,2
Lamine Ndiaye,Michael Greco,2
Lamine Ndiaye,Richard M Berman,2
Darrin Howard,James Petucci,2
J Sullivan,James Petucci,2
James Petucci,Judge Berman,2
James Petucci,Judge Sullivan,2
B Bc,Officer B Bc,2
Lieutenant B,Officer B Bc,2
Bruce H Colton,Jeffrey Epstein,2
Charisma Edge,Tracy Amaladas,2
Jeffrey Epstein,Tracy Amaladas,2
Charisma Owens,Jeffrey Epstein,2
Day Watch Activities Lieutenant,Day Watch Operations Lieutenant,2
Day Watch Activities Lieutenant,Shu Lieutenant,2
Day Watch Operations Lieutenant,Shu Lieutenant,2
James Petrucci,Michael Greco,2
Lee Plourde,Michael Greco,2
Hugh Hurwitz,Lamine N'Diaye,2
Hugh Hurwitz,Shirley V Skipper-Scott,2
Hugh Hurwitz,Sonya Thompson,2
Kevin Pistro,Lamine N'Diaye,2
Kevin Pistro,Shirley V Skipper-Scott,2
Kevin Pistro,Sonya Thompson,2
Lamine N'Diaye,Sonya Thompson,2
Hugh Hurwitz,Jeffery Keller,2
Jeffery Keller,Michael Carvajal,2
Chuck Grassley,Igor Zinoviev,2
Chuck Grassley,Jeffrey Epstein,2
Chuck Grassley,Ron Johnson,2
Chuck Grassley,William Barr,2
Igor Zinoviev,Jeffrey Epstein,2
Igor Zinoviev,Ron Johnson,2
Igor Zinoviev,William Barr,2
Jeffrey Epstein,Ron Johnson,2
Ron Johnson,William Barr,2
B Bc,Bill Cosby,2
James Petrucci,Michael Baden,2
Marti Licon-Vitale,Michael Baden,2
Howard James Petrucci,Jeffrey Epstein,2
Howard James Petrucci,Judge Berman,2
Howard James Petrucci,Marti Licon-Vitale,2
Howard James Petrucci,Warden Petrucci,2
Jeffrey Epstein,Warden Petrucci,2
Judge Berman,Marti Licon-Vitale,2
Marti Licon-Vitale,Warden Petrucci,2
Hugh Hurwitz,William Barr,2
Judge Sullivan,Warden Petrucci,2
James Petrucci,Nancy Ayers,2
Marti Licon-Vitale,Nancy Ayers,2
Adam Johnson,Lamine N'Diaye,2
Adam Johnson,Richard M Berman,2
Gtali Colon Meade,J Epstein,2
Hugh Hurwitz,Jeffrey Keller,2
James Wills,Jeffrey Keller,2
Jeffrey Keller,Michael Carvajal,2
Associate Warden,Electronics Technician,2
Associate Warden,Sis Lieutenant,2
G Tali Colon,J Epstein,2
Jeffery Epstein,Lee Plourde,2
Donald Trump,Hugh Hurwitz,2
Jeffrey Epstein,President Trump,2
Charisma Edge,James Petucci,2
James Petucci,Marti Licon-Vitale,2
James Petucci,Shirley V Skipper-Scott,2
Lieutenant B Bc,Officer B,2
Judge Richard M Berman,Warden N'Diaye,2
Jeffrey Epstein,Jonathan David Farley,2
Epstein'S Mother,Unit Manager,2
Lieutenant B Bc,Officer B Bc,2
Jeffrey Epstein,Jerry Dunleavy,2
Jerry Dunleavy,Michael Horowitz,2
Jerry Dunleavy,William Barr,2
Michael Horowitz,William Barr,2
Adnan Khashoggi,Ali Sadr,2
Adnan Khashoggi,Bernie Madoff,2
Adnan Khashoggi,Bill Cosby,2
Adnan Khashoggi,Dominique Strauss-Kahn,2
Adnan Khashoggi,Harvey Weinstein,2
Adnan Khashoggi,John Gotti,2
Adnan Khashoggi,Mahender Sabhnani,2
Adnan Khashoggi,Marc Dreier,2
Ali Sadr,Bernie Madoff,2
Ali Sadr,Bill Cosby,2
Ali Sadr,Dominique Strauss-Kahn,2
Ali Sadr,Harvey Weinstein,2
Ali Sadr,John Gotti,2
Ali Sadr,Mahender Sabhnani,2
Ali Sadr,Marc Dreier,2
Bernie Madoff,Bill Cosby,2
Bernie Madoff,Dominique Strauss-Kahn,2
Bernie Madoff,Harvey Weinstein,2
Bernie Madoff,John Gotti,2
Bernie Madoff,Mahender Sabhnani,2
Bill Cosby,Dominique Strauss-Kahn,2
Bill Cosby,John Gotti,2
Bill Cosby,Mahender Sabhnani,2
Bill Cosby,Marc Dreier,2
Dominique Strauss-Kahn,Harvey Weinstein,2
Dominique Strauss-Kahn,John Gotti,2
Dominique Strauss-Kahn,Mahender Sabhnani,2
Dominique Strauss-Kahn,Marc Dreier,2
Harvey Weinstein,John Gotti,2
Harvey Weinstein,Mahender Sabhnani,2
Harvey Weinstein,Marc Dreier,2
John Gotti,Mahender Sabhnani,2
John Gotti,Marc Dreier,2
Mahender Sabhnani,Marc Dreier,2
Alison J Nathan,Loretta A Preska,2
Alison J Nathan,Virginia L Giuffre,2
Alex Rossmiller,Daniel Patrick Moynihan,2
Alison Moe,Daniel Patrick Moynihan,2
Daniel Patrick Moynihan,Mark S Cohen,2
Daniel Patrick Moynihan,Maurene Comey,2
Allison Moe,Christian Everdell,2
Allison Moe,Laura A Menninger,2
Allison Moe,Mark Cohen,2
Laura A Menninger,Mark Cohen,2
Kristine Caraannante,Mark Stewart Cohen,2
Lea Harmon,Mark Stewart Cohen,2
Chief Judge,Leah Harmon,2
Chief Judge,The Court,2
Chief Judge,The Pretrial Services Officer,2
Kristen Carannante,Leah Harmon,2
Kristen Carannante,The Court,2
Kristen Carannante,The Pretrial Services Officer,2
The Court,The Pretrial Services Officer,2
Dashawn Robertson,David Oscar Markus,2
Defense Counsel,Other Authorized Persons,2
Defense Expertsadvisors,Other Authorized Persons,2
Defense Staff,Other Authorized Persons,2
Other Authorized Persons,Potential Defense Witnesses,2
Hannibal Lecter,Jeffrey Epstein,2
Alison Moe,Kristina Mcnamara,2
Andrea K Johnstone,Kristina Mcnamara,2
Ghislaine Maxwell,Kristina Mcnamara,2
Janice Bernard,Kristina Mcnamara,2
John Davis,Kristina Mcnamara,2
John S Davis,Kristina Mcnamara,2
Kristina Mcnamara,Lawrence Vogelman,2
Kristina Mcnamara,Susan Bateman,2
David Boies,Debra C Freeman,2
Daniel P Moynihan,Renee Mcreynolds,2
Christian Everdell,David Oscar Markus,2
Gleeson J,Maurene Comey,2
Debra Freeman,Jane Doe,2
Jeffrey S Pagliuca,Kristine Caraannante,2
Jeffrey S Pagliuca,Lea Harmon,2
David Oscar Markus,Won S Shin,2
Judge Nathan,Tiffany Days,2
Hellerstein J,Swain J,2
Jane Doe,Judge Nathan,2
Jane Doe,Judge Preska,2
Ghislaine Maxwell,Thomas Mckay,2
Ghislaine Maxwell,Won Shin,2
Lara Pomerantz,Thomas Mckay,2
Lara Pomerantz,Won Shin,2
Maurene Comey,Thomas Mckay,2
Maurene Comey,Won Shin,2
Alison J Nathan,Judge Koeltl,2
Christian R Everdell,Raymond J Lohier,2
Buchwald J,Engelmayr J,2
Daniels J,Engelmayr J,2
Engelmayr J,Furman J,2
Engelmayr J,Marrero J,2
Engelmayr J,Parker J,2
Engelmayr J,Preska J,2
Engelmayr J,Woods J,2
Julie Brown,Virginia L Giuffre,2
David Perry,Secretary Of State,2
Judge Duffey,Maxwell'S Spouse,2
Judge Duffey,William S Duffey,2
Maxwell'S Spouse,William S Duffey,2
Alison J Nathan,Bradley Edwards,2
Alison J Nathan,William Sweeney,2
Bradley Edwards,William Sweeney,2
David Boies,William Sweeney,2
Jeffrey Epstein,William Sweeney,2
Sigrid Mccawley,William Sweeney,2
Ghislaine Maxwell,Tiffany Days,2
Magistrate Judge Briones,Nathan J,2
Andrew Finkelman,Philippe Aegle,2
Doe 1,Loretta A Preska,2
Defense Counsel,Mdc Legal Counsel,2
Defense Counsel,Mdc Staff,2
Mdc Legal Counsel,Mdc Staff,2
Jeffrey Epstein,William Juli,2
Olivier Laude,William Juli,2
David Rodgers,Paula Epstein,2
Emmy Taylor,Joanne Tecluckaugh,2
Emmy Taylor,Shannon Killian,2
Jeffrey E Epstein,Joanne Tecluckaugh,2
Jeffrey E Epstein,Shannon Killian,2
Joanne Tecluckaugh,Shannon Killian,2
Greg Vincent,Jeffrey E Epstein,2
Neil S Binder,Paul A Engelmayer,2
Keith E Rooney,Philip Percival Whitcombe,2
Keith E Rooney,Ronald Hugh Baillie,2
Philip Percival Whitcombe,Ronald Hugh Baillie,2
Jeffrey E Epstein,Steve Kosslyn,2
G Maxwell,Jeanne Brennan,2
Jack P Hill,Jeffrey Epstein,2
Jack P Hill,Sarah Kellen,2
Cecilia Steen,Dave Rodgers,2
Cecilia Steen,Jeffrey Epste N,2
Cecilia Steen,Larry Visoski,2
Jeffrey E Epste N,Larry Visoski,2
Chris Wagner,David Rodafe,2
Chris Wagner,Gary Kerny,2
Chris Wagner,Gwendolyn Beck,2
David Rodafe,Gary Kerny,2
David Rodafe,Gwendolyn Beck,2
Gary Kerny,Gwendolyn Beck,2
Adam Perry Lang,Catherine Alexander,2
Adam Perry Lang,Emma Tayler,2
Adam Perry Lang,Harry Beller,2
Adam Perry Lang,Miles Alexander,2
Adam Perry Lang,Shelly Lewis,2
Catherine Alexander,Ghislain Maxwell,2
Catherine Alexander,Harry Beller,2
Catherine Alexander,Kirsti Ferguson,2
Catherine Alexander,Miles Alexander,2
Catherine Alexander,Sophie Biddle,2
Emma Tayler,Ghislain Maxwell,2
Emma Tayler,Kirsti Ferguson,2
Emma Tayler,Shelly Lewis,2
Emma Tayler,Sophie Biddle,2
Ghislain Maxwell,J Epstein,2
Ghislain Maxwell,Merwin Delacruz,2
Ghislain Maxwell,Miles Alexander,2
Ghislain Maxwell,Shelly Lewis,2
Harry Beller,J Epstein,2
Harry Beller,Kirsti Ferguson,2
Harry Beller,Merwin Delacruz,2
Harry Beller,Miles Alexander,2
Harry Beller,Sophie Biddle,2
J Epstein,Merwin Delacruz,2
Kirsti Ferguson,Miles Alexander,2
Kirsti Ferguson,Shelly Lewis,2
Miles Alexander,Sophie Biddle,2
Cecilia Steen,Leslie H Wexner,2
Frances Goldman,Jeffrey E Epstein,2
J Ruan,Jeffrey E Epstein,2
Francois Goffinet,Ghislain Maxwell,2
Ghislain Maxwell,Hasan Khan,2
Harry Beller,Hasan Khan,2
Manuela Stoetter,Sarah Kellen,2
Jonathan Mano,Virginia Roberts,2
Amanda Young,Maureen Comey,2
Maureen Comey,Paul Byrne,2
Helen Villard House,Nicole Hesse,2
J Epstein,Jeffrey E Epste N,2
J Epstein,Valdson Cotrin,2
Jeffrey E Epste N,Valdson Cotrin,2
Annie Farmer,Paul A Engelmayer,2
Annie Farmer,Richard M Berman,2
Richard M Berman,Sigrid Mccawley,2
Jay Clayton,Jeffrey Oestericher,2
Alger Hiss,Julius Rosenberg,2
Alexandra Dixon,Cecilia Steen,2
Alexandra Dixon,Jeffrey E Epstein,2
Ann Lawesson,Jeffrey E Epstein,2
Cecilia Steen,Mylene Jampanoi,2
Charles Miller,Richard Barnett,2
Christine Maxwell,Jeffrey E Epstein,2
D Oakley,Jeffrey E Epstein,2
Cecilia Steen,Martin Nowak,2
J K Rchner,Jeffrey E Epstein,2
J K Rchner,L Nda Stone,2
Jeffrey E Epstein,L Nda Stone,2
B Bonnett,Edwina Simmonds,2
B Bonnett,Jeffrey E Epstein,2
B Bonnett,Nick Simmons,2
Edwina Simmonds,Nick Simmons,2
Jeffrey E Epstein,Nick Simmons,2
Claire Hazel,Heather Mann,2
Cecilia Steen,Mar E Joseph Experton,2
Alan Dershowitz,Jeffrey E Epstein,2
Adam Perry Lang,Heather Mann,2
Claire Hazel,Shelly Lewis,2
Claire Hazel,Sophie Biddle,2
Claire Hazel,Victoria Hazel,2
Ghislain Maxwell,Heather Mann,2
Heather Mann,Kirsti Ferguson,2
Bobbi Sternheim,Robert Glassman,2
Christian Everdell,Robert Glassman,2
Laura Menninger,Robert Glassman,2
Jeffrey Epstein,Timothy J Ambrose,2
Alyssa Holubert,Cindy Lopez,2
Alyssa Holubert,Greg Holubert,2
Alyssa Holubert,Kristy Rodgers,2
Alyssa Holubert,Shelley Lewis,2
Cindy Lopez,Greg Holubert,2
Cindy Lopez,Kristy Rodgers,2
Greg Holubert,Kristy Rodgers,2
Greg Holubert,Shelley Lewis,2
Kristy Rodgers,Shelley Lewis,2
E Simmonds,Jeanne Brennan,2
Jeanne Brennan,K Vauchan Edwards,2
Jordan Fox,Todd Blanche,2
Christian R Everdell,Paul A Engelmayer,2
Mark S Cohen,Paul A Engelmayer,2
Bradley Edwards,Paul A Engelmayer,2
Ghislaine Maxwell,John Scarola,2
Helen H Kim,Jeffrey E Epstein,2
David Rodge,David Rothman,2
Darren Indyke,Jane Doe,2
Darren Indyke,Juan Alessi,2
Darren Indyke,Richard D Kahn,2
Jane Doe,Juan Alessi,2
Jeffrey Epstein,Richard D Kahn,2
Juan Alessi,Richard D Kahn,2
Darren Indyke,Jeffrey E Epstein,2
Darren Indyke,Sarah Kellen,2
Darren K Indyke,Lesley Groff,2
Lesley Groff,Richard D Kahn,2
Alan Stopeck,Francis Peadon,2
Alan Stopeck,Jerome Pierre,2
Francis Peadon,Jerome Pierre,2
Francis Peadon,Pastora Peadon,2
David Markus,Melissa Madrigal,2
Jeffrey E Epstein,K Vauchan Edwards,2
Donald Trump,Pam Bondi,2
David Markus,Todd Blanche,2
Melissa Madrigal,Todd Blanche,2
Cecilia Steen,Valdson Cotrin,2
Jeffrey E Epstein,Valdson Cotrin,2
G Maxwell,Jeffrey E Epste N,2
Bradley Edwards,Brittany Henderson,2
Bradley Edwards,Paul G Cassell,2
Brittany Henderson,Paul G Cassell,2
David Oscar Markus,Melissa Madrigal,2
Jeffrey Epstein,Judge Rakoff,2
Judge Preska,Judge Rakoff,2
E Simmonds,S Pascuzzi,2
Jeffrey E Epstein,S Pascuzzi,2
J B,J E,2
Jeffrey S Pagliuca,Paul A Engelmayer,2
Laura A Menninger,Paul A Engelmayer,2
Abigail Wexner,Cecilia Steen,2
Abigail Wexner,G Maxwell,2
Abigail Wexner,Jeffrey E Epstein,2
Abigail Wexner,Shannon Healy,2
G Maxwell,Shannon Healy,2
Ghislaine Maxwell,Pamela J Bondi,2
Jeffrey Epstein,Pamela J Bondi,2
Jeffrey E Epstein,Lauren Kwintner,2
Christine Maxwell,Jeffrey E Epste N,2
Dave Aronberg,Jeffrey Epstein,2
Jeffrey Epstein,Joseph Abruzzo,2
Alison Moe,Michael Dawson,2
Andrew Rohrbach,Michael Dawson,2
Bobbi Sternheim,Michael Dawson,2
Christian Everdell,Michael Dawson,2
Lara Pomerantz,Michael Dawson,2
Laura Menninger,Michael Dawson,2
Maurene Comey,Michael Dawson,2
Francisco Villacis,Melissa Dalton,2
Alberto Pinto,Cecilia Steen,2
D Cook,Diana Cook,2
D Cook,J Epstein,2
D Cook,Jeffrey E Epstein,2
Diana Cook,J Epstein,2
Diana Cook,Jeffrey E Epstein,2
Jeffrey E Epstein,M Brown,2
Edwina Simmonds,Lloyd Milton,2
Jeffrey E Epstein,Lloyd Milton,2
Keith E Rooney,Lady Hilda Monica Inglis,2
Keith E Rooney,Margaret Stuart Moore,2
Keith E Rooney,Philip Harold Whitcombe,2
Keith E Rooney,Richard Cuthbert Percival Whitcombe,2
Lady Hilda Monica Inglis,Margaret Stuart Moore,2
Lady Hilda Monica Inglis,Philip Harold Whitcombe,2
Lady Hilda Monica Inglis,Richard Cuthbert Percival Whitcombe,2
Margaret Stuart Moore,Philip Harold Whitcombe,2
Margaret Stuart Moore,Richard Cuthbert Percival Whitcombe,2
Philip Harold Whitcombe,Richard Cuthbert Percival Whitcombe,2
Audrey Rambault,David Rodgers,2
Audrey Rambault,Shannon Hgly,2
Audrey Rambault,Shelly Harrison,2
Audrey Rambault,Shelly Lewis,2
Audrey Rambault,Sophie Biddle,2
Audrey Rambault,Victoria Hazel,2
David Rodgers,Shannon Hgly,2
David Rodgers,Shelly Harrison,2
David Rodgers,Shelly Lewis,2
David Rodgers,Victoria Hazel,2
Shannon Hgly,Shelly Harrison,2
Shannon Hgly,Shelly Lewis,2
Shannon Hgly,Sophie Biddle,2
Shannon Hgly,Victoria Hazel,2
Shelly Harrison,Victoria Hazel,2
David Rodey,Ellen Spencer,2
David Rodey,Gwendolyn Beck,2
David Rodey,Joel Pashkow,2
David Rodey,Melinda Luntz,2
David Rodey,Sophie Biddle,2
Ellen Spencer,Gwendolyn Beck,2
Ellen Spencer,Joel Pashkow,2
Ellen Spencer,Melinda Luntz,2
Ellen Spencer,Sophie Biddle,2
Gwendolyn Beck,Joel Pashkow,2
Gwendolyn Beck,Melinda Luntz,2
Joel Pashkow,Melinda Luntz,2
Joel Pashkow,Sophie Biddle,2
Melinda Luntz,Sophie Biddle,2
Bruce A Green,David Boies,2
Bruce A Green,Richard M Berman,2
Bill Barr,David Golden,2
Bill Barr,Jeffrey Epstein,2
Darren Indyk,Deborah Anaya,2
Darren Indyk,Jeffrey Epstein,2
Alex Rossmiller,Henry B Pitman,2
Alex Rossmiller,Keyana Pompey,2
Alex Rossmiller,Tom Murray,2
Alison Moe,Henry B Pitman,2
Alison Moe,Keyana Pompey,2
Alison Moe,Maurene Ryan Comey,2
Amanda Young,Maurene Ryan Comey,2
Henry B Pitman,Keyana Pompey,2
Henry B Pitman,Lea Harmon,2
Henry B Pitman,Martin Weinberg,2
Henry B Pitman,Maurene Ryan Comey,2
Henry B Pitman,Reid Weingarten,2
Henry B Pitman,Richard M Berman,2
Henry B Pitman,Tom Murray,2
Jeffrey Epstein,Maurene Ryan Comey,2
Keyana Pompey,Martin Weinberg,2
Keyana Pompey,Maurene Ryan Comey,2
Keyana Pompey,Reid Weingarten,2
Keyana Pompey,Tom Murray,2
Lea Harmon,Martin Weinberg,2
Lea Harmon,Maurene Ryan Comey,2
Lea Harmon,Reid Weingarten,2
Lea Harmon,Tom Murray,2
Marc Fernich,Maurene Ryan Comey,2
Martin Weinberg,Maurene Ryan Comey,2
Maurene Ryan Comey,Paul Byrne,2
Maurene Ryan Comey,Reid Weingarten,2
Maurene Ryan Comey,Richard M Berman,2
Maurene Ryan Comey,Tom Murray,2
Joel Podgor,Richard M Berman,2
Geoffrey S Berman,Michael Miller,2
Maurene R Comey,Michael Miller,2
Jeffrey Epstein,Paula Epstein,2
Michael Casey,Paula Epstein,2
Jane Doe 8,Lisa Bloom,2
Laura Menninger,Virginia L Giuffre,2
Henry Pittman,Jeffrey Epstein,2
Jane Doe 8,Jeffrey Epstein,2
Ghislain Maxwell,Jeffrey S Pagliuca,2
Jeffrey Epstein,Lillian Hellman,2
Jeffrey Epstein,Mary Mccarthy,2
Jeffrey Epstein,Norman Mailer,2
Lillian Hellman,Mary Mccarthy,2
Lillian Hellman,Norman Mailer,2
Mary Mccarthy,Norman Mailer,2
Bill Cosby,Joaqun El Chapo Guzmn Loera,2
Harvey Weinstein,Joaqun El Chapo Guzmn Loera,2
Joaqun El Chapo Guzmn Loera,Keith Raniere,2
Brad Edwards,Judge Pickholz,2
Brad Edwards,Kate Sheehy,2
Brad Edwards,Reuven Fenton,2
Jeffrey Epstein,Judge Pickholz,2
Jeffrey Epstein,Kate Sheehy,2
Jeffrey Epstein,Reuven Fenton,2
Judge Pickholz,Kate Sheehy,2
Judge Pickholz,Reuven Fenton,2
Kate Sheehy,Reuven Fenton,2
Alexander Rossmiller,Reid Weingarten,2
Alison G Moe,Martin G Weinberg,2
Alison J Nathan,Victim 1,2
Alex Rossmiller,Ausa Moe,2
Alex Rossmiller,Ausa Rossmiller,2
Alex Rossmiller,Marc Allan Fernich,2
Alex Rossmiller,Martin Gary Weinberg,2
Alex Rossmiller,Martin R Weinberg,2
Ausa Moe,Ausa Rossmiller,2
Ausa Moe,Jeffrey Epstein,2
Ausa Moe,Marc Allan Fernich,2
Ausa Moe,Martin Gary Weinberg,2
Ausa Moe,Martin R Weinberg,2
Ausa Moe,Reid Weingarten,2
Ausa Moe,Richard M Berman,2
Ausa Rossmiller,Jeffrey Epstein,2
Ausa Rossmiller,Marc Allan Fernich,2
Ausa Rossmiller,Martin Gary Weinberg,2
Ausa Rossmiller,Martin R Weinberg,2
Ausa Rossmiller,Reid Weingarten,2
Ausa Rossmiller,Richard M Berman,2
Jeffrey Epstein,Martin R Weinberg,2
Marc Allan Fernich,Martin R Weinberg,2
Martin Gary Weinberg,Martin R Weinberg,2
Martin R Weinberg,Reid Weingarten,2
Martin R Weinberg,Richard M Berman,2
Gloria Allred,Richard M Berman,2
Audrey Strauss,Victor Gutierrez,2
Alex Rossmiller,Henry Pitman,2
Geoffrey S Berman,Henry Pitman,2
Christian R Everdell,Jeff Pagliuca,2
Christian R Everdell,Laura Menninger,2
Jeff Pagliuca,Mark S Cohen,2
Laura Menninger,Mark S Cohen,2
Alan Dershowitz,David Boies,2
David Boies,Martin G Weinberg,2
David Boies,Reid Weingarten,2
Martin G Weinberg,Maurene Comey,2
Alison J Nathan,Jean Luc Brunel,2
Annie Farmer,Jean Luc Brunel,2
Darren K Indyke,Jean Luc Brunel,2
Darren K Indyke,Maria Farmer,2
Debra C Freeman,Jean Luc Brunel,2
Debra C Freeman,Maria Farmer,2
Ghislaine Maxwell,L Menninger,2
Jean Luc Brunel,L Menninger,2
Jean Luc Brunel,Maria Farmer,2
L Menninger,Maria Farmer,2
Alison Moe,James Brochin,2
Alison Moe,James L Brochin,2
Alison Moe,John Moscato,2
Alison Moe,Michael Campion Miller,2
Alison Moe,Michael Gerard Scavelli,2
Amanda Young,James L Brochin,2
Amanda Young,Michael Campion Miller,2
Amanda Young,Michael Gerard Scavelli,2
James Brochin,James L Brochin,2
James Brochin,John Moscato,2
James Brochin,Michael Campion Miller,2
James Brochin,Michael Gerard Scavelli,2
James Brochin,Michael Miller,2
James Brochin,Tom Murray,2
James L Brochin,John Moscato,2
James L Brochin,Marc Fernich,2
James L Brochin,Martin Weinberg,2
James L Brochin,Michael Miller,2
James L Brochin,Paul Byrne,2
James L Brochin,Tom Murray,2
John Moscato,Michael Campion Miller,2
John Moscato,Michael Gerard Scavelli,2
John Moscato,Reid Weingarten,2
John Moscato,Tom Murray,2
Marc Fernich,Michael Campion Miller,2
Marc Fernich,Michael Gerard Scavelli,2
Martin Weinberg,Michael Campion Miller,2
Martin Weinberg,Michael Gerard Scavelli,2
Michael Campion Miller,Michael Miller,2
Michael Campion Miller,Paul Byrne,2
Michael Campion Miller,Tom Murray,2
Michael Gerard Scavelli,Michael Miller,2
Michael Gerard Scavelli,Paul Byrne,2
Michael Gerard Scavelli,Tom Murray,2
Michael Miller,Tom Murray,2
Chuck Weber,Jeffrey Epstein,2
Chuck Weber,Regina Chacon,2
Jeffrey Epstein,Regina Chacon,2
Alexander Rossmiller,Martin Weinberg,2
Ghislain Maxwell,Rina Danielson,2
Mariana Braylovskiy,Rina Danielson,2
David A Golden,Jeffrey Epstein,2
Alison J Nathan,Judge Carter,2
Alison Moe,Colleen Mcmahon,2
Alison Moe,Edward Friedland,2
Colleen Mcmahon,Martin Weinberg,2
Edward Friedland,Martin Weinberg,2
Jay Lefkowitz,Jennifer Gaffney,2
Jay Lefkowitz,Sandra Musumeci,2
Jay Lefkowitz,Vikki J Benkel,2
Jeffrey Epstein,Sandra Musumeci,2
Jeffrey Epstein,Vikki J Benkel,2
Jennifer Gaffney,Sandra Musumeci,2
Jennifer Gaffney,Vikki J Benkel,2
Sandra Musumeci,Vikki J Benkel,2
Alex Rossmiller,Francesca Tessier-Miller,2
Alex Rossmiller,James Brochin,2
Alex Rossmiller,Joseph Jaffe,2
Alex Rossmiller,Kelly Mcguirk,2
Alex Rossmiller,Kelly Surina,2
Alex Rossmiller,Kristen Carannante,2
Alex Rossmiller,Thomas Murray,2
Alison G Moe,Francesca Tessier-Miller,2
Alison G Moe,Kelly Mcguirk,2
Alison G Moe,Kelly Surina,2
Alison G Moe,Kristen Carannante,2
Alison G Moe,Thomas Murray,2
Amanda Young,Bernisa Mejia,2
Amanda Young,Dennis Khilkevich,2
Amanda Young,Joseph Jaffe,2
Amanda Young,Kelly Mcguirk,2
Amanda Young,Kelly Surina,2
Amanda Young,Kristen Carannante,2
Amanda Young,Thomas Murray,2
Bernisa Mejia,Dennis Khilkevich,2
Bernisa Mejia,Francesca Tessier-Miller,2
Bernisa Mejia,Paul Byrne,2
Dennis Khilkevich,Francesca Tessier-Miller,2
Dennis Khilkevich,Paul Byrne,2
Francesca Tessier-Miller,James Brochin,2
Francesca Tessier-Miller,Jeffrey Epstein,2
Francesca Tessier-Miller,Joseph Jaffe,2
Francesca Tessier-Miller,Kelly Mcguirk,2
Francesca Tessier-Miller,Kelly Surina,2
Francesca Tessier-Miller,Kristen Carannante,2
Francesca Tessier-Miller,Marc Fernich,2
Francesca Tessier-Miller,Martin Weinberg,2
Francesca Tessier-Miller,Reid Weingarten,2
Francesca Tessier-Miller,Richard M Berman,2
Francesca Tessier-Miller,Thomas Murray,2
James Brochin,Kelly Mcguirk,2
James Brochin,Kelly Surina,2
James Brochin,Kristen Carannante,2
James Brochin,Thomas Murray,2
Jeffrey Epstein,Kelly Mcguirk,2
Jeffrey Epstein,Kristen Carannante,2
Joseph Jaffe,Kelly Mcguirk,2
Joseph Jaffe,Kelly Surina,2
Joseph Jaffe,Kristen Carannante,2
Joseph Jaffe,Martin Weinberg,2
Joseph Jaffe,Paul Byrne,2
Joseph Jaffe,Thomas Murray,2
Kelly Mcguirk,Kelly Surina,2
Kelly Mcguirk,Marc Fernich,2
Kelly Mcguirk,Martin Weinberg,2
Kelly Mcguirk,Paul Byrne,2
Kelly Mcguirk,Reid Weingarten,2
Kelly Mcguirk,Richard M Berman,2
Kelly Mcguirk,Thomas Murray,2
Kelly Surina,Kristen Carannante,2
Kelly Surina,Marc Fernich,2
Kelly Surina,Martin Weinberg,2
Kelly Surina,Paul Byrne,2
Kelly Surina,Reid Weingarten,2
Kelly Surina,Richard M Berman,2
Kelly Surina,Thomas Murray,2
Kristen Carannante,Marc Fernich,2
Kristen Carannante,Martin Weinberg,2
Kristen Carannante,Paul Byrne,2
Kristen Carannante,Reid Weingarten,2
Kristen Carannante,Richard M Berman,2
Kristen Carannante,Thomas Murray,2
Marc Fernich,Thomas Murray,2
Martin Weinberg,Thomas Murray,2
Paul Byrne,Thomas Murray,2
Reid Weingarten,Thomas Murray,2
Richard M Berman,Thomas Murray,2
Leslie Wexner,Sigrid S Mccawley,2
Prince Andrew,Sigrid S Mccawley,2
Courtney Wild,Jane Doe,2
Ghislaine Maxwell,President Clinton,2
Alison J Moe,Geoffrey S Berman,2
Alison J Moe,Jeffrey Epstein,2
Alison J Moe,Martin G Weinberg,2
Jeffrey Epstein,Michael C Miller,2
Jeffrey S Pagliuca,Nicole Simmons,2
David Boies,Ellen Brockman,2
Ellen Brockman,Sigrid Mccawley,2
Jane Doe 7,Jeffrey Epstein,2
Jane Doe 7,Richard M Berman,2
Alison J Nathan,Lorna G Schofield,2
Annie Farmer,Lorna G Schofield,2
Darren K Indyke,Lorna G Schofield,2
Debra C Freeman,Lorna G Schofield,2
L Menninger,Lorna G Schofield,2
Alexander Rossmiller,Reid H Weingarten,2
Amanda Young,Martin G Weinberg,2
Amanda Young,Reid H Weingarten,2
Geoffrey S Berman,Reid H Weingarten,2
Jeffrey Epstein,Reid H Weingarten,2
Marc Fernich,Reid H Weingarten,2
Martin G Weinberg,Paul Byrne,2
Martin G Weinberg,Reid H Weingarten,2
Maurene R Comey,Reid H Weingarten,2
Paul Byrne,Reid H Weingarten,2
Andrew A Rohrbach,Ghislaine Maxwell,2
Cheryl Stevens,Jeffrey S Pagliuca,2
Individual I,Julie K Brown,2
Bruce Golding,Elizabeth Rosner,2
Bruce Golding,Jeffrey Epstein,2
Bruce Golding,Larry Celona,2
Bruce Golding,Michael B Mukasey,2
Bruce Golding,Tina Moore,2
Elizabeth Rosner,Jeffrey Epstein,2
Elizabeth Rosner,Larry Celona,2
Elizabeth Rosner,Michael B Mukasey,2
Elizabeth Rosner,Tina Moore,2
Jeffrey Epstein,Larry Celona,2
Jeffrey Epstein,Michael B Mukasey,2
Jeffrey Epstein,Tina Moore,2
Larry Celona,Michael B Mukasey,2
Larry Celona,Tina Moore,2
Michael B Mukasey,Tina Moore,2
Deborah Anaya,Ira Mark,2
Deborah Anaya,Richard M Berman,2
Deborah Anaya,Tara Ellman,2
Ira Mark,Richard M Berman,2
Ira Mark,Tara Ellman,2
Richard M Berman,Tara Ellman,2
Defendant'S Attorneys,Defendant'S Spouse,2
Martin G Weinberg,Maura S Doyle,2
Detective Recarey,Doe,2
Ghislain Maxwell,Sigrid S Mccawley,2
Bobbi C Sternheim,Bobbi Sternheim,2
Alex Rossmiller,David Boies,2
Andrew Rohrbach,Mark S Cohen,2
Eve Giniger,Laura Menninger,2
Bennett Gershman,Bobbi Sternheim,2
Bennett Gershman,Christian Everdell,2
Bennett Gershman,Jeff Pagliuca,2
Bennett Gershman,Laura Menninger,2
Bennett Gershman,Paula Speers,2
Bobbi Sternheim,Elizabeth Loftus,2
Bobbi Sternheim,Park Dietz,2
Bobbi Sternheim,Ryan Hall,2
Christian Everdell,Elizabeth Loftus,2
Christian Everdell,Park Dietz,2
Elizabeth Loftus,Jeff Pagliuca,2
Elizabeth Loftus,Laura Menninger,2
Elizabeth Loftus,Paula Speers,2
Jeff Pagliuca,Lisa Rocchio,2
Jeff Pagliuca,Park Dietz,2
Jeff Pagliuca,Ryan Hall,2
Laura Menninger,Park Dietz,2
Lisa Rocchio,Paula Speers,2
Park Dietz,Paula Speers,2
Paula Speers,Ryan Hall,2
Jason Erroy Foy,Kenneth E Brown,2
Kenneth E Brown,Rebekah Donaleski,2
Andrew Rohrbach,Katharine H Parker,2
Christian R Everdell,Sigrid Mccawley,2
Kelly Mcguirk,Rebecca Forman,2
Alison Moe,Joseph Pecorino,2
Alison Moe,Wendy Olson,2
Andrew Rohrbach,Joseph Pecorino,2
Andrew Rohrbach,Wendy Olson,2
Christian Everdell,Joseph Pecorino,2
Christian Everdell,Wendy Olson,2
Joseph Pecorino,Lara Pomerantz,2
Joseph Pecorino,Maurene Comey,2
Lara Pomerantz,Wendy Olson,2
Maurene Comey,Wendy Olson,2
Ghislain Maxwell,John M Leventhal,2
Alison J Nathan,Andrew Rohbach,2
Andrew Rohbach,Bobbi C Sternheim,2
Andrew Rohbach,Catherine O'Hagan Wolfe,2
Andrew Rohbach,Christian R Everdell,2
Andrew Rohbach,Ghislaine Maxwell,2
Geoffrey S Berman,Montel Figgins,2
Geoffrey S Berman,Sarah Netburn,2
Michael Thomas,Sarah Netburn,2
Sarah Netburn,Tova Noel,2
Alison J Nathan,Maureen Comey,2
Christy Prunier,David Doss,2
Christian Everdell,Vernon S Broderick,2
Goretti Moya,Vernon S Broderick,2
Jeffrey Pagliuca,Vernon S Broderick,2
Michael Mcdaniel,Vernon S Broderick,2
Alison Moe,Robert Y Lewis,2
Andrew Rohrbach,Robert Y Lewis,2
Bobbi C Sternheim,Wendy Olsen,2
Lara Pomerantz,Robert Y Lewis,2
Maurene Comey,Robert Y Lewis,2
Robert Y Lewis,Wendy Olsen,2
Alison Gainfort Moe,Sigrid S Mccawley,2
Maurene Ryan Comey,Sigrid S Mccawley,2
Alena Lynch,Kelly Mcguirk,2
Alena Lynch,Paula Speer,2
Kelly Mcguirk,Paula Speer,2
Moya Goretti,Paula Speer,2
David Markus,David Oscar Markus,2
Jeffrey Epstein,Kathleen Hawk Sawyer,2
Catherine O'Hagan Wolfe,Michael H Park,2
Ghislaine Maxwell,Michael H Park,2
Jeffrey S Pagliuca,Paula Speer,2
Catherine O'Hagan Wolfe,Diana Fabi Samson,2
Jeffrey Pagliuca,Jordana H Feldman,2
Jeffrey Pagliuca,Patrick J Smith,2
Jeffrey Pagliuca,Ryan Hall,2
Carol Ganley,Moya Goretti,2
Alison Moe,Judge Alison J Nathan,2
Andrew Rohrbach,Judge Alison J Nathan,2
Ghislaine Maxwell,Judge Alison J Nathan,2
Jordana H Feldman,Judge Alison J Nathan,2
Judge Alison J Nathan,Lara Pomerantz,2
Judge Alison J Nathan,Maurene Comey,2
Judge Alison J Nathan,Patrick J Smith,2
James E Foy,Nicolas Roos,2
James E Foy,Tova Noel,2
Jeffrey Pagliuca,Todd Spodek,2
Alison J Nathan,Chief Judge Brodie,2
Alison Moe,Chief Judge Brodie,2
Andrew Rohrbach,Chief Judge Brodie,2
Bobbi Sternheim,Chief Judge Brodie,2
Chief Judge Brodie,Ghislaine Maxwell,2
Chief Judge Brodie,Jeffrey S Pagliuca,2
Chief Judge Brodie,Lara Pomerantz,2
Ghislaine Maxwell,Katie Heidrick,2
Ghislaine Maxwell,Scott S Harris,2
Katie Heidrick,Scott S Harris,2
David Rockefeller,Henry Rosovsky,2
Jeffrey E Epstein,Will H Wallace,2
Alena Lynch,Jeffrey S Pagliuca,2
Goretti Moya,Paula Speer,2
Brent Tindall,Richard Barnett,2
Jeffrey Epstein,Richard Barnett,2
Analisa Torres,Damian Williams,2
Damian Williams,Michael Thomas,2
Damian Williams,Tova Noel,2
Michael Mcdaniel,Rebecca Forman,2
Michael Mcdaniel,Sonya Ketter Moore,2
Bobbi Sternheim,Laura A Menninger,2
Carol Ganley,Pete Brush,2
Christian Everdell,Pete Brush,2
Jeff Pagliuca,Pete Brush,2
Laura Menninger,Pete Brush,2
Maurene Comey,Pete Brush,2
Christian R Everdell,Stephen Flatley,2
Bobbi C Sternheim,Ghislain Maxwell,2
Christian Everdell,Matthew Russell Lee,2
Lara Pomerantz,Matthew Russell Lee,2
George Malinowski,Ryan Hall,2
Martha Martin,Ryan Hall,2
Alexander Hamilton,Bobbi C Sternheim,2
Kelly Surina,Maurene Comey,2
Maurene Comey,Mike Mcdaniel,2
Annie Farmer,James Marsh,2
James Marsh,Virginia Giuffre,2
Analisa Torres,Rebekah A Donaleski,2
Geoffrey S Berman,Jason E Foy,2
Geoffrey S Berman,Rebekah A Donaleski,2
Jason E Foy,Michael Thomas,2
Jason E Foy,Rebekah A Donaleski,2
Michael Thomas,Rebekah A Donaleski,2
Rebekah A Donaleski,Tova Noel,2
Jeffrey Epstein,Steve Hoffenberg,2
Kevin Spacey,Steve Hoffenberg,2
President Clinton,Steve Hoffenberg,2
Beth Moore,James Miller,2
Beth Moore,Molly Grabill,2
James Miller,Molly Grabill,2
Detective Recarey,Juan Alessi,2
Jack A Goldberger,Michael Tein,2
Jane Doe,Michael Tein,2
Lanna Belohlavek,Michael Tein,2
Michael Tein,Theodore J Leopold,2
Britany Beale,Christina Venero,2
Britany Beale,Janusz Banasaik,2
Britany Beale,Jerry Brabon,2
Britany Beale,Perry Bard,2
Britany Beale,Tatum Miller,2
Det Caristo,Roy Black,2
Nickie A Altomaro,Roy Black,2
Anita De Domenico,Benny Roybal,2
Anita De Domenico,Bill Robbins,2
Anita De Domenico,Daniel D Villanueva,2
Anita De Domenico,Deborah Dozier Potter,2
Anita De Domenico,Guy Riordan,2
Anita De Domenico,Mohammed Aysheh,2
Anita De Domenico,Nick Kapnison,2
Anita De Domenico,Odis Echols,2
Benny Roybal,Bill Robbins,2
Benny Roybal,Daniel D Villanueva,2
Benny Roybal,Deborah Dozier Potter,2
Benny Roybal,Guy Riordan,2
Benny Roybal,Mohammed Aysheh,2
Benny Roybal,Nick Kapnison,2
Benny Roybal,Odis Echols,2
Bill Robbins,Daniel D Villanueva,2
Bill Robbins,Deborah Dozier Potter,2
Bill Robbins,Guy Riordan,2
Bill Robbins,Mohammed Aysheh,2
Bill Robbins,Nick Kapnison,2
Bill Robbins,Odis Echols,2
Daniel D Villanueva,Deborah Dozier Potter,2
Daniel D Villanueva,Guy Riordan,2
Daniel D Villanueva,Mohammed Aysheh,2
Daniel D Villanueva,Nick Kapnison,2
Daniel D Villanueva,Odis Echols,2
Deborah Dozier Potter,Guy Riordan,2
Deborah Dozier Potter,Mohammed Aysheh,2
Deborah Dozier Potter,Nick Kapnison,2
Deborah Dozier Potter,Odis Echols,2
Guy Riordan,Mohammed Aysheh,2
Guy Riordan,Nick Kapnison,2
Guy Riordan,Odis Echols,2
Mohammed Aysheh,Nick Kapnison,2
Mohammed Aysheh,Odis Echols,2
Nick Kapnison,Odis Echols,2
Ghislaine N Maxwell,Haley Robson,2
Ghislaine N Maxwell,Jeff Robson,2
Ghislaine N Maxwell,Nada Marcinkova,2
Haley Robson,Jeff Robson,2
Jeff Robson,Nada Marcinkova,2
Jeffrey Epstein,Lauren Murphy,2
Lauren Murphy,Sarah Kellen,2
J E,J F,2
Gilbert Gallegos,Robert Rivera,2
Bill Hammond,David Mullen,2
Alfredo Rodriguez,Recarey Joseph,2
Michael R Tein,Theodore J Leopold,2
Andreana Muncinska,Dave Rodgers,2
Andreana Muncinska,Jeffrey Epstein,2
Andreana Muncinska,Larry Morrison,2
Dana Burns,Doug Shuttle,2
Dana Burns,Mark Zeff,2
Doug Shuttle,Jeffrey Epstein,2
Doug Shuttle,Mark Zeff,2
Doug Shuttle,Sarah Kellen,2
Joseph Recarey,Laura Johnson,2
Lucille Smith,Michele Pagan,2
Altomaro Nickie A,Bates Michael J,2
Gerald Imber Md,Herman Tabet,2
Gerald Imber Md,Jane Rosenthal,2
Gerald Imber Md,Jerry Della Femina,2
Gerald Imber Md,Joe P Garcia,2
Gerald Imber Md,John C Whitehead,2
Gerald Imber Md,John J Moores,2
Gerald Imber Md,John W Himes,2
Gerald Imber Md,Josephine M Eastman,2
Gerald Imber Md,Julio Ramirez,2
Gerald Imber Md,Karen Durkovich,2
Herman Tabet,Jane Rosenthal,2
Herman Tabet,Jerry Della Femina,2
Herman Tabet,Joe P Garcia,2
Herman Tabet,John C Whitehead,2
Herman Tabet,John J Moores,2
Herman Tabet,John W Himes,2
Herman Tabet,Josephine M Eastman,2
Herman Tabet,Julio Ramirez,2
Herman Tabet,Karen Durkovich,2
Jane Rosenthal,Jerry Della Femina,2
Jane Rosenthal,Joe P Garcia,2
Jane Rosenthal,John C Whitehead,2
Jane Rosenthal,John J Moores,2
Jane Rosenthal,John W Himes,2
Jane Rosenthal,Josephine M Eastman,2
Jane Rosenthal,Julio Ramirez,2
Jane Rosenthal,Karen Durkovich,2
Jerry Della Femina,Joe P Garcia,2
Jerry Della Femina,John C Whitehead,2
Jerry Della Femina,John J Moores,2
Jerry Della Femina,John W Himes,2
Jerry Della Femina,Josephine M Eastman,2
Jerry Della Femina,Julio Ramirez,2
Jerry Della Femina,Karen Durkovich,2
Joe P Garcia,John C Whitehead,2
Joe P Garcia,John J Moores,2
Joe P Garcia,John W Himes,2
Joe P Garcia,Josephine M Eastman,2
Joe P Garcia,Julio Ramirez,2
Joe P Garcia,Karen Durkovich,2
John C Whitehead,John J Moores,2
John C Whitehead,John W Himes,2
John C Whitehead,Josephine M Eastman,2
John C Whitehead,Julio Ramirez,2
John C Whitehead,Karen Durkovich,2
John J Moores,John W Himes,2
John J Moores,Josephine M Eastman,2
John J Moores,Julio Ramirez,2
John J Moores,Karen Durkovich,2
John W Himes,Josephine M Eastman,2
John W Himes,Julio Ramirez,2
John W Himes,Karen Durkovich,2
Josephine M Eastman,Julio Ramirez,2
Josephine M Eastman,Karen Durkovich,2
Julio Ramirez,Karen Durkovich,2
Dave Rodgers,Larry Visoki,2
Det Recarey,J Consor,2
Sandra K Mcsorley,Theodore Leopold,2
Joe Recarey,Sharon R Bock,2
Bill Clinton,Bill Richardson,2
Bill Richardson,Christopher Dodd,2
Bill Richardson,Joe Lieberman,2
Christopher Dodd,Ghislaine Maxwell,2
Ghislaine Maxwell,Joe Lieberman,2
Douglas Schoettle,Haley Robson,2
Douglas Schoettle,Heidi Fleiss,2
Douglas Schoettle,Hugh Hefner,2
Douglas Schoettle,Jeffrey Epstein,2
Douglas Schoettle,Nada Marcinkova,2
Douglas Schoettle,Sarah Kellen,2
Haley Robson,Hugh Hefner,2
Haley Robson,Mark Zeff,2
Heidi Fleiss,Hugh Hefner,2
Heidi Fleiss,Mark Zeff,2
Heidi Fleiss,Nada Marcinkova,2
Hugh Hefner,Jeffrey Epstein,2
Hugh Hefner,Mark Zeff,2
Hugh Hefner,Nada Marcinkova,2
Hugh Hefner,Sarah Kellen,2
Mark Zeff,Nada Marcinkova,2
Jeff Sloman,Marie Villafona,2
Jane Doe No. 1,Jeffrey Epstein,2
Jane Doe No. 1,Jeffrey Herman,2
Jane Doe No. 1,Theodore Leopold,2
Jeffrey Herman,Theodore Leopold,2
Jack Goldberger,Michael Reiter,2
Jeffrey Epstein,Jennifer Lopez,2
Barbara Burns,Jeffrey E Epstein,2
Barbara Burns,Lanna Belohlavek,2
Bill Clinton,Jack Goldberg,2
Bill Clinton,Nicole Janok,2
Donald Trump,Jack Goldberg,2
Jack Goldberg,Kevin Spacey,2
Jack Goldberg,Mike Edmondson,2
Jack Goldberg,Nicole Janok,2
Kevin Spacey,Mike Edmondson,2
Mike Edmondson,Nicole Janok,2
Altomaro Nickie A,Detective Melnichok,2
Detective Melnichok,Jeffrey Epstein,2
Detective Melnichok,Recarey Joseph,2
Craig Eaton,Nadia Marcinkova,2
Daliah Weiss,Joseph Recarey,2
Daliah Weiss,Nickie A Altomaro,2
Ghaline Maxwell,Joseph Recarey,2
Ghaline Maxwell,Nickie A Altomaro,2
Johanna Sjoberg,Joseph Recarey,2
Johanna Sjoberg,Nickie A Altomaro,2
Joseph Recarey,Nadia Marcinkova,2
Joseph Recarey,Thomas Rofrano,2
Nadia Marcinkova,Nickie A Altomaro,2
Nickie A Altomaro,Thomas Rofrano,2
Arnold J Rael,Colleen Maloof,2
Arnold J Rael,Dennis M Langley,2
Arnold J Rael,Leo Sims,2
Arnold J Rael,Paul E Cook,2
Arnold J Rael,Thomas M Valenzuela,2
Arnold J Rael,Tommy Hughes,2
Colleen Maloof,Dennis M Langley,2
Colleen Maloof,Leo Sims,2
Colleen Maloof,Paul E Cook,2
Colleen Maloof,Thomas M Valenzuela,2
Colleen Maloof,Tommy Hughes,2
Dennis M Langley,Leo Sims,2
Dennis M Langley,Paul E Cook,2
Dennis M Langley,Thomas M Valenzuela,2
Dennis M Langley,Tommy Hughes,2
Leo Sims,Paul E Cook,2
Leo Sims,Thomas M Valenzuela,2
Leo Sims,Tommy Hughes,2
Paul E Cook,Thomas M Valenzuela,2
Paul E Cook,Tommy Hughes,2
Thomas M Valenzuela,Tommy Hughes,2
Joseph Recarey,Officer Minot,2
Joseph Recarey,Officer Munyan,2
Joseph Recarey,Officer Pagan,2
Joseph Recarey,Sgt Sorge,2
Nada Marcinkova,Officer Minot,2
Nada Marcinkova,Officer Munyan,2
Nada Marcinkova,Officer Pagan,2
Nada Marcinkova,Sgt Sorge,2
Nickie A Altomaro,Officer Minot,2
Nickie A Altomaro,Officer Munyan,2
Nickie A Altomaro,Officer Pagan,2
Nickie A Altomaro,Sgt Sorge,2
Officer Minot,Officer Munyan,2
Officer Minot,Officer Pagan,2
Officer Minot,Sgt Sorge,2
Officer Munyan,Officer Pagan,2
Officer Munyan,Sgt Sorge,2
Officer Pagan,Sgt Sorge,2
Alan Dershowitz,Michael Reiter,2
Ann Coulter,Danny Abraham,2
Ann Coulter,Edgar Allan Poe,2
Ann Coulter,Haley Robson,2
Ann Coulter,Jos Lambiet,2
Ann Coulter,Kenneth Starr,2
Ann Coulter,Michael Reiter,2
Ann Coulter,Michael Resnick,2
Ann Coulter,Peggy Siegal,2
Ann Coulter,Philip Roth,2
Ann Coulter,Rush Limbaugh,2
Ann Coulter,Sarah Kellen,2
Ann Coulter,William Kennedy Smith,2
Danny Abraham,Edgar Allan Poe,2
Danny Abraham,Haley Robson,2
Danny Abraham,Jos Lambiet,2
Danny Abraham,Kenneth Starr,2
Danny Abraham,Michael Reiter,2
Danny Abraham,Michael Resnick,2
Danny Abraham,Peggy Siegal,2
Danny Abraham,Philip Roth,2
Danny Abraham,Rush Limbaugh,2
Danny Abraham,Sarah Kellen,2
Danny Abraham,William Kennedy Smith,2
Edgar Allan Poe,Haley Robson,2
Edgar Allan Poe,Jos Lambiet,2
Edgar Allan Poe,Kenneth Starr,2
Edgar Allan Poe,Michael Reiter,2
Edgar Allan Poe,Michael Resnick,2
Edgar Allan Poe,Peggy Siegal,2
Edgar Allan Poe,Philip Roth,2
Edgar Allan Poe,Rush Limbaugh,2
Edgar Allan Poe,Sarah Kellen,2
Edgar Allan Poe,William Kennedy Smith,2
Haley Robson,Jos Lambiet,2
Haley Robson,Kenneth Starr,2
Haley Robson,Michael Resnick,2
Haley Robson,Peggy Siegal,2
Haley Robson,Philip Roth,2
Haley Robson,Rush Limbaugh,2
Haley Robson,William Kennedy Smith,2
Jeffrey Epstein,William Kennedy Smith,2
Jos Lambiet,Kenneth Starr,2
Jos Lambiet,Michael Reiter,2
Jos Lambiet,Michael Resnick,2
Jos Lambiet,Peggy Siegal,2
Jos Lambiet,Philip Roth,2
Jos Lambiet,Rush Limbaugh,2
Jos Lambiet,Sarah Kellen,2
Jos Lambiet,William Kennedy Smith,2
Kenneth Starr,Michael Reiter,2
Kenneth Starr,Michael Resnick,2
Kenneth Starr,Peggy Siegal,2
Kenneth Starr,Philip Roth,2
Kenneth Starr,Rush Limbaugh,2
Kenneth Starr,Sarah Kellen,2
Kenneth Starr,William Kennedy Smith,2
Michael Reiter,Michael Resnick,2
Michael Reiter,Peggy Siegal,2
Michael Reiter,Philip Roth,2
Michael Resnick,Peggy Siegal,2
Michael Resnick,Philip Roth,2
Michael Resnick,Rush Limbaugh,2
Michael Resnick,Sarah Kellen,2
Michael Resnick,William Kennedy Smith,2
Peggy Siegal,Philip Roth,2
Peggy Siegal,Rush Limbaugh,2
Peggy Siegal,Sarah Kellen,2
Peggy Siegal,William Kennedy Smith,2
Philip Roth,Rush Limbaugh,2
Philip Roth,Sarah Kellen,2
Philip Roth,William Kennedy Smith,2
Rush Limbaugh,Sarah Kellen,2
Sarah Kellen,William Kennedy Smith,2
Capt Gudger,Joseph Recarey,2
Capt Gudger,Judge Laura Johnson,2
Capt Gudger,Nickie A Altomaro,2
Det Dawson,Judge Laura Johnson,2
Det Dicks,Judge Laura Johnson,2
Det Krauel,Judge Laura Johnson,2
Det Melnichok,Joseph Recarey,2
Det Melnichok,Judge Laura Johnson,2
Det Melnichok,Nickie A Altomaro,2
Det Sandman,Judge Laura Johnson,2
Judge Laura Johnson,Sgt Frick,2
Curtis D Krauel,Joseph Recarey,2
Adriana Mucinska,Detective Michelle Pagan,2
Adriana Mucinska,Detective Pagan,2
Adriana Mucinska,Joanne G,2
Adriana Mucinska,Tony Higgins,2
Detective Michelle Pagan,Detective Pagan,2
Detective Michelle Pagan,Jeffrey Epstein,2
Detective Michelle Pagan,Joanne G,2
Detective Michelle Pagan,Tony Higgins,2
Detective Pagan,Joanne G,2
Jeffrey Epstein,Joanne G,2
Joanne G,Tony Higgins,2
Det Joe Recarey,Heidi Fliess,2
Chuck Yeager,Dick Painter,2
Det Recarey,Jesse Jones,2
Jeff Williams,Jesse Jones,2
Jeffrey Epstein,Jesse Jones,2
Beef Knuckles,Jibby J,2
Garrett Stein,Pimp Juice,2
Al Gore,Colleen Maloof,2
Al Gore,Gavin Maloof,2
Al Gore,Gray Davis,2
Colleen Maloof,Gavin Maloof,2
Colleen Maloof,Gray Davis,2
Gavin Maloof,Gray Davis,2
Det Caristo,Perry Bard,2
Robert R Hopper,Roberta Cooper Ramo,2
Robert R Hopper,Roy L Owen,2
Robert R Hopper,Solomon D Trujillo,2
Robert R Hopper,Stephen Durkovich,2
Robert R Hopper,Stephen Rattner,2
Robert R Hopper,Steve J Abraham,2
Roberta Cooper Ramo,Roy L Owen,2
Roberta Cooper Ramo,Solomon D Trujillo,2
Roberta Cooper Ramo,Stephen Durkovich,2
Roberta Cooper Ramo,Stephen Rattner,2
Roberta Cooper Ramo,Steve J Abraham,2
Roy L Owen,Solomon D Trujillo,2
Roy L Owen,Stephen Durkovich,2
Roy L Owen,Stephen Rattner,2
Roy L Owen,Steve J Abraham,2
Solomon D Trujillo,Stephen Durkovich,2
Solomon D Trujillo,Stephen Rattner,2
Solomon D Trujillo,Steve J Abraham,2
Stephen Durkovich,Stephen Rattner,2
Stephen Durkovich,Steve J Abraham,2
Stephen Rattner,Steve J Abraham,2
Barbara J Burns,Jeffrey Colbath,2
Jeffrey Colbath,Larry Visoski,2
Altomaro Nickie A,Det Dawson,2
Det Dawson,Recary Joseph,2
Haley Robson,Paul Turner,2
Haley Robson,Recary Joseph,2
Beef Knuckles,I Heart Garrett Stein,2
Chanel Bunny,I Heart Garrett Stein,2
Nick Antico,Steven Lavelle,2
Christina Venero,Dana Burns,2
Christina Venero,Ghislaine Maxwell,2
Andrea Musinska,Larry Visoski,2
D Hammond,Jeffrey Epstein,2
D Hammond,Larry Visoski,2
D Hammond,Sarah Kellen,2
Altomaro Nickie A,Recarby Joseph,2
Jeffrey Epstein,Recarby Joseph,2
Alfredo Rodriguez,Sgt Frick,2
Juan Alessi,Sgt Frick,2
Christina Venero,Sara Kellen,2
Janusz Babasaik,Sara Kellen,2
Janusz Banasaik,Sara Kellen,2
Jeffrey Epstein,Sara Kellen,2
Johanna Sjoberg,Sara Kellen,2
Perry Bard,Sara Kellen,2
S Rosen,Sara Kellen,2
Sara Kellen,Ta Rofano,2
Robbie Shergan,Steven Lavelle,2
Diane Denish,Gavin P Maloof,2
Diane Denish,Jeffrey E Epstein,2
Diane Denish,John Hess,2
Diane Denish,John L Tishman,2
Diane Denish,Nancy Bloch,2
Diane Denish,Richard Bloch,2
Diane Denish,Steven E Cauley,2
Gavin P Maloof,Jeffrey E Epstein,2
Gavin P Maloof,John Hess,2
Gavin P Maloof,John L Tishman,2
Gavin P Maloof,Nancy Bloch,2
Gavin P Maloof,Richard Bloch,2
Gavin P Maloof,Steven E Cauley,2
Jeffrey E Epstein,John Hess,2
Jeffrey E Epstein,John L Tishman,2
Jeffrey E Epstein,Nancy Bloch,2
Jeffrey E Epstein,Richard Bloch,2
Jeffrey E Epstein,Steven E Cauley,2
John Hess,John L Tishman,2
John Hess,Nancy Bloch,2
John Hess,Richard Bloch,2
John Hess,Steven E Cauley,2
John L Tishman,Nancy Bloch,2
John L Tishman,Richard Bloch,2
John L Tishman,Steven E Cauley,2
Nancy Bloch,Richard Bloch,2
Nancy Bloch,Steven E Cauley,2
Richard Bloch,Steven E Cauley,2
Aileen Josephs,Alexader Acosta,2
Aileen Josephs,Rolando Garcia,2
Alexader Acosta,La Tosha Lowe,2
Alexader Acosta,Rolando Garcia,2
La Tosha Lowe,Rolando Garcia,2
Aileen Josephs,Guy Lewis,2
Guy Lewis,La Tosha Lowe,2
Guy Lewis,Lana Belohavek,2
Andrew Marra,Angelica Cortez,2
Andrew Marra,Barry Krischer,2
Andrew Marra,Larry Keller,2
Andrew Marra,Michael Reiter,2
Angelica Cortez,Barry Krischer,2
Angelica Cortez,Jeffrey Epstein,2
Angelica Cortez,Larry Keller,2
Angelica Cortez,Michael Reiter,2
Barry Krischer,Roy Black,2
Barry Krischer,William Kennedy Smith,2
Larry Keller,Roy Black,2
Michael Reiter,Roy Black,2
Christina Venero,Janusz Banasiak,2
Abdul A Mintoo,Ernest Montoya,2
Abdul A Mintoo,Monica Barreras,2
Abdul A Mintoo,Robert L Wright,2
Abdul A Mintoo,S Gene Cauley,2
Abdul A Mintoo,Thomas C Dillenberg,2
Abdul A Mintoo,Tom Rutherford,2
Abdul A Mintoo,Trevor Loy,2
Abdul A Mintoo,Turner W Branch,2
Abdul A Mintoo,William Himes,2
Ernest Montoya,Monica Barreras,2
Ernest Montoya,Robert L Wright,2
Ernest Montoya,S Gene Cauley,2
Ernest Montoya,Thomas C Dillenberg,2
Ernest Montoya,Tom Rutherford,2
Ernest Montoya,Trevor Loy,2
Ernest Montoya,Turner W Branch,2
Ernest Montoya,William Himes,2
Monica Barreras,Robert L Wright,2
Monica Barreras,S Gene Cauley,2
Monica Barreras,Thomas C Dillenberg,2
Monica Barreras,Tom Rutherford,2
Monica Barreras,Trevor Loy,2
Monica Barreras,Turner W Branch,2
Monica Barreras,William Himes,2
Robert L Wright,S Gene Cauley,2
Robert L Wright,Thomas C Dillenberg,2
Robert L Wright,Tom Rutherford,2
Robert L Wright,Trevor Loy,2
Robert L Wright,Turner W Branch,2
Robert L Wright,William Himes,2
S Gene Cauley,Thomas C Dillenberg,2
S Gene Cauley,Tom Rutherford,2
S Gene Cauley,Trevor Loy,2
S Gene Cauley,Turner W Branch,2
S Gene Cauley,William Himes,2
Thomas C Dillenberg,Tom Rutherford,2
Thomas C Dillenberg,Trevor Loy,2
Thomas C Dillenberg,Turner W Branch,2
Thomas C Dillenberg,William Himes,2
Tom Rutherford,Trevor Loy,2
Tom Rutherford,Turner W Branch,2
Tom Rutherford,William Himes,2
Trevor Loy,Turner W Branch,2
Trevor Loy,William Himes,2
Turner W Branch,William Himes,2
Det Joseph Recarey,Lanna Belohlavek,2
Oregero Laura,Pagan Michele,2
Oregero Laura,Robson Haley,2
Oregero Laura,Trylch Jeffrey,2
Pagan Michele,Robson Haley,2
Pagan Michele,Trylch Jeffrey,2
Robson Haley,Trylch Jeffrey,2
Alberto Pinto,Casey Wasserman,2
Alberto Pinto,Chris Tucker,2
Alberto Pinto,Eva Andersson Dubin,2
Alberto Pinto,Ghislaine Maxwell,2
Alberto Pinto,J P Morgan,2
Alberto Pinto,Jacques Chirac,2
Alberto Pinto,Kevin Spacey,2
Alberto Pinto,Leah Kleman,2
Alberto Pinto,Leon Black,2
Alberto Pinto,Lew Wasserman,2
Alberto Pinto,Louis Ranieri,2
Alberto Pinto,Marquis De Sade,2
Alberto Pinto,Mort Zuckerman,2
Alberto Pinto,Nathan Myhrvold,2
Alberto Pinto,Paula Heil Fisher,2
Alberto Pinto,Ralph Lauren,2
Alberto Pinto,Robert Maxwell,2
Alberto Pinto,Ron Burkle,2
Alberto Pinto,Ronald Perelman,2
Alberto Pinto,Rosa Monckton,2
Alberto Pinto,Tom Pritzker,2
Casey Wasserman,Chris Tucker,2
Casey Wasserman,Eva Andersson Dubin,2
Casey Wasserman,J P Morgan,2
Casey Wasserman,Jacques Chirac,2
Casey Wasserman,Kevin Spacey,2
Casey Wasserman,Leah Kleman,2
Casey Wasserman,Leon Black,2
Casey Wasserman,Lew Wasserman,2
Casey Wasserman,Louis Ranieri,2
Casey Wasserman,Marquis De Sade,2
Casey Wasserman,Mort Zuckerman,2
Casey Wasserman,Nathan Myhrvold,2
Casey Wasserman,Paula Heil Fisher,2
Casey Wasserman,Ralph Lauren,2
Casey Wasserman,Robert Maxwell,2
Casey Wasserman,Ron Burkle,2
Casey Wasserman,Ronald Perelman,2
Casey Wasserman,Rosa Monckton,2
Casey Wasserman,Tom Pritzker,2
Chris Tucker,Eva Andersson Dubin,2
Chris Tucker,J P Morgan,2
Chris Tucker,Jacques Chirac,2
Chris Tucker,Leah Kleman,2
Chris Tucker,Leon Black,2
Chris Tucker,Lew Wasserman,2
Chris Tucker,Louis Ranieri,2
Chris Tucker,Marquis De Sade,2
Chris Tucker,Mort Zuckerman,2
Chris Tucker,Nathan Myhrvold,2
Chris Tucker,Paula Heil Fisher,2
Chris Tucker,Ralph Lauren,2
Chris Tucker,Ron Burkle,2
Chris Tucker,Ronald Perelman,2
Chris Tucker,Rosa Monckton,2
Chris Tucker,Tom Pritzker,2
Eva Andersson Dubin,Ghislaine Maxwell,2
Eva Andersson Dubin,J P Morgan,2
Eva Andersson Dubin,Jacques Chirac,2
Eva Andersson Dubin,Jeffrey Epstein,2
Eva Andersson Dubin,Kevin Spacey,2
Eva Andersson Dubin,Leah Kleman,2
Eva Andersson Dubin,Leon Black,2
Eva Andersson Dubin,Lew Wasserman,2
Eva Andersson Dubin,Louis Ranieri,2
Eva Andersson Dubin,Marquis De Sade,2
Eva Andersson Dubin,Mort Zuckerman,2
Eva Andersson Dubin,Nathan Myhrvold,2
Eva Andersson Dubin,Paula Heil Fisher,2
Eva Andersson Dubin,Ralph Lauren,2
Eva Andersson Dubin,Robert Maxwell,2
Eva Andersson Dubin,Ron Burkle,2
Eva Andersson Dubin,Ronald Perelman,2
Eva Andersson Dubin,Rosa Monckton,2
Eva Andersson Dubin,Tom Pritzker,2
Ghislaine Maxwell,J P Morgan,2
Ghislaine Maxwell,Jacques Chirac,2
Ghislaine Maxwell,Leah Kleman,2
Ghislaine Maxwell,Leon Black,2
Ghislaine Maxwell,Lew Wasserman,2
Ghislaine Maxwell,Louis Ranieri,2
Ghislaine Maxwell,Marquis De Sade,2
Ghislaine Maxwell,Nathan Myhrvold,2
Ghislaine Maxwell,Paula Heil Fisher,2
Ghislaine Maxwell,Ralph Lauren,2
Ghislaine Maxwell,Ron Burkle,2
Ghislaine Maxwell,Ronald Perelman,2
Ghislaine Maxwell,Tom Pritzker,2
J P Morgan,Jacques Chirac,2
J P Morgan,Kevin Spacey,2
J P Morgan,Leah Kleman,2
J P Morgan,Leon Black,2
J P Morgan,Lew Wasserman,2
J P Morgan,Louis Ranieri,2
J P Morgan,Marquis De Sade,2
J P Morgan,Mort Zuckerman,2
J P Morgan,Nathan Myhrvold,2
J P Morgan,Paula Heil Fisher,2
J P Morgan,Ralph Lauren,2
J P Morgan,Robert Maxwell,2
J P Morgan,Ron Burkle,2
J P Morgan,Ronald Perelman,2
J P Morgan,Rosa Monckton,2
J P Morgan,Tom Pritzker,2
Jacques Chirac,Jeffrey Epstein,2
Jacques Chirac,Kevin Spacey,2
Jacques Chirac,Leah Kleman,2
Jacques Chirac,Leon Black,2
Jacques Chirac,Lew Wasserman,2
Jacques Chirac,Louis Ranieri,2
Jacques Chirac,Marquis De Sade,2
Jacques Chirac,Mort Zuckerman,2
Jacques Chirac,Nathan Myhrvold,2
Jacques Chirac,Paula Heil Fisher,2
Jacques Chirac,Ralph Lauren,2
Jacques Chirac,Robert Maxwell,2
Jacques Chirac,Ron Burkle,2
Jacques Chirac,Ronald Perelman,2
Jacques Chirac,Rosa Monckton,2
Jacques Chirac,Tom Pritzker,2
Jeffrey Epstein,Leon Black,2
Jeffrey Epstein,Lew Wasserman,2
Jeffrey Epstein,Louis Ranieri,2
Jeffrey Epstein,Marquis De Sade,2
Jeffrey Epstein,Nathan Myhrvold,2
Jeffrey Epstein,Paula Heil Fisher,2
Jeffrey Epstein,Ronald Perelman,2
Jeffrey Epstein,Tom Pritzker,2
Kevin Spacey,Leah Kleman,2
Kevin Spacey,Leon Black,2
Kevin Spacey,Lew Wasserman,2
Kevin Spacey,Louis Ranieri,2
Kevin Spacey,Marquis De Sade,2
Kevin Spacey,Mort Zuckerman,2
Kevin Spacey,Nathan Myhrvold,2
Kevin Spacey,Paula Heil Fisher,2
Kevin Spacey,Ralph Lauren,2
Kevin Spacey,Ron Burkle,2
Kevin Spacey,Ronald Perelman,2
Kevin Spacey,Rosa Monckton,2
Kevin Spacey,Tom Pritzker,2
Leah Kleman,Leon Black,2
Leah Kleman,Lew Wasserman,2
Leah Kleman,Louis Ranieri,2
Leah Kleman,Marquis De Sade,2
Leah Kleman,Mort Zuckerman,2
Leah Kleman,Nathan Myhrvold,2
Leah Kleman,Paula Heil Fisher,2
Leah Kleman,President Clinton,2
Leah Kleman,Ralph Lauren,2
Leah Kleman,Robert Maxwell,2
Leah Kleman,Ron Burkle,2
Leah Kleman,Ronald Perelman,2
Leah Kleman,Rosa Monckton,2
Leah Kleman,Tom Pritzker,2
Leon Black,Lew Wasserman,2
Leon Black,Louis Ranieri,2
Leon Black,Marquis De Sade,2
Leon Black,Mort Zuckerman,2
Leon Black,Nathan Myhrvold,2
Leon Black,Paula Heil Fisher,2
Leon Black,Ralph Lauren,2
Leon Black,Robert Maxwell,2
Leon Black,Ron Burkle,2
Leon Black,Ronald Perelman,2
Leon Black,Rosa Monckton,2
Leon Black,Tom Pritzker,2
Lew Wasserman,Louis Ranieri,2
Lew Wasserman,Marquis De Sade,2
Lew Wasserman,Mort Zuckerman,2
Lew Wasserman,Nathan Myhrvold,2
Lew Wasserman,Paula Heil Fisher,2
Lew Wasserman,Ralph Lauren,2
Lew Wasserman,Robert Maxwell,2
Lew Wasserman,Ron Burkle,2
Lew Wasserman,Ronald Perelman,2
Lew Wasserman,Rosa Monckton,2
Lew Wasserman,Tom Pritzker,2
Louis Ranieri,Marquis De Sade,2
Louis Ranieri,Mort Zuckerman,2
Louis Ranieri,Nathan Myhrvold,2
Louis Ranieri,Paula Heil Fisher,2
Louis Ranieri,Ralph Lauren,2
Louis Ranieri,Robert Maxwell,2
Louis Ranieri,Ron Burkle,2
Louis Ranieri,Ronald Perelman,2
Louis Ranieri,Rosa Monckton,2
Louis Ranieri,Tom Pritzker,2
Marquis De Sade,Mort Zuckerman,2
Marquis De Sade,Nathan Myhrvold,2
Marquis De Sade,Paula Heil Fisher,2
Marquis De Sade,Ralph Lauren,2
Marquis De Sade,Robert Maxwell,2
Marquis De Sade,Ron Burkle,2
Marquis De Sade,Ronald Perelman,2
Marquis De Sade,Rosa Monckton,2
Marquis De Sade,Tom Pritzker,2
Mort Zuckerman,Nathan Myhrvold,2
Mort Zuckerman,Paula Heil Fisher,2
Mort Zuckerman,Ralph Lauren,2
Mort Zuckerman,Robert Maxwell,2
Mort Zuckerman,Ron Burkle,2
Mort Zuckerman,Ronald Perelman,2
Mort Zuckerman,Rosa Monckton,2
Mort Zuckerman,Tom Pritzker,2
Nathan Myhrvold,Paula Heil Fisher,2
Nathan Myhrvold,Ralph Lauren,2
Nathan Myhrvold,Robert Maxwell,2
Nathan Myhrvold,Ron Burkle,2
Nathan Myhrvold,Ronald Perelman,2
Nathan Myhrvold,Rosa Monckton,2
Nathan Myhrvold,Tom Pritzker,2
Paula Heil Fisher,Ralph Lauren,2
Paula Heil Fisher,Robert Maxwell,2
Paula Heil Fisher,Ron Burkle,2
Paula Heil Fisher,Ronald Perelman,2
Paula Heil Fisher,Rosa Monckton,2
Paula Heil Fisher,Tom Pritzker,2
Ralph Lauren,Robert Maxwell,2
Ralph Lauren,Ron Burkle,2
Ralph Lauren,Ronald Perelman,2
Ralph Lauren,Rosa Monckton,2
Ralph Lauren,Tom Pritzker,2
Robert Maxwell,Ron Burkle,2
Robert Maxwell,Ronald Perelman,2
Robert Maxwell,Rosa Monckton,2
Robert Maxwell,Tom Pritzker,2
Ron Burkle,Ronald Perelman,2
Ron Burkle,Rosa Monckton,2
Ron Burkle,Tom Pritzker,2
Ronald Perelman,Rosa Monckton,2
Ronald Perelman,Tom Pritzker,2
Rosa Monckton,Tom Pritzker,2
Curtis D Krauel,Det Recarey,2
Curtis D Krauel,Haley Robson,2
Curtis D Krauel,Jeff Williams,2
Curtis D Krauel,Jessie Jones,2
Det Recarey,Jessie Jones,2
Haley Robson,Jessie Jones,2
Jeff Williams,Jessie Jones,2
Jessie Jones,Nickie A Altomaro,2
Laura Oregero,Ronald Frick,2
Laura Oregero,Sarah Lynnelle Kellen,2
Ronald Frick,Sarah Lynnelle Kellen,2
Dave Rodgers,Larry Visotki,2
David Muller,Ghislaine Maxwell,2
Jeffrey Epstein,Larry Visotki,2
Chris Tucker,Leslie Wexner,2
Leslie Wexner,Robert Maxwell,2
Alan Greenspan,Alfredo Rodriguez,2
Alan Greenspan,Ghislaine Maxwell,2
Alan Greenspan,Haley Robson,2
Alan Greenspan,Jonathan Farkas,2
Alan Greenspan,Juan Alessi,2
Alan Greenspan,Maria Alessi,2
Alan Greenspan,Robert Maxwell,2
Alfredo Rodriguez,Jonathan Farkas,2
Alfredo Rodriguez,Robert Maxwell,2
Ghislaine Maxwell,Haley Robson,2
Ghislaine Maxwell,Jonathan Farkas,2
Haley Robson,Jonathan Farkas,2
Haley Robson,Juan Alessi,2
Haley Robson,Maria Alessi,2
Haley Robson,Robert Maxwell,2
Jonathan Farkas,Juan Alessi,2
Jonathan Farkas,Maria Alessi,2
Jonathan Farkas,Robert Maxwell,2
Juan Alessi,Robert Maxwell,2
Maria Alessi,Robert Maxwell,2
Bill Clint,Pimp Juice,2
Bob Marley,Pimp Juice,2
Lou Dog,Pimp Juice,2
Marilyn Monroe,Pimp Juice,2
Anthony Correra,H Davidson,2
Anthony Correra,Mary C Han,2
Anthony Correra,Richard L Fisher,2
Anthony Correra,S Daniel Abraham,2
Anthony Correra,Sonny Otero,2
Anthony Correra,William Windham,2
H Davidson,Mary C Han,2
H Davidson,Richard L Fisher,2
H Davidson,S Daniel Abraham,2
H Davidson,Sonny Otero,2
H Davidson,William Windham,2
Mary C Han,Richard L Fisher,2
Mary C Han,S Daniel Abraham,2
Mary C Han,Sonny Otero,2
Mary C Han,William Windham,2
Richard L Fisher,S Daniel Abraham,2
Richard L Fisher,Sonny Otero,2
Richard L Fisher,William Windham,2
S Daniel Abraham,Sonny Otero,2
S Daniel Abraham,William Windham,2
Sonny Otero,William Windham,2
Det Lee,Ofc Lee,2
Haley Robson,Ofc Lee,2
Alan Dershowitz,Charles Schumer,2
Alan Dershowitz,Christopher Dodd,2
Alan Dershowitz,Hillary Clinton,2
Alan Dershowitz,Joe Lieberman,2
Alan Dershowitz,John Kerry,2
Alan Dershowitz,Mike Edmondson,2
Andrew Marra,Bill Clinton,2
Andrew Marra,Donald Trump,2
Barry Krischer,Haley Robson,2
Barry Krischer,Sarah Kellen,2
Bill Clinton,Charles Schumer,2
Bill Clinton,Haley Robson,2
Bill Clinton,Jane Struder,2
Bill Clinton,John Kerry,2
Bill Clinton,Michael Reiter,2
Bill Clinton,Sarah Kellen,2
Charles Schumer,Christopher Dodd,2
Charles Schumer,Donald Trump,2
Charles Schumer,Haley Robson,2
Charles Schumer,Hillary Clinton,2
Charles Schumer,Jack Goldberger,2
Charles Schumer,Jeffrey Epstein,2
Charles Schumer,Joe Lieberman,2
Charles Schumer,Sarah Kellen,2
Christopher Dodd,Donald Trump,2
Christopher Dodd,John Kerry,2
Donald Trump,Jane Struder,2
Donald Trump,John Kerry,2
Haley Robson,John Kerry,2
Hillary Clinton,John Kerry,2
Jack Goldberger,John Kerry,2
Jack Goldberger,Larry Keller,2
Jack Goldberger,Mike Edmondson,2
Jeffrey Epstein,John Kerry,2
Joe Lieberman,John Kerry,2
John Kerry,Sarah Kellen,2
Larry Keller,Mike Edmondson,2
Alan Dershowitz,Debbie Wemyss,2
Alan Dershowitz,Hugh Hefner,2
Alfredo Rodriguez,Debbie Wemyss,2
Alfredo Rodriguez,Hugh Hefner,2
Debbie Wemyss,Hugh Hefner,2
Jack A Goldberger,Lana Belohlavek,2
Lana Belohlavek,Theodore J Leopold,2
Garrett Stein,Lou Dog,2
Brandon Salnal,John Brown,2
Brandon Salnal,Steven Lavelle,2
John Brown,Steven Lavelle,2
Katherine Slick,Larry Shed,2
Katherine Slick,Leonard A Lauder,2
Katherine Slick,Leslie H Hill,2
Katherine Slick,Lynn De Rothschild,2
Katherine Slick,Mark A Swift,2
Katherine Slick,Martin J Koldyke,2
Larry Shed,Leonard A Lauder,2
Larry Shed,Leslie H Hill,2
Larry Shed,Lynn De Rothschild,2
Larry Shed,Mark A Swift,2
Larry Shed,Martin J Koldyke,2
Leonard A Lauder,Leslie H Hill,2
Leonard A Lauder,Lynn De Rothschild,2
Leonard A Lauder,Mark A Swift,2
Leonard A Lauder,Martin J Koldyke,2
Leslie H Hill,Lynn De Rothschild,2
Leslie H Hill,Mark A Swift,2
Leslie H Hill,Martin J Koldyke,2
Lynn De Rothschild,Mark A Swift,2
Lynn De Rothschild,Martin J Koldyke,2
Mark A Swift,Martin J Koldyke,2
Dana Burns,Larry Visoaki,2
Bill Richardson,Gary Johnson,2
Beef Knuckles,Jack Shephard,2
Jack Shephard,The Cyanide Psycho,2
Bill Clinton,Donald J Trump,2
Bill Clinton,James St James,2
Bill Clinton,Macaulay Culkin,2
Bill Clinton,Michael Alig,2
Bill Clinton,Seth Green,2
Bill Clinton,Steve Mcqueen,2
Donald J Trump,James Truman,2
Donald J Trump,Jeffrey Epstein,2
Donald J Trump,Samantha Boardman,2
James St James,James Truman,2
James St James,Jeffrey Epstein,2
James St James,Macaulay Culkin,2
James St James,Michael Alig,2
James St James,Samantha Boardman,2
James St James,Seth Green,2
James St James,Steve Mcqueen,2
James Truman,Macaulay Culkin,2
James Truman,Michael Alig,2
James Truman,Seth Green,2
James Truman,Steve Mcqueen,2
Jeffrey Epstein,Macaulay Culkin,2
Jeffrey Epstein,Michael Alig,2
Jeffrey Epstein,Seth Green,2
Jeffrey Epstein,Steve Mcqueen,2
Macaulay Culkin,Michael Alig,2
Macaulay Culkin,Samantha Boardman,2
Macaulay Culkin,Seth Green,2
Macaulay Culkin,Steve Mcqueen,2
Michael Alig,Samantha Boardman,2
Michael Alig,Seth Green,2
Michael Alig,Steve Mcqueen,2
Samantha Boardman,Seth Green,2
Samantha Boardman,Steve Mcqueen,2
Seth Green,Steve Mcqueen,2
Carolyn Lowe,Howard Rubenstein,2
Carolyn Lowe,Jeffrey Epstein,2
Carolyn Lowe,Philip Weiss,2
Howard Rubenstein,Jeffrey Epstein,2
Howard Rubenstein,Philip Weiss,2
Beata Banasiak,Detective Pagan,2
Beata Banasiak,Jeffrey Epstein,2
Beata Banasiak,Jessie Jones,2
Beata Banasiak,Nada Marcinkova,2
Detective Pagan,Jessie Jones,2
Janusz Banasiak,Jessie Jones,2
Jessie Jones,Nada Marcinkova,2
Altomaro Nickie A,Annette Badger,2
Altomaro Nickie A,Parkinson Gregory A,2
Annette Badger,Parkinson Gregory A,2
Bill Hammond,Ghislaine Maxwell,2
Daniel Payton,David Lewis,2
Daniel Payton,Jeffrey Epstein,2
Daniel Payton,Leonard Toboroff,2
Daniel Payton,Mitchell Brater,2
Daniel Payton,Richard Allen,2
Daniel Payton,Robert Nederlander,2
David Lewis,Jeffrey Epstein,2
David Lewis,Leonard Toboroff,2
David Lewis,Mitchell Brater,2
David Lewis,Richard Allen,2
David Lewis,Robert Nederlander,2
Jeffrey Epstein,Leonard Toboroff,2
Jeffrey Epstein,Mitchell Brater,2
Jeffrey Epstein,Richard Allen,2
Jeffrey Epstein,Robert Nederlander,2
Leonard Toboroff,Mitchell Brater,2
Leonard Toboroff,Richard Allen,2
Leonard Toboroff,Robert Nederlander,2
Mitchell Brater,Richard Allen,2
Mitchell Brater,Robert Nederlander,2
Richard Allen,Robert Nederlander,2
Daniel Estes,Mgr Parkinson,2
Douglas Schoettle,Mgr Parkinson,2
Janusz Banasiak,Mgr Parkinson,2
Mark Zeff,Mgr Parkinson,2
Mgr Parkinson,Sara Kellen,2
Mgr Parkinson,Zara Bailey,2
Alfredo Rodriguez,Donald Trump,2
Courtney Wild,Dana Burns,2
Courtney Wild,David Rodgers,2
Alfredo Rodriguez,Nickie A Altomaro,2
David L Stone,Edmund Healy,2
David L Stone,Maurine Dickey,2
David L Stone,Peter B Lewis,2
David L Stone,Tom Worrell,2
Edmund Healy,Maurine Dickey,2
Edmund Healy,Peter B Lewis,2
Edmund Healy,Tom Worrell,2
Maurine Dickey,Peter B Lewis,2
Maurine Dickey,Tom Worrell,2
Peter B Lewis,Tom Worrell,2
Chris Keen,Haley Robson,2
Chris Keen,Jeffrey Epstein,2
Chris Keen,Kathy Back,2
Chris Keen,Zack Brian,2
Haley Robson,Kathy Back,2
Jeffrey Epstein,Kathy Back,2
Jeffrey Epstein,Zack Brian,2
Kathy Back,Zack Brian,2
Haley Robson,Michele Pagan,2
Larry Visoaki,Nadia Marcinkova,2
Don Irion,Jeffrey Epstein,2
Don Irion,Wendy Dunn,2
Jeffrey Epstein,Wendy Dunn,2
Carlos Ortiz,Det Dicks,2
Carlos Ortiz,Det Krauel,2
Carlos Ortiz,Haley Robson,2
Carlos Ortiz,Mike Waites,2
Carlos Ortiz,Nickie A Altomaro,2
Carlos Ortiz,Sgt Frick,2
Det Dicks,Haley Robson,2
Det Dicks,Mike Waites,2
Det Krauel,Mike Waites,2
Haley Robson,Mike Waites,2
Mike Waites,Nickie A Altomaro,2
Mike Waites,Sgt Frick,2
Adreana Musinska,Dana Burns,2
Adreana Musinska,Jeffrey Epstein,2
Adriana'S Sister,Jeffrey Epstein,2
Anderson Andrew,Green Aracelid,2
Anderson Andrew,Marks Louise,2
Anderson Andrew,Torres Josef,2
Green Aracelid,Marks Louise,2
Green Aracelid,Torres Josef,2
Marks Louise,Torres Josef,2
Andy Dios,Det Michelle Pagan,2
Aggie L Choi,Alan Solomont,2
Aggie L Choi,Alfred Estrada,2
Aggie L Choi,Jonathan F P Rose,2
Alan Solomont,Alfred Estrada,2
Alan Solomont,Jonathan F P Rose,2
Alfred Estrada,Jonathan F P Rose,2
Asa Daliah Weiss,Donnie Murrell,2
Donnie Murrell,Juan Alessi,2
Donnie Murrell,Maria Alessi,2
Det Dawson,Shayna Jasmine,2
Det Joe Recarey,Shayna Jasmine,2
Heidi Fliess,Jeffrey Epstein,2
Heidi Fliess,Joe Recarey,2
Adrianna Musinska,Jeffrey Epstein,2
Bill Hammond,Larry Visotski,2
Jeffrey Epstein,Larry Visotski,2
Larry Visotski,Sarah Kellen,2
Altomaro Nickie A,Asa Weiss,2
Altomaro Nickie A,Minot Lori S,2
Asa Weiss,Minot Lori S,2
I Heart Garrett Stein,Lisa Marie,2
Jennifer Without The Nifer,Lisa Marie,2
Joe Recarey,Tony Higgins,2
Alan Dershowitz,Will Tucker,2
Daliah Weiss,Will Tucker,2
Guy Fronstin,Will Tucker,2
Haley Robson,Will Tucker,2
Janusz Banasiak,Will Tucker,2
Lana Belohlavic,Will Tucker,2
Nada Marcinkova,Will Tucker,2
Sarah Kellen,Will Tucker,2
David Mullen,Zinta Broukis,2
Jean Luc Brunel,Zinta Broukis,2
Jeffrey Epstein,Zinta Broukis,2
Nadia Marcinkova,Zinta Broukis,2
Sarah Kellen,Zinta Broukis,2
Charles M Diker,Christy A Ferer,2
Charles M Diker,D Arnold Mccall,2
Charles M Diker,Daniel Brodsky,2
Charles M Diker,David I Baron,2
Charles M Diker,David Tokoph,2
Christy A Ferer,D Arnold Mccall,2
Christy A Ferer,Daniel Brodsky,2
Christy A Ferer,David I Baron,2
Christy A Ferer,David Tokoph,2
D Arnold Mccall,Daniel Brodsky,2
D Arnold Mccall,David I Baron,2
D Arnold Mccall,David Tokoph,2
Daniel Brodsky,David I Baron,2
Daniel Brodsky,David Tokoph,2
David I Baron,David Tokoph,2
Jeannie Hernandez,Sheena Nuevo,2
Caroline Brown,Jeffrey E Epstein,2
Al Gore,Ben Affleck,2
Al Gore,Bruce Willis,2
Al Gore,Chris Moore,2
Al Gore,Harvey Weinstein,2
Al Gore,James Cayne,2
Al Gore,Jeffrey Epstein,2
Al Gore,Jennifer Todd,2
Al Gore,Jon Gordon,2
Al Gore,Matt Damon,2
Al Gore,Michael Mickey Tarnopol,2
Al Gore,Ronald Reagan,2
Al Gore,Sean Bailey,2
Al Gore,Warren Eisenstein,2
Ben Affleck,Bruce Willis,2
Ben Affleck,Chris Moore,2
Ben Affleck,Harvey Weinstein,2
Ben Affleck,James Cayne,2
Ben Affleck,Jennifer Todd,2
Ben Affleck,Jon Gordon,2
Ben Affleck,Matt Damon,2
Ben Affleck,Michael Mickey Tarnopol,2
Ben Affleck,Ronald Reagan,2
Ben Affleck,Sean Bailey,2
Ben Affleck,Warren Eisenstein,2
Bruce Willis,Chris Moore,2
Bruce Willis,Harvey Weinstein,2
Bruce Willis,James Cayne,2
Bruce Willis,Jeffrey Epstein,2
Bruce Willis,Jennifer Todd,2
Bruce Willis,Jon Gordon,2
Bruce Willis,Matt Damon,2
Bruce Willis,Michael Mickey Tarnopol,2
Bruce Willis,Ronald Reagan,2
Bruce Willis,Sean Bailey,2
Bruce Willis,Warren Eisenstein,2
Chris Moore,Harvey Weinstein,2
Chris Moore,James Cayne,2
Chris Moore,Jeffrey Epstein,2
Chris Moore,Jennifer Todd,2
Chris Moore,Jon Gordon,2
Chris Moore,Matt Damon,2
Chris Moore,Michael Mickey Tarnopol,2
Chris Moore,Ronald Reagan,2
Chris Moore,Sean Bailey,2
Chris Moore,Warren Eisenstein,2
Harvey Weinstein,James Cayne,2
Harvey Weinstein,Jennifer Todd,2
Harvey Weinstein,Jon Gordon,2
Harvey Weinstein,Matt Damon,2
Harvey Weinstein,Michael Mickey Tarnopol,2
Harvey Weinstein,Ronald Reagan,2
Harvey Weinstein,Sean Bailey,2
Harvey Weinstein,Warren Eisenstein,2
James Cayne,Jennifer Todd,2
James Cayne,Jon Gordon,2
James Cayne,Matt Damon,2
James Cayne,Michael Mickey Tarnopol,2
James Cayne,Ronald Reagan,2
James Cayne,Sean Bailey,2
James Cayne,Warren Eisenstein,2
Jeffrey Epstein,Jennifer Todd,2
Jeffrey Epstein,Jon Gordon,2
Jeffrey Epstein,Matt Damon,2
Jeffrey Epstein,Michael Mickey Tarnopol,2
Jeffrey Epstein,Ronald Reagan,2
Jeffrey Epstein,Sean Bailey,2
Jeffrey Epstein,Warren Eisenstein,2
Jennifer Todd,Jon Gordon,2
Jennifer Todd,Matt Damon,2
Jennifer Todd,Michael Mickey Tarnopol,2
Jennifer Todd,Ronald Reagan,2
Jennifer Todd,Sean Bailey,2
Jennifer Todd,Warren Eisenstein,2
Jon Gordon,Matt Damon,2
Jon Gordon,Michael Mickey Tarnopol,2
Jon Gordon,Ronald Reagan,2
Jon Gordon,Sean Bailey,2
Jon Gordon,Warren Eisenstein,2
Matt Damon,Michael Mickey Tarnopol,2
Matt Damon,Ronald Reagan,2
Matt Damon,Sean Bailey,2
Matt Damon,Warren Eisenstein,2
Michael Mickey Tarnopol,Ronald Reagan,2
Michael Mickey Tarnopol,Sean Bailey,2
Michael Mickey Tarnopol,Warren Eisenstein,2
Ronald Reagan,Sean Bailey,2
Ronald Reagan,Warren Eisenstein,2
Sean Bailey,Warren Eisenstein,2
Jack Goldberger,Kathleen Parker,2
Jack Goldberger,Mark L Winans,2
Oregero Laura D,Pagan Michele D,2
Haley Robson,Jeffrey E Epstein,2
Back Kathy,Marcinkova Nada,2
Alfredo Rodriguez,Daliah M Weiss,2
Daliah M Weiss,Juan Alessi,2
Chris Keen,Jeffery Epstein,2
Carlos Gallegos,Cordelia C Trimble,2
Carlos Gallegos,Edward Garcia,2
Carlos Gallegos,Gerald Kessler,2
Cordelia C Trimble,Edward Garcia,2
Cordelia C Trimble,Gerald Kessler,2
Edward Garcia,Gerald Kessler,2
Barry E Krischer,Bobbie Payne,2
Alan Dershowitz,Barry Berg,2
Alan Dershowitz,Bill Rose,2
Alan Dershowitz,Bob Halfe,2
Alan Dershowitz,Charles Gerardi,2
Alan Dershowitz,Dan Shorter,2
Alan Dershowitz,Gale Howden,2
Alan Dershowitz,Jan Tuckwood,2
Alan Dershowitz,John Bartosek,2
Alan Dershowitz,John Kelly,2
Alan Dershowitz,Jose Lambiet,2
Alan Dershowitz,Laura Deck Cunningham,2
Alan Dershowitz,Linda Murphy,2
Alan Dershowitz,Michael Edmondson,2
Alan Dershowitz,Oj Simpson,2
Alan Dershowitz,Randy Schultz,2
Barry Berg,Barry Krischer,2
Barry Berg,Bill Rose,2
Barry Berg,Bob Halfe,2
Barry Berg,Charles Gerardi,2
Barry Berg,Dan Shorter,2
Barry Berg,Gale Howden,2
Barry Berg,Jack Goldberger,2
Barry Berg,Jan Tuckwood,2
Barry Berg,Jeffrey Epstein,2
Barry Berg,John Bartosek,2
Barry Berg,John Kelly,2
Barry Berg,Jose Lambiet,2
Barry Berg,Kenneth Starr,2
Barry Berg,Laura Deck Cunningham,2
Barry Berg,Linda Murphy,2
Barry Berg,Michael Edmondson,2
Barry Berg,Oj Simpson,2
Barry Berg,Randy Schultz,2
Barry Krischer,Bill Rose,2
Barry Krischer,Bob Halfe,2
Barry Krischer,Charles Gerardi,2
Barry Krischer,Dan Shorter,2
Barry Krischer,Gale Howden,2
Barry Krischer,Jan Tuckwood,2
Barry Krischer,John Bartosek,2
Barry Krischer,John Kelly,2
Barry Krischer,Jose Lambiet,2
Barry Krischer,Kenneth Starr,2
Barry Krischer,Laura Deck Cunningham,2
Barry Krischer,Linda Murphy,2
Barry Krischer,Michael Edmondson,2
Barry Krischer,Oj Simpson,2
Barry Krischer,Randy Schultz,2
Bill Rose,Bob Halfe,2
Bill Rose,Charles Gerardi,2
Bill Rose,Dan Shorter,2
Bill Rose,Gale Howden,2
Bill Rose,Jack Goldberger,2
Bill Rose,Jan Tuckwood,2
Bill Rose,Jeffrey Epstein,2
Bill Rose,John Bartosek,2
Bill Rose,John Kelly,2
Bill Rose,Jose Lambiet,2
Bill Rose,Kenneth Starr,2
Bill Rose,Laura Deck Cunningham,2
Bill Rose,Linda Murphy,2
Bill Rose,Michael Edmondson,2
Bill Rose,Oj Simpson,2
Bill Rose,Randy Schultz,2
Bob Halfe,Charles Gerardi,2
Bob Halfe,Dan Shorter,2
Bob Halfe,Gale Howden,2
Bob Halfe,Jack Goldberger,2
Bob Halfe,Jan Tuckwood,2
Bob Halfe,Jeffrey Epstein,2
Bob Halfe,John Bartosek,2
Bob Halfe,John Kelly,2
Bob Halfe,Jose Lambiet,2
Bob Halfe,Kenneth Starr,2
Bob Halfe,Laura Deck Cunningham,2
Bob Halfe,Linda Murphy,2
Bob Halfe,Michael Edmondson,2
Bob Halfe,Oj Simpson,2
Bob Halfe,Randy Schultz,2
Charles Gerardi,Dan Shorter,2
Charles Gerardi,Gale Howden,2
Charles Gerardi,Jack Goldberger,2
Charles Gerardi,Jan Tuckwood,2
Charles Gerardi,Jeffrey Epstein,2
Charles Gerardi,John Bartosek,2
Charles Gerardi,John Kelly,2
Charles Gerardi,Jose Lambiet,2
Charles Gerardi,Kenneth Starr,2
Charles Gerardi,Laura Deck Cunningham,2
Charles Gerardi,Linda Murphy,2
Charles Gerardi,Michael Edmondson,2
Charles Gerardi,Oj Simpson,2
Charles Gerardi,Randy Schultz,2
Dan Shorter,Gale Howden,2
Dan Shorter,Jack Goldberger,2
Dan Shorter,Jan Tuckwood,2
Dan Shorter,Jeffrey Epstein,2
Dan Shorter,John Bartosek,2
Dan Shorter,John Kelly,2
Dan Shorter,Jose Lambiet,2
Dan Shorter,Kenneth Starr,2
Dan Shorter,Laura Deck Cunningham,2
Dan Shorter,Linda Murphy,2
Dan Shorter,Michael Edmondson,2
Dan Shorter,Oj Simpson,2
Dan Shorter,Randy Schultz,2
Gale Howden,Jack Goldberger,2
Gale Howden,Jan Tuckwood,2
Gale Howden,Jeffrey Epstein,2
Gale Howden,John Bartosek,2
Gale Howden,John Kelly,2
Gale Howden,Jose Lambiet,2
Gale Howden,Kenneth Starr,2
Gale Howden,Laura Deck Cunningham,2
Gale Howden,Linda Murphy,2
Gale Howden,Michael Edmondson,2
Gale Howden,Oj Simpson,2
Gale Howden,Randy Schultz,2
Jack Goldberger,Jan Tuckwood,2
Jack Goldberger,John Bartosek,2
Jack Goldberger,John Kelly,2
Jack Goldberger,Jose Lambiet,2
Jack Goldberger,Laura Deck Cunningham,2
Jack Goldberger,Linda Murphy,2
Jack Goldberger,Michael Edmondson,2
Jack Goldberger,Oj Simpson,2
Jack Goldberger,Randy Schultz,2
Jan Tuckwood,Jeffrey Epstein,2
Jan Tuckwood,John Bartosek,2
Jan Tuckwood,John Kelly,2
Jan Tuckwood,Jose Lambiet,2
Jan Tuckwood,Kenneth Starr,2
Jan Tuckwood,Laura Deck Cunningham,2
Jan Tuckwood,Linda Murphy,2
Jan Tuckwood,Michael Edmondson,2
Jan Tuckwood,Oj Simpson,2
Jan Tuckwood,Randy Schultz,2
Jeffrey Epstein,John Bartosek,2
Jeffrey Epstein,John Kelly,2
Jeffrey Epstein,Jose Lambiet,2
Jeffrey Epstein,Laura Deck Cunningham,2
Jeffrey Epstein,Linda Murphy,2
Jeffrey Epstein,Michael Edmondson,2
Jeffrey Epstein,Oj Simpson,2
Jeffrey Epstein,Randy Schultz,2
John Bartosek,John Kelly,2
John Bartosek,Jose Lambiet,2
John Bartosek,Kenneth Starr,2
John Bartosek,Laura Deck Cunningham,2
John Bartosek,Linda Murphy,2
John Bartosek,Michael Edmondson,2
John Bartosek,Oj Simpson,2
John Bartosek,Randy Schultz,2
John Kelly,Jose Lambiet,2
John Kelly,Kenneth Starr,2
John Kelly,Laura Deck Cunningham,2
John Kelly,Linda Murphy,2
John Kelly,Michael Edmondson,2
John Kelly,Oj Simpson,2
John Kelly,Randy Schultz,2
Jose Lambiet,Kenneth Starr,2
Jose Lambiet,Laura Deck Cunningham,2
Jose Lambiet,Linda Murphy,2
Jose Lambiet,Michael Edmondson,2
Jose Lambiet,Oj Simpson,2
Jose Lambiet,Randy Schultz,2
Kenneth Starr,Laura Deck Cunningham,2
Kenneth Starr,Linda Murphy,2
Kenneth Starr,Michael Edmondson,2
Kenneth Starr,Oj Simpson,2
Kenneth Starr,Randy Schultz,2
Laura Deck Cunningham,Linda Murphy,2
Laura Deck Cunningham,Michael Edmondson,2
Laura Deck Cunningham,Oj Simpson,2
Laura Deck Cunningham,Randy Schultz,2
Linda Murphy,Michael Edmondson,2
Linda Murphy,Oj Simpson,2
Linda Murphy,Randy Schultz,2
Michael Edmondson,Oj Simpson,2
Michael Edmondson,Randy Schultz,2
Oj Simpson,Randy Schultz,2
Lanna Belohlavek,Thedore J Leopold,2
David Muller,Larry Visoski,2
Antonio Villaraigosa,Deborah C Kastrin,2
Antonio Villaraigosa,Earl Potter,2
Antonio Villaraigosa,Edward R Broida,2
Antonio Villaraigosa,Elizabeth Keeshan,2
Antonio Villaraigosa,Frank Zaitshik,2
Antonio Villaraigosa,Fred A Vierra,2
Antonio Villaraigosa,Gary D Plante,2
Deborah C Kastrin,Earl Potter,2
Deborah C Kastrin,Edward R Broida,2
Deborah C Kastrin,Elizabeth Keeshan,2
Deborah C Kastrin,Frank Zaitshik,2
Deborah C Kastrin,Fred A Vierra,2
Deborah C Kastrin,Gary D Plante,2
Earl Potter,Edward R Broida,2
Earl Potter,Elizabeth Keeshan,2
Earl Potter,Frank Zaitshik,2
Earl Potter,Fred A Vierra,2
Earl Potter,Gary D Plante,2
Edward R Broida,Elizabeth Keeshan,2
Edward R Broida,Frank Zaitshik,2
Edward R Broida,Fred A Vierra,2
Edward R Broida,Gary D Plante,2
Elizabeth Keeshan,Frank Zaitshik,2
Elizabeth Keeshan,Fred A Vierra,2
Elizabeth Keeshan,Gary D Plante,2
Frank Zaitshik,Fred A Vierra,2
Frank Zaitshik,Gary D Plante,2
Fred A Vierra,Gary D Plante,2
Annette Badger,Captain Gudger,2
Annette Badger,Gregory A Parkinson,2
Annette Badger,Guy Fronstein,2
Annette Badger,Judge Johnson,2
Annette Badger,Kim Pavlik,2
Annette Badger,Nickie A Altomaro,2
Captain Gudger,Gregory A Parkinson,2
Captain Gudger,Guy Fronstein,2
Captain Gudger,Jeffrey Epstein,2
Captain Gudger,Joseph Recarey,2
Captain Gudger,Judge Johnson,2
Captain Gudger,Kim Pavlik,2
Captain Gudger,Nickie A Altomaro,2
Gregory A Parkinson,Guy Fronstein,2
Gregory A Parkinson,Jeffrey Epstein,2
Gregory A Parkinson,Joseph Recarey,2
Gregory A Parkinson,Judge Johnson,2
Gregory A Parkinson,Kim Pavlik,2
Gregory A Parkinson,Nickie A Altomaro,2
Guy Fronstein,Jeffrey Epstein,2
Guy Fronstein,Joseph Recarey,2
Guy Fronstein,Judge Johnson,2
Guy Fronstein,Kim Pavlik,2
Guy Fronstein,Nickie A Altomaro,2
Jeffrey Epstein,Judge Johnson,2
Jeffrey Epstein,Kim Pavlik,2
Joseph Recarey,Judge Johnson,2
Joseph Recarey,Kim Pavlik,2
Judge Johnson,Kim Pavlik,2
Judge Johnson,Nickie A Altomaro,2
Kim Pavlik,Nickie A Altomaro,2
Guy P Fronstin,Jeffrey Epstein,2
Guy P Fronstin,Lanna Belohlavek,2
Adriana Musinska,Bill Hammond,2
Alice Grant,Courtney W,2
Alice Grant,David Rodgers,2
Alice Grant,Haley Robson,2
Alice Grant,Jean Luc,2
Alice Grant,Larry Morrison,2
Alice Grant,Larry Visoski,2
Alice Grant,Sarah Kellen,2
Alice Grant,Zack Bryan,2
Courtney W,David Rodgers,2
Courtney W,Haley Robson,2
Courtney W,Jean Luc,2
Courtney W,Larry Morrison,2
Courtney W,Larry Visoski,2
Courtney W,Sarah Kellen,2
Courtney W,Zack Bryan,2
David Rodgers,Jean Luc,2
David Rodgers,Larry Morrison,2
David Rodgers,Zack Bryan,2
Haley Robson,Jean Luc,2
Haley Robson,Larry Morrison,2
Haley Robson,Larry Visoski,2
Haley Robson,Zack Bryan,2
Jean Luc,Larry Morrison,2
Jean Luc,Larry Visoski,2
Jean Luc,Sarah Kellen,2
Jean Luc,Zack Bryan,2
Larry Morrison,Zack Bryan,2
Larry Visoski,Zack Bryan,2
Sarah Kellen,Zack Bryan,2
Joe Recarey,Shayna Casman,2
Ahmed Assed,Ben Barnes,2
Ahmed Assed,Diana Macarthur,2
Ahmed Assed,E W Williams,2
Ahmed Assed,Jamie Koch,2
Ahmed Assed,John M O'Quinn,2
Ahmed Assed,Steve Gabaldon,2
Ben Barnes,Diana Macarthur,2
Ben Barnes,E W Williams,2
Ben Barnes,Jamie Koch,2
Ben Barnes,John M O'Quinn,2
Ben Barnes,Steve Gabaldon,2
Diana Macarthur,E W Williams,2
Diana Macarthur,Jamie Koch,2
Diana Macarthur,John M O'Quinn,2
Diana Macarthur,Steve Gabaldon,2
E W Williams,Jamie Koch,2
E W Williams,John M O'Quinn,2
E W Williams,Steve Gabaldon,2
Jamie Koch,John M O'Quinn,2
Jamie Koch,Steve Gabaldon,2
John M O'Quinn,Steve Gabaldon,2
Det Joe Recarey,The Victim,2
Jeffrey Epstein,Scott Miller,2
Scott Miller,Tatum Miller,2
Haley Robson,Joseph E Recarey,2
Joseph E Recarey,Nickie A Altomaro,2
Altomaro Nickie A,David Rodgers,2
Altomaro Nickie A,Tory Bean,2
David Rodgers,Recarey Joseph,2
David Rodgers,Tory Bean,2
Haley Robson,Tory Bean,2
Recarey Joseph,Tory Bean,2
Sarah Kellen,Tory Bean,2
Paul A Lavery,Recarey Joseph,2
Det Dawson,Shana Caster,2
Nada Marcinkova,Sgt Frick,2
Nada Marcinkova,Shana Caster,2
Sgt Frick,Shana Caster,2
Alfredo A Rodriguez,Daliah Weiss,2
Dave Rodgers,Nadja Marcinkova,2
Jeffrey Epstein,Nadja Marcinkova,2
Dick Snyder,Harold Levin,2
Dick Snyder,Ivan Fisher,2
Dick Snyder,Jeffrey Epstein,2
Dick Snyder,Lars Forsberg,2
Dick Snyder,Leslie Wexner,2
Dick Snyder,Robert Meister,2
Dick Snyder,Robert Morosky,2
Harold Levin,Ivan Fisher,2
Harold Levin,Jeffrey Epstein,2
Harold Levin,Lars Forsberg,2
Harold Levin,Leslie Wexner,2
Harold Levin,Robert Meister,2
Harold Levin,Robert Morosky,2
Ivan Fisher,Lars Forsberg,2
Ivan Fisher,Leslie Wexner,2
Ivan Fisher,Robert Meister,2
Ivan Fisher,Robert Morosky,2
Jeffrey Epstein,Lars Forsberg,2
Jeffrey Epstein,Robert Meister,2
Jeffrey Epstein,Robert Morosky,2
Lars Forsberg,Leslie Wexner,2
Lars Forsberg,Robert Meister,2
Lars Forsberg,Robert Morosky,2
Leslie Wexner,Robert Meister,2
Leslie Wexner,Robert Morosky,2
Robert Meister,Robert Morosky,2
Det Krauel,Sgt Szarszewski,2
Det Krauel,Tony Higgins,2
Jeff Williams,Sgt Szarszewski,2
Jeff Williams,Tony Higgins,2
Jeffrey Epstein,Sgt Szarszewski,2
Nickie A Altomaro,Sgt Szarszewski,2
Sgt Szarszewski,Tony Higgins,2
Daniel Szarszewski,Ghislaine Maxwell,2
Daniel Szarszewski,Jeffrey Williams,2
Daniel Szarszewski,Lee La'Mont,2
Daniel Szarszewski,Peggy Seagal,2
Daniel Szarszewski,Tony Higgins,2
Detective Pagan,Ghislaine Maxwell,2
Detective Pagan,Jeffrey Williams,2
Detective Pagan,Lee La'Mont,2
Detective Pagan,Peggy Seagal,2
Ghislaine Maxwell,Jeffrey Williams,2
Ghislaine Maxwell,Lee La'Mont,2
Ghislaine Maxwell,Nada Marcinkova,2
Ghislaine Maxwell,Peggy Seagal,2
Ghislaine Maxwell,Tony Higgins,2
Janusz Banasiak,Jeffrey Williams,2
Janusz Banasiak,Lee La'Mont,2
Janusz Banasiak,Peggy Seagal,2
Janusz Banasiak,Tony Higgins,2
Jeff Epstein,Nickie A Altomaro,2
Jeffrey Epstein,Jeffrey Williams,2
Jeffrey Epstein,Lee La'Mont,2
Jeffrey Epstein,Peggy Seagal,2
Jeffrey Williams,Lee La'Mont,2
Jeffrey Williams,Nada Marcinkova,2
Jeffrey Williams,Peggy Seagal,2
Jeffrey Williams,Tony Higgins,2
Lee La'Mont,Nada Marcinkova,2
Lee La'Mont,Peggy Seagal,2
Lee La'Mont,Tony Higgins,2
Nada Marcinkova,Peggy Seagal,2
Nada Marcinkova,Tony Higgins,2
Peggy Seagal,Tony Higgins,2
Jeffrey Epstein,Zack Bryan,2
Brent Tindall,Ghislaine Maxwell,2
Gerald Lefcourt,Peggy Siegal,2
Daniel Estes,Detective Dicks,2
Daniel Estes,Detective Recarey,2
Daniel Estes,Jeffrey Epstein,2
Daniel Estes,Sgt Frick,2
Detective Dicks,Detective Recarey,2
Detective Dicks,Janusz Banasiak,2
Detective Dicks,Jeffrey Epstein,2
Detective Dicks,Mark Zeff,2
Detective Dicks,Sgt Frick,2
Detective Recarey,Janusz Banasiak,2
Detective Recarey,Mark Zeff,2
Detective Recarey,Sgt Frick,2
Janusz Banasiak,Sgt Frick,2
Mark Zeff,Sgt Frick,2
G M,M J Epstein,2
J E,M J Epstein,2
Kandace Blanchard,Ken Newton,2
Ken Newton,Paul Blanchard,2
Barry Krisher,Jeffrey Epstein,2
Jack Goldberger,Lana Belohlavek,2
Jack Goldberger,Nickie A Altomaro,2
Lana Belohlavek,Sarah Kellen,2
Dorothy Mantooth,Leah Jean,2
Ace Greenberg,Prince Andrew,2
Douglas Leese,Edgar Bronfman,2
Douglas Leese,Ghislaine Maxwell,2
Douglas Leese,Giuseppe Tome,2
Douglas Leese,Jeffrey Epstein,2
Douglas Leese,Joe Pagano,2
Douglas Leese,John Mitchell,2
Douglas Leese,Jonathan Harris,2
Douglas Leese,Michael Stroll,2
Douglas Leese,Prince Andrew,2
Douglas Leese,Robert Blackburn,2
Douglas Leese,Rosa Monckton,2
Douglas Leese,Steven Jude Hoffenberg,2
Edgar Bronfman,Ghislaine Maxwell,2
Edgar Bronfman,Giuseppe Tome,2
Edgar Bronfman,Jeffrey Epstein,2
Edgar Bronfman,Joe Pagano,2
Edgar Bronfman,John Mitchell,2
Edgar Bronfman,Jonathan Harris,2
Edgar Bronfman,Michael Stroll,2
Edgar Bronfman,Prince Andrew,2
Edgar Bronfman,Robert Blackburn,2
Edgar Bronfman,Rosa Monckton,2
Edgar Bronfman,Steven Jude Hoffenberg,2
Ghislaine Maxwell,Giuseppe Tome,2
Ghislaine Maxwell,Joe Pagano,2
Ghislaine Maxwell,John Mitchell,2
Ghislaine Maxwell,Jonathan Harris,2
Ghislaine Maxwell,Michael Stroll,2
Ghislaine Maxwell,Robert Blackburn,2
Ghislaine Maxwell,Steven Jude Hoffenberg,2
Giuseppe Tome,Jeffrey Epstein,2
Giuseppe Tome,Joe Pagano,2
Giuseppe Tome,John Mitchell,2
Giuseppe Tome,Jonathan Harris,2
Giuseppe Tome,Michael Stroll,2
Giuseppe Tome,Prince Andrew,2
Giuseppe Tome,Robert Blackburn,2
Giuseppe Tome,Rosa Monckton,2
Giuseppe Tome,Steven Jude Hoffenberg,2
Jeffrey Epstein,Joe Pagano,2
Jeffrey Epstein,John Mitchell,2
Jeffrey Epstein,Jonathan Harris,2
Jeffrey Epstein,Michael Stroll,2
Jeffrey Epstein,Robert Blackburn,2
Jeffrey Epstein,Steven Jude Hoffenberg,2
Joe Pagano,John Mitchell,2
Joe Pagano,Jonathan Harris,2
Joe Pagano,Prince Andrew,2
Joe Pagano,Robert Blackburn,2
Joe Pagano,Rosa Monckton,2
Joe Pagano,Steven Jude Hoffenberg,2
John Mitchell,Jonathan Harris,2
John Mitchell,Michael Stroll,2
John Mitchell,Prince Andrew,2
John Mitchell,Robert Blackburn,2
John Mitchell,Rosa Monckton,2
John Mitchell,Steven Jude Hoffenberg,2
Jonathan Harris,Michael Stroll,2
Jonathan Harris,Prince Andrew,2
Jonathan Harris,Robert Blackburn,2
Jonathan Harris,Rosa Monckton,2
Jonathan Harris,Steven Jude Hoffenberg,2
Michael Stroll,Prince Andrew,2
Michael Stroll,Robert Blackburn,2
Michael Stroll,Rosa Monckton,2
Michael Stroll,Steven Jude Hoffenberg,2
Prince Andrew,Robert Blackburn,2
Prince Andrew,Rosa Monckton,2
Prince Andrew,Steven Jude Hoffenberg,2
Robert Blackburn,Rosa Monckton,2
Robert Blackburn,Steven Jude Hoffenberg,2
Rosa Monckton,Steven Jude Hoffenberg,2
Michelle D Pagan,Preston Mighdoll,2
Jimmy Cayne,Richard Axel,2
Joe Pagano,Richard Axel,2
Leslie Wexner,Richard Axel,2
Michael Stroll,Richard Axel,2
John M Eaves,Kandace Blanchard,2
John M Eaves,Kathy Lang,2
John M Eaves,Orville D Mcdonald,2
John M Eaves,Paul Blanchard,2
John M Eaves,Pia Salazar,2
Kandace Blanchard,Kathy Lang,2
Kandace Blanchard,Orville D Mcdonald,2
Kandace Blanchard,Pia Salazar,2
Kathy Lang,Orville D Mcdonald,2
Kathy Lang,Paul Blanchard,2
Kathy Lang,Pia Salazar,2
Orville D Mcdonald,Paul Blanchard,2
Orville D Mcdonald,Pia Salazar,2
Paul Blanchard,Pia Salazar,2
Eating Emo Kids For Breakfast,Girl From Ipanema,2
David Rodgers,Joanna Harrison,2
David Rodgers,Victoria Bean,2
Haley Robson,Joanna Harrison,2
Joanna Harrison,Sarah Kellen,2
Abigail Koppel,Alan Dershowitz,2
Abigail Koppel,Bella Wexner,2
Abigail Koppel,George Mitchell,2
Abigail Koppel,Jeffrey Epstein,2
Abigail Koppel,Larry Summers,2
Abigail Koppel,Leah Kleman,2
Abigail Koppel,Marshall Rose,2
Abigail Koppel,Martin Nowak,2
Abigail Koppel,Murray Gell-Mann,2
Abigail Koppel,Prince Andrew,2
Alan Dershowitz,Bella Wexner,2
Alan Dershowitz,George Mitchell,2
Alan Dershowitz,Leah Kleman,2
Alan Dershowitz,Marshall Rose,2
Alan Dershowitz,Murray Gell-Mann,2
Bella Wexner,George Mitchell,2
Bella Wexner,Jeffrey Epstein,2
Bella Wexner,Larry Summers,2
Bella Wexner,Leah Kleman,2
Bella Wexner,Marshall Rose,2
Bella Wexner,Martin Nowak,2
Bella Wexner,Murray Gell-Mann,2
Bella Wexner,Prince Andrew,2
George Mitchell,Larry Summers,2
George Mitchell,Leah Kleman,2
George Mitchell,Marshall Rose,2
George Mitchell,Martin Nowak,2
George Mitchell,Murray Gell-Mann,2
Jeffrey Epstein,Marshall Rose,2
Jeffrey Epstein,Murray Gell-Mann,2
Larry Summers,Leah Kleman,2
Larry Summers,Marshall Rose,2
Larry Summers,Murray Gell-Mann,2
Larry Summers,Prince Andrew,2
Leah Kleman,Marshall Rose,2
Leah Kleman,Martin Nowak,2
Leah Kleman,Murray Gell-Mann,2
Leah Kleman,Prince Andrew,2
Marshall Rose,Martin Nowak,2
Marshall Rose,Murray Gell-Mann,2
Marshall Rose,Prince Andrew,2
Martin Nowak,Murray Gell-Mann,2
Martin Nowak,Prince Andrew,2
Murray Gell-Mann,Prince Andrew,2
Alan Dershowitz,Ben Affleck,2
Alan Dershowitz,Bernadette Peters,2
Alan Dershowitz,Brooke Astor,2
Alan Dershowitz,Dyan Cannon,2
Alan Dershowitz,Gina Simonelli,2
Alan Dershowitz,Jimmy Choo,2
Alan Dershowitz,Joseph Goldstein,2
Alan Dershowitz,Lev Glazman,2
Alan Dershowitz,Linda Medvene,2
Alan Dershowitz,Nancy Kissinger,2
Alan Dershowitz,Paul Smith,2
Alan Dershowitz,Peter Cincotti,2
Alan Dershowitz,Robert Bass,2
Alan Dershowitz,Tommy Hilfiger,2
Alan Dershowitz,Wendy Walker,2
Ben Affleck,Bernadette Peters,2
Ben Affleck,Brooke Astor,2
Ben Affleck,Dyan Cannon,2
Ben Affleck,Gina Simonelli,2
Ben Affleck,Jimmy Choo,2
Ben Affleck,Joseph Goldstein,2
Ben Affleck,Larry Summers,2
Ben Affleck,Lev Glazman,2
Ben Affleck,Linda Medvene,2
Ben Affleck,Martin Nowak,2
Ben Affleck,Nancy Kissinger,2
Ben Affleck,Paul Smith,2
Ben Affleck,Peter Cincotti,2
Ben Affleck,Robert Bass,2
Ben Affleck,Tommy Hilfiger,2
Ben Affleck,Wendy Walker,2
Bernadette Peters,Brooke Astor,2
Bernadette Peters,Dyan Cannon,2
Bernadette Peters,Gina Simonelli,2
Bernadette Peters,Jeffrey Epstein,2
Bernadette Peters,Jimmy Choo,2
Bernadette Peters,Joseph Goldstein,2
Bernadette Peters,Larry Summers,2
Bernadette Peters,Lev Glazman,2
Bernadette Peters,Linda Medvene,2
Bernadette Peters,Martin Nowak,2
Bernadette Peters,Nancy Kissinger,2
Bernadette Peters,Paul Smith,2
Bernadette Peters,Peter Cincotti,2
Bernadette Peters,Robert Bass,2
Bernadette Peters,Tommy Hilfiger,2
Bernadette Peters,Wendy Walker,2
Brooke Astor,Dyan Cannon,2
Brooke Astor,Gina Simonelli,2
Brooke Astor,Jeffrey Epstein,2
Brooke Astor,Jimmy Choo,2
Brooke Astor,Joseph Goldstein,2
Brooke Astor,Larry Summers,2
Brooke Astor,Lev Glazman,2
Brooke Astor,Linda Medvene,2
Brooke Astor,Martin Nowak,2
Brooke Astor,Nancy Kissinger,2
Brooke Astor,Paul Smith,2
Brooke Astor,Peter Cincotti,2
Brooke Astor,Robert Bass,2
Brooke Astor,Tommy Hilfiger,2
Brooke Astor,Wendy Walker,2
Dyan Cannon,Gina Simonelli,2
Dyan Cannon,Jeffrey Epstein,2
Dyan Cannon,Jimmy Choo,2
Dyan Cannon,Joseph Goldstein,2
Dyan Cannon,Larry Summers,2
Dyan Cannon,Lev Glazman,2
Dyan Cannon,Linda Medvene,2
Dyan Cannon,Martin Nowak,2
Dyan Cannon,Nancy Kissinger,2
Dyan Cannon,Paul Smith,2
Dyan Cannon,Peter Cincotti,2
Dyan Cannon,Robert Bass,2
Dyan Cannon,Tommy Hilfiger,2
Dyan Cannon,Wendy Walker,2
Gina Simonelli,Jeffrey Epstein,2
Gina Simonelli,Jimmy Choo,2
Gina Simonelli,Joseph Goldstein,2
Gina Simonelli,Larry Summers,2
Gina Simonelli,Lev Glazman,2
Gina Simonelli,Linda Medvene,2
Gina Simonelli,Martin Nowak,2
Gina Simonelli,Nancy Kissinger,2
Gina Simonelli,Paul Smith,2
Gina Simonelli,Peter Cincotti,2
Gina Simonelli,Robert Bass,2
Gina Simonelli,Tommy Hilfiger,2
Gina Simonelli,Wendy Walker,2
Jeffrey Epstein,Jimmy Choo,2
Jeffrey Epstein,Joseph Goldstein,2
Jeffrey Epstein,Lev Glazman,2
Jeffrey Epstein,Linda Medvene,2
Jeffrey Epstein,Nancy Kissinger,2
Jeffrey Epstein,Paul Smith,2
Jeffrey Epstein,Peter Cincotti,2
Jeffrey Epstein,Robert Bass,2
Jeffrey Epstein,Tommy Hilfiger,2
Jeffrey Epstein,Wendy Walker,2
Jimmy Choo,Joseph Goldstein,2
Jimmy Choo,Larry Summers,2
Jimmy Choo,Lev Glazman,2
Jimmy Choo,Linda Medvene,2
Jimmy Choo,Martin Nowak,2
Jimmy Choo,Nancy Kissinger,2
Jimmy Choo,Paul Smith,2
Jimmy Choo,Peter Cincotti,2
Jimmy Choo,Robert Bass,2
Jimmy Choo,Tommy Hilfiger,2
Jimmy Choo,Wendy Walker,2
Joseph Goldstein,Larry Summers,2
Joseph Goldstein,Lev Glazman,2
Joseph Goldstein,Linda Medvene,2
Joseph Goldstein,Martin Nowak,2
Joseph Goldstein,Nancy Kissinger,2
Joseph Goldstein,Paul Smith,2
Joseph Goldstein,Peter Cincotti,2
Joseph Goldstein,Robert Bass,2
Joseph Goldstein,Tommy Hilfiger,2
Joseph Goldstein,Wendy Walker,2
Larry Summers,Lev Glazman,2
Larry Summers,Linda Medvene,2
Larry Summers,Nancy Kissinger,2
Larry Summers,Paul Smith,2
Larry Summers,Peter Cincotti,2
Larry Summers,Robert Bass,2
Larry Summers,Tommy Hilfiger,2
Larry Summers,Wendy Walker,2
Lev Glazman,Linda Medvene,2
Lev Glazman,Martin Nowak,2
Lev Glazman,Nancy Kissinger,2
Lev Glazman,Paul Smith,2
Lev Glazman,Peter Cincotti,2
Lev Glazman,Robert Bass,2
Lev Glazman,Tommy Hilfiger,2
Lev Glazman,Wendy Walker,2
Linda Medvene,Martin Nowak,2
Linda Medvene,Nancy Kissinger,2
Linda Medvene,Paul Smith,2
Linda Medvene,Peter Cincotti,2
Linda Medvene,Robert Bass,2
Linda Medvene,Tommy Hilfiger,2
Linda Medvene,Wendy Walker,2
Martin Nowak,Nancy Kissinger,2
Martin Nowak,Paul Smith,2
Martin Nowak,Peter Cincotti,2
Martin Nowak,Robert Bass,2
Martin Nowak,Tommy Hilfiger,2
Martin Nowak,Wendy Walker,2
Nancy Kissinger,Paul Smith,2
Nancy Kissinger,Peter Cincotti,2
Nancy Kissinger,Robert Bass,2
Nancy Kissinger,Tommy Hilfiger,2
Nancy Kissinger,Wendy Walker,2
Paul Smith,Peter Cincotti,2
Paul Smith,Robert Bass,2
Paul Smith,Tommy Hilfiger,2
Paul Smith,Wendy Walker,2
Peter Cincotti,Robert Bass,2
Peter Cincotti,Tommy Hilfiger,2
Peter Cincotti,Wendy Walker,2
Robert Bass,Tommy Hilfiger,2
Robert Bass,Wendy Walker,2
Tommy Hilfiger,Wendy Walker,2
Donald Morrell,Guy Fronstin,2
Donald Morrell,Jeffrey Epstein,2
Donald Morrell,Juan Alessi,2
Donald Morrell,Nickie A Altomaro,2
Guy Fronstin,Juan Alessi,2
Juan Alessi,Nickie A Altomaro,2
Maryon Davies Lewis,Nolan H Brunson,2
Maryon Davies Lewis,Od Mcdonald,2
Maryon Davies Lewis,Oscar S Wyatt,2
Nolan H Brunson,Od Mcdonald,2
Nolan H Brunson,Oscar S Wyatt,2
Od Mcdonald,Oscar S Wyatt,2
Adriana Mucinska,Ghislaine Maxwell,2
Andrea Musinska,Andreana Mucinska,2
Andrea Musinska,Dana Burns,2
Andrea Musinska,David Mullen,2
Andrea Musinska,Ghislaine Maxwell,2
Andrea Musinska,Larry Morrison,2
Andreana Mucinska,Dana Burns,2
Andreana Mucinska,David Mullen,2
Andreana Mucinska,Ghislaine Maxwell,2
Andreana Mucinska,Nadia Marcinkova,2
Andreana Mucinska,Sarah Kellen,2
Ghislaine Maxwell,Valdson Cotrin,2
Graydon Carter,James Truman,2
Graydon Carter,Jeffrey Epstein,2
Graydon Carter,Leslie Wexner,2
Graydon Carter,Samantha Boardman,2
Graydon Carter,Todd Meister,2
James Truman,Todd Meister,2
Leslie Wexner,Todd Meister,2
Samantha Boardman,Todd Meister,2
Beef Knuckles,The Beatles,2
Bob Marley,Mike Chaos,2
Bob Marley,The Beatles,2
Cypress Hill,Mike Chaos,2
Cypress Hill,The Beatles,2
Damien Marley,Mike Chaos,2
Damien Marley,The Beatles,2
Jack Johnson,Mike Chaos,2
Jack Johnson,The Beatles,2
John Mayer,Mike Chaos,2
John Mayer,The Beatles,2
Mike Chaos,No Doubt,2
Mike Chaos,Paul Wall,2
Mike Chaos,Radio Head,2
Mike Chaos,Snoop Dogg,2
Mike Chaos,The Beatles,2
Mike Chaos,The Smashing Pumpkins,2
Mike Chaos,The Strokes,2
Mike Chaos,The White Stripes,2
No Doubt,The Beatles,2
Paul Wall,The Beatles,2
Radio Head,The Beatles,2
Snoop Dogg,The Beatles,2
The Beatles,The Smashing Pumpkins,2
The Beatles,The Strokes,2
The Beatles,The White Stripes,2
Altomaro Nickie A,Dicks Allen C,2
Joseph Recarey,Lanna Belohlavek,2
R Bart Rutledge,Rick Moms,2
R Bart Rutledge,Robert Joe Hanson,2
R Bart Rutledge,Robert S Bass,2
R Bart Rutledge,Sheila Davis,2
R Bart Rutledge,Stephen A Cozen,2
R Bart Rutledge,Ted Turner,2
R Bart Rutledge,Thomas Bonafair,2
R Bart Rutledge,Victor Paul Kearney,2
Rick Moms,Robert Joe Hanson,2
Rick Moms,Robert S Bass,2
Rick Moms,Sheila Davis,2
Rick Moms,Stephen A Cozen,2
Rick Moms,Ted Turner,2
Rick Moms,Thomas Bonafair,2
Rick Moms,Victor Paul Kearney,2
Robert Joe Hanson,Robert S Bass,2
Robert Joe Hanson,Sheila Davis,2
Robert Joe Hanson,Stephen A Cozen,2
Robert Joe Hanson,Ted Turner,2
Robert Joe Hanson,Thomas Bonafair,2
Robert Joe Hanson,Victor Paul Kearney,2
Robert S Bass,Sheila Davis,2
Robert S Bass,Stephen A Cozen,2
Robert S Bass,Ted Turner,2
Robert S Bass,Thomas Bonafair,2
Robert S Bass,Victor Paul Kearney,2
Sheila Davis,Stephen A Cozen,2
Sheila Davis,Ted Turner,2
Sheila Davis,Thomas Bonafair,2
Sheila Davis,Victor Paul Kearney,2
Stephen A Cozen,Ted Turner,2
Stephen A Cozen,Thomas Bonafair,2
Stephen A Cozen,Victor Paul Kearney,2
Ted Turner,Thomas Bonafair,2
Ted Turner,Victor Paul Kearney,2
Thomas Bonafair,Victor Paul Kearney,2
Lana Belohlavek,Nada Marcinkova,2
Jennifer R Sandman,Joe Recarey,2
Jennifer R Sandman,Nickie A Altomaro,2
Joe Recarey,Nickie A Altomaro,2
A Grant,Barry E Krischer,2
Beauty In,Beef Knuckles,2
Altomaro Nickie A,Sgt Frick,2
Barbara Flicker,Bernard L Schwartz,2
Barbara Flicker,Bernard Rapoport,2
Barbara Flicker,Beth Miller,2
Barbara Flicker,Billy G Smith,2
Barbara Flicker,Brian F Egolf,2
Barbara Flicker,Carl Turner,2
Bernard L Schwartz,Bernard Rapoport,2
Bernard L Schwartz,Beth Miller,2
Bernard L Schwartz,Billy G Smith,2
Bernard L Schwartz,Brian F Egolf,2
Bernard L Schwartz,Carl Turner,2
Bernard Rapoport,Beth Miller,2
Bernard Rapoport,Billy G Smith,2
Bernard Rapoport,Brian F Egolf,2
Bernard Rapoport,Carl Turner,2
Beth Miller,Billy G Smith,2
Beth Miller,Brian F Egolf,2
Beth Miller,Carl Turner,2
Billy G Smith,Brian F Egolf,2
Billy G Smith,Carl Turner,2
Brian F Egolf,Carl Turner,2
Bill Clinton,Ron Burkle,2
Bill Clinton,Rosa Monckton,2
Celina Dubin,Cres Valdez,2
Celina Dubin,Eva Anderson,2
Cres Valdez,Eva Anderson,2
Bennett Cerf,Bill Clinton,2
Bennett Cerf,Jeffrey Epstein,2
Bennett Cerf,Kevin Spacey,2
Bennett Cerf,Michael Wolff,2
Bill Clinton,Michael Wolff,2
Jeffrey Epstein,Michael Wolff,2
Kevin Spacey,Michael Wolff,2
James Stanley,Jeffrey Epstein,2
James Stanley,Nadia Marcinkova,2
James Stanley,Sarah Kellen,2
Ewan Mcgregor,Jibby J,2
Ewan Mcgregor,Lisa Marie,2
Garrett Stein,Jibby J,2
Garrett Stein,Lisa Marie,2
Jibby J,Lisa Marie,2
Bin Laden,Gerald Peters,2
Bin Laden,Jerry Perenchio,2
Gerald Peters,Jerry Perenchio,2
Aileen Josephs,Barry E Krischer,2
Gus Fronstin,Jeffrey Epstein,2
Gus Fronstin,Joseph Recarey,2
Gus Fronstin,Nickie A Altomaro,2
Bob Hertzberg,David Steiner,2
Bob Hertzberg,Ed Romero,2
Bob Hertzberg,Garrett Thornburg,2
Bob Hertzberg,John Turner,2
Bob Hertzberg,Paul H Bradley,2
Bob Hertzberg,Wayne A Reaud,2
David Steiner,Ed Romero,2
David Steiner,Garrett Thornburg,2
David Steiner,John Turner,2
David Steiner,Paul H Bradley,2
David Steiner,Wayne A Reaud,2
Ed Romero,Garrett Thornburg,2
Ed Romero,John Turner,2
Ed Romero,Paul H Bradley,2
Ed Romero,Wayne A Reaud,2
Garrett Thornburg,John Turner,2
Garrett Thornburg,Paul H Bradley,2
Garrett Thornburg,Wayne A Reaud,2
John Turner,Paul H Bradley,2
John Turner,Wayne A Reaud,2
Paul H Bradley,Wayne A Reaud,2
Jack Goldberger,Jeffrey Herman,2
Bill Clinton,Larry Summers,2
Bill Clinton,Martin Nowak,2
Bill Clinton,Mort Zuckerman,2
Bill Clinton,Leah Kleman,2
Jack Goldberger,Lanna Belohlavek,2
Epstein Jeffrey,Kellen Sarah Lynnelle,2
Moore Beth,Munyan Keith,2
Ace Greenberg,Donald Trump,2
Ace Greenberg,George Soros,2
Ace Greenberg,Henry Rosovsky,2
Ace Greenberg,James Cayne,2
Ace Greenberg,Jay Gatsby,2
Ace Greenberg,Mark Epstein,2
Ace Greenberg,Stanley Druckenmiller,2
Donald Trump,George Soros,2
Donald Trump,Henry Rosovsky,2
Donald Trump,James Cayne,2
Donald Trump,Jay Gatsby,2
Donald Trump,Mark Epstein,2
Donald Trump,Stanley Druckenmiller,2
George Soros,Ghislaine Maxwell,2
George Soros,Henry Rosovsky,2
George Soros,James Cayne,2
George Soros,Jay Gatsby,2
George Soros,Jeffrey Epstein,2
George Soros,Leslie Wexner,2
George Soros,Mark Epstein,2
George Soros,Stanley Druckenmiller,2
Ghislaine Maxwell,James Cayne,2
Ghislaine Maxwell,Jay Gatsby,2
Ghislaine Maxwell,Stanley Druckenmiller,2
Henry Rosovsky,James Cayne,2
Henry Rosovsky,Jay Gatsby,2
Henry Rosovsky,Jeffrey Epstein,2
Henry Rosovsky,Leslie Wexner,2
Henry Rosovsky,Mark Epstein,2
Henry Rosovsky,Stanley Druckenmiller,2
James Cayne,Jay Gatsby,2
James Cayne,Leslie Wexner,2
James Cayne,Mark Epstein,2
James Cayne,Stanley Druckenmiller,2
Jay Gatsby,Jeffrey Epstein,2
Jay Gatsby,Leslie Wexner,2
Jay Gatsby,Mark Epstein,2
Jay Gatsby,Stanley Druckenmiller,2
Jeffrey Epstein,Stanley Druckenmiller,2
Leslie Wexner,Mark Epstein,2
Leslie Wexner,Stanley Druckenmiller,2
Mark Epstein,Stanley Druckenmiller,2
Jeff Epstein,Lauren Murphy,2
Auteri Donald,Goodfellow Gene,2
Auteri Donald,Koenig Daniel,2
Goodfellow Gene,Koenig Daniel,2
Ric L Bradshaw,Zanna Belohlavek,2
Sharon R Bock,Zanna Belohlavek,2
Jeffrey Epstein,Judith F Consor,2
Bill Richardson,James Peterson,2
Bill Richardson,Jerry Perenchio,2
Bruce King,James Peterson,2
Bruce King,Jeffrey E Epstein,2
Bruce King,Jerry Perenchio,2
James Peterson,Jeffrey E Epstein,2
James Peterson,Jerry Perenchio,2
Jeffrey E Epstein,Jerry Perenchio,2
Jeffrey Epstein,Laura D Oregero,2
John Alessi,Laura D Oregero,2
Laura D Oregero,Marie Alessi,2
Laura D Oregero,Sarah Kellen,2
Laura D Oregero,Wendy D Desmarais,2
Paul A Donisthorpe,Peter L Buttenwieser,2
Paul A Donisthorpe,Philip D Harvey,2
Paul A Donisthorpe,Philip J Wolff,2
Paul A Donisthorpe,Prakash Ranka,2
Paul A Donisthorpe,Ralph Schlosstein,2
Paul A Donisthorpe,Ray F Padilla,2
Paul A Donisthorpe,Robert B Millard,2
Paul A Donisthorpe,Robert Denison,2
Paul A Donisthorpe,Robert F Mccallum,2
Peter L Buttenwieser,Philip D Harvey,2
Peter L Buttenwieser,Philip J Wolff,2
Peter L Buttenwieser,Prakash Ranka,2
Peter L Buttenwieser,Ralph Schlosstein,2
Peter L Buttenwieser,Ray F Padilla,2
Peter L Buttenwieser,Robert B Millard,2
Peter L Buttenwieser,Robert Denison,2
Peter L Buttenwieser,Robert F Mccallum,2
Philip D Harvey,Philip J Wolff,2
Philip D Harvey,Prakash Ranka,2
Philip D Harvey,Ralph Schlosstein,2
Philip D Harvey,Ray F Padilla,2
Philip D Harvey,Robert B Millard,2
Philip D Harvey,Robert Denison,2
Philip D Harvey,Robert F Mccallum,2
Philip J Wolff,Prakash Ranka,2
Philip J Wolff,Ralph Schlosstein,2
Philip J Wolff,Ray F Padilla,2
Philip J Wolff,Robert B Millard,2
Philip J Wolff,Robert Denison,2
Philip J Wolff,Robert F Mccallum,2
Prakash Ranka,Ralph Schlosstein,2
Prakash Ranka,Ray F Padilla,2
Prakash Ranka,Robert B Millard,2
Prakash Ranka,Robert Denison,2
Prakash Ranka,Robert F Mccallum,2
Ralph Schlosstein,Ray F Padilla,2
Ralph Schlosstein,Robert B Millard,2
Ralph Schlosstein,Robert Denison,2
Ralph Schlosstein,Robert F Mccallum,2
Ray F Padilla,Robert B Millard,2
Ray F Padilla,Robert Denison,2
Ray F Padilla,Robert F Mccallum,2
Robert B Millard,Robert Denison,2
Robert B Millard,Robert F Mccallum,2
Robert Denison,Robert F Mccallum,2
