id,label,document_frequency
Jeffrey Epstein,Jeffrey Epstein,3635
Ghislaine Maxwell,Ghislaine Maxwell,3007
Alison J Nathan,Alison J Nathan,1884
Jeffrey Edward Epstein,Jeffrey Edward Epstein,793
Alison Moe,Alison Moe,783
Maurene Comey,Maurene Comey,744
Lara Pomerantz,Lara Pomerantz,719
Andrew Rohrbach,Andrew Rohrbach,610
Christian R Everdell,Christian R Everdell,606
Bobbi C Sternheim,Bobbi C Sternheim,600
Shirley V Skipper-Scott,Shirley V Skipper-Scott,504
Jeffrey S Pagliuca,Jeffrey S Pagliuca,494
Jeffrey E Epstein,Jeffrey E Epstein,472
Ray Ormond,Ray Ormond,453
Lamine N'Diaye,Lamine N'Diaye,391
Laura A Menninger,Laura A Menninger,361
The Court,The Court,349
Sarah Kellen,Sarah Kellen,320
Damian Williams,Damian Williams,274
Virginia Roberts,Virginia Roberts,222
Annie Farmer,Annie Farmer,216
Judge Nathan,Judge Nathan,212
Audrey Strauss,Audrey Strauss,208
Christian Everdell,Christian Everdell,202
Charisma Edge,Charisma Edge,201
Hugh Hurwitz,Hugh Hurwitz,191
Alex Rossmiller,Alex Rossmiller,185
Haley Robson,Haley Robson,160
Richard M Berman,Richard M Berman,149
Lee Plourde,Lee Plourde,146
Juan Alessi,Juan Alessi,138
J Ray Ormond,J Ray Ormond,137
Park Dietz,Park Dietz,135
Jeffrey Pagliuca,Jeffrey Pagliuca,132
Lanna Belohlavek,Lanna Belohlavek,131
Det Joe Recarey,Det Joe Recarey,131
Paul M Daugerdas,Paul M Daugerdas,129
Mark S Cohen,Mark S Cohen,125
Larry Visoski,Larry Visoski,124
Laura Menninger,Laura Menninger,123
Minor Victim-3,Minor Victim-3,120
J Epstein,J Epstein,115
Bobbi Sternheim,Bobbi Sternheim,110
Shirley Skipper-Scott,Shirley Skipper-Scott,110
R Alexander Acosta,R Alexander Acosta,108
Catherine O'Hagan Wolfe,Catherine O'Hagan Wolfe,108
G Maxwell,G Maxwell,100
Minor Victim-1,Minor Victim-1,99
B Bc,B Bc,94
Catherine Conrad,Catherine Conrad,93
Minor Victim-2,Minor Victim-2,90
Michael Thomas,Michael Thomas,88
Minor Victim-4,Minor Victim-4,84
James Petrucci,James Petrucci,84
Jack A Goldberger,Jack A Goldberger,80
Tova Noel,Tova Noel,80
Dave Rodgers,Dave Rodgers,79
Ghislain Maxwell,Ghislain Maxwell,77
Amanda Young,Amanda Young,77
Jane Doe,Jane Doe,76
Brad Edwards,Brad Edwards,76
Judge Pauley,Judge Pauley,74
Jeffery Epstein,Jeffery Epstein,74
Gerald Lefcourt,Gerald Lefcourt,74
Lilly Ann Sanchez,Lilly Ann Sanchez,71
Jeff Epstein,Jeff Epstein,71
Virginia Giuffre,Virginia Giuffre,69
Judge Preska,Judge Preska,69
Det Dawson,Det Dawson,67
Sigrid S Mccawley,Sigrid S Mccawley,66
David Oscar Markus,David Oscar Markus,65
Juror No,Juror No,64
Alan Dershowitz,Alan Dershowitz,64
David Rodgers,David Rodgers,64
Paul Byrne,Paul Byrne,60
David Boies,David Boies,59
Theresa Trzaskoma,Theresa Trzaskoma,58
Nadia Marcinkova,Nadia Marcinkova,57
Beef Knuckles,Beef Knuckles,57
Maria Farmer,Maria Farmer,56
Cecilia Steen,Cecilia Steen,55
David Parse,David Parse,53
Donald Trump,Donald Trump,52
Nicole Simmons,Nicole Simmons,51
Alfredo Rodriguez,Alfredo Rodriguez,51
Analisa Torres,Analisa Torres,51
Jack Goldberger,Jack Goldberger,50
Judge Berman,Judge Berman,49
Bill Clinton,Bill Clinton,49
Jeff Pagliuca,Jeff Pagliuca,49
Joe Recarey,Joe Recarey,49
William Juli,William Juli,48
Sunny Drescher,Sunny Drescher,47
Joseph Recarey,Joseph Recarey,47
A Marie Villafana,A Marie Villafana,47
Sigrid Mccawley,Sigrid Mccawley,46
Lisa Rocchio,Lisa Rocchio,46
Jay Lefkowitz,Jay Lefkowitz,46
A Farmer,A Farmer,46
Sophia Papapetru,Sophia Papapetru,45
Debra Ann Livingston,Debra Ann Livingston,45
Mark Stewart Cohen,Mark Stewart Cohen,44
Elizabeth Loftus,Elizabeth Loftus,43
Hall Rcw,Hall Rcw,43
Detective Recarey,Detective Recarey,43
Reid Weingarten,Reid Weingarten,43
Mark Cohen,Mark Cohen,42
Barry Krischer,Barry Krischer,42
Nada Marcinkova,Nada Marcinkova,42
Geoffrey S Berman,Geoffrey S Berman,41
Altomaro Nickie A,Altomaro Nickie A,41
Susan Brune,Susan Brune,40
Jordana H Feldman,Jordana H Feldman,39
Stephen Gillers,Stephen Gillers,39
Prince Andrew,Prince Andrew,39
Judge Sweet,Judge Sweet,39
Paul A Engelmayer,Paul A Engelmayer,39
Nickie A Altomaro,Nickie A Altomaro,38
Martin Weinberg,Martin Weinberg,37
Eva Dubin,Eva Dubin,36
Ann Lundberg,Ann Lundberg,36
Larry Morrison,Larry Morrison,36
Marti Licon-Vitale,Marti Licon-Vitale,35
William H Pauley,William H Pauley,34
John M Leventhal,John M Leventhal,33
Janusz Banasiak,Janusz Banasiak,33
Jane Doe #2,Jane Doe #2,33
Loftus Ef,Loftus Ef,32
Dana Burns,Dana Burns,32
The Witness,The Witness,31
Stan Pottinger,Stan Pottinger,31
Roy Black,Roy Black,31
Sgt Frick,Sgt Frick,31
Lara Elizabeth Pomerantz,Lara Elizabeth Pomerantz,31
Courtney Wild,Courtney Wild,30
Adam Mueller,Adam Mueller,30
Heriberto Tellez,Heriberto Tellez,30
Robert Glassman,Robert Glassman,29
Sarah Ransome,Sarah Ransome,28
Ryan Hall,Ryan Hall,28
Alice Fisher,Alice Fisher,28
Sharon R Bock,Sharon R Bock,28
Mark Epstein,Mark Epstein,28
Pimp Juice,Pimp Juice,28
Princess Jenny,Princess Jenny,27
Lanna Leigh Belohlavek,Lanna Leigh Belohlavek,27
Catherine M Conrad,Catherine M Conrad,26
The Defendant,The Defendant,26
Julie K Brown,Julie K Brown,26
Jeff Sloman,Jeff Sloman,26
Det Sandman,Det Sandman,26
Michael Carvajal,Michael Carvajal,26
Sonya Thompson,Sonya Thompson,26
Nicolas Roos,Nicolas Roos,26
Scotty David,Scotty David,25
Lesley Groff,Lesley Groff,25
Kenneth Starr,Kenneth Starr,25
Judge Mcmahon,Judge Mcmahon,25
Kevin Spacey,Kevin Spacey,25
Michael Greco,Michael Greco,25
G Tali,G Tali,25
Michelle Healy,Michelle Healy,24
Harvey Weinstein,Harvey Weinstein,24
Bill Cosby,Bill Cosby,24
Sophie Biddle,Sophie Biddle,24
Won S Shin,Won S Shin,24
Stephen Flatley,Stephen Flatley,23
Emmy Taylor,Emmy Taylor,23
William Barr,William Barr,23
William O'Donohue,William O'Donohue,23
Martin G Weinberg,Martin G Weinberg,23
Colleen Mcmahon,Colleen Mcmahon,22
Leslie Wexner,Leslie Wexner,22
John Alessi,John Alessi,22
Alison Gainfort Moe,Alison Gainfort Moe,22
Arthur L Aidala,Arthur L Aidala,21
Diana Fabi Samson,Diana Fabi Samson,21
Ghislainc Maxwell,Ghislainc Maxwell,21
Virginia Roberts Giuffre,Virginia Roberts Giuffre,21
Jack Scarola,Jack Scarola,21
Bradley Edwards,Bradley Edwards,21
Daliah Weiss,Daliah Weiss,21
Recarey Joseph,Recarey Joseph,21
Martha Martin,Martha Martin,21
George Malinowski,George Malinowski,21
Ugly Ken Hart,Ugly Ken Hart,21
Claudius English,Claudius English,20
Lisa Marie Rocchio,Lisa Marie Rocchio,20
Minor Victim-6,Minor Victim-6,20
Alex Acosta,Alex Acosta,20
Raymond J Lohier,Raymond J Lohier,20
Sergeant Dawson,Sergeant Dawson,20
Defense Counsel,Defense Counsel,20
Maurene Ryan Comey,Maurene Ryan Comey,20
Ty Gee,Ty Gee,20
John Lopez,John Lopez,19
Doe,Doe,19
Maureen Comey,Maureen Comey,19
Nicole Hesse,Nicole Hesse,19
Patrick J Smith,Patrick J Smith,19
Bennett Gershman,Bennett Gershman,19
Natalie Bennett,Natalie Bennett,19
Virginia L Giuffre,Virginia L Giuffre,19
A Marie Villafaa,A Marie Villafaa,19
Juan P Alessi,Juan P Alessi,19
Guy Fronstin,Guy Fronstin,19
Todd Blanche,Todd Blanche,19
Montell Figgins,Montell Figgins,19
Aileen Josephs,Aileen Josephs,19
Elizabeth Stein,Elizabeth Stein,18
Robert Kelso,Robert Kelso,18
Kelly Bovino,Kelly Bovino,18
Jason Richards,Jason Richards,18
Renato Stabile,Renato Stabile,18
N Bennett,N Bennett,18
W O'Donohue,W O'Donohue,18
Agent Young,Agent Young,18
Amanda Kramer,Amanda Kramer,18
Peter Skinner,Peter Skinner,18
Darren Indyke,Darren Indyke,18
Barry E Krischer,Barry E Krischer,18
Gerald B Lefcourt,Gerald B Lefcourt,18
Warden N'Diaye,Warden N'Diaye,18
Kristen Carannante,Kristen Carannante,18
Kelly Mcguirk,Kelly Mcguirk,18
Jessica Lonergan,Jessica Lonergan,18
Isabel Maxwell,Isabel Maxwell,17
Van Dam,Van Dam,17
Kimba M Wood,Kimba M Wood,17
Sigal Mandelker,Sigal Mandelker,17
Us Attorney,Us Attorney,17
Harry Beller,Harry Beller,17
Marc Fernich,Marc Fernich,17
Attorney General,Attorney General,16
Hatters Friedman S,Hatters Friedman S,16
Dietz Pe,Dietz Pe,16
Garry M,Garry M,16
Maria Alessi,Maria Alessi,16
Jane Doe #3,Jane Doe #3,16
Da Castor,Da Castor,16
Michael Reiter,Michael Reiter,16
Mark Filip,Mark Filip,16
Jane Doe 2,Jane Doe 2,16
John Wallace,John Wallace,16
Kimberly Meder,Kimberly Meder,16
Shelly Lewis,Shelly Lewis,16
Sky Roberts,Sky Roberts,16
Greene Linda C,Greene Linda C,16
Det Recarey,Det Recarey,16
Epstein Jeffrey Edward,Epstein Jeffrey Edward,16
Lieutenant B,Lieutenant B,16
Lea Harmon,Lea Harmon,16
Jeffrey E Epste N,Jeffrey E Epste N,16
David Mullen,David Mullen,16
Rebekah Donaleski,Rebekah Donaleski,16
Teresa Helm,Teresa Helm,15
Donna Guerin,Donna Guerin,15
Juliette Bryant,Juliette Bryant,15
Ted Waitt,Ted Waitt,15
Alexander Hamilton,Alexander Hamilton,15
Robert Maxwell,Robert Maxwell,15
Chief Judge Mcmahon,Chief Judge Mcmahon,15
Jane Doe-1,Jane Doe-1,15
Richard J Sullivan,Richard J Sullivan,15
Adriana Ross,Adriana Ross,15
Jane Doe #1,Jane Doe #1,15
Andrew Lourie,Andrew Lourie,15
Guy Lewis,Guy Lewis,15
Sandra K Mcsorley,Sandra K Mcsorley,15
Jane'S Mother,Jane'S Mother,15
Detective Byrne,Detective Byrne,15
David Rodge,David Rodge,15
Stanley J Okula,Stanley J Okula,14
Carrie Yackee,Carrie Yackee,14
Bradley J Edwards,Bradley J Edwards,14
Randy Kim,Randy Kim,14
Vicky Ward,Vicky Ward,14
Doyle Jm,Doyle Jm,14
Jain A,Jain A,14
Hazelwood Rr,Hazelwood Rr,14
Davis D,Davis D,14
Gwendolyn Beck,Gwendolyn Beck,14
Larry Keller,Larry Keller,14
Pierre N Leval,Pierre N Leval,14
Judge Rakoff,Judge Rakoff,14
Celina Midelfart,Celina Midelfart,14
Emmy Tayler,Emmy Tayler,14
Mike Wallace,Mike Wallace,14
Adriana Mucinska,Adriana Mucinska,14
Amy Lynn,Amy Lynn,14
Theodore J Leopold,Theodore J Leopold,14
Stuart S Mermelstein,Stuart S Mermelstein,14
Officer B,Officer B,14
Katharine H Parker,Katharine H Parker,14
Andrea K Johnstone,Andrea K Johnstone,14
Jos A Cabranes,Jos A Cabranes,14
Jeanne Brennan,Jeanne Brennan,14
Vikki J Benkel,Vikki J Benkel,14
Leah Jean,Leah Jean,14
Kenneth R Feinberg,Kenneth R Feinberg,13
Paul Daugerdas,Paul Daugerdas,13
Paul G Cassell,Paul G Cassell,13
Glenn Dubin,Glenn Dubin,13
Cimberly Espinosa,Cimberly Espinosa,13
Denise L Cote,Denise L Cote,13
Rebecca Forman,Rebecca Forman,13
Ron Desantis,Ron Desantis,13
Paul Cassell,Paul Cassell,13
David Markus,David Markus,13
Tony Higgins,Tony Higgins,13
Morning Watch Lieutenant,Morning Watch Lieutenant,13
Darren K Indyke,Darren K Indyke,13
Kristine Caraannante,Kristine Caraannante,13
David Copperfield,David Copperfield,13
Paula Speer,Paula Speer,13
Paul Shechtman,Paul Shechtman,12
Sally Markham,Sally Markham,12
Professor Loftus,Professor Loftus,12
David Rogers,David Rogers,12
Gerald Laporte,Gerald Laporte,12
Jennifer Naso,Jennifer Naso,12
J Engle,J Engle,12
W O'Donobue,W O'Donobue,12
Sorrentino R,Sorrentino R,12
Alexander Rossmiller,Alexander Rossmiller,12
John Roth,John Roth,12
Tiffany Days,Tiffany Days,12
Jane Doe 1,Jane Doe 1,12
Holly Robson,Holly Robson,12
Jeffrey M Herman,Jeffrey M Herman,12
Day Watch Operations Lieutenant,Day Watch Operations Lieutenant,12
Evening Watch Operations Lieutenant,Evening Watch Operations Lieutenant,12
Robert Y Lewis,Robert Y Lewis,11
Alleged Victim 4,Alleged Victim 4,11
Allison Moe,Allison Moe,11
Todd Spodek,Todd Spodek,11
Ken Lanning,Ken Lanning,11
Lilienfeld So,Lilienfeld So,11
Dietz P,Dietz P,11
David Mulligan,David Mulligan,11
Greg Parkinson,Greg Parkinson,11
Julie Brown,Julie Brown,11
Stephen Rex Brown,Stephen Rex Brown,11
Johanna Sjoberg,Johanna Sjoberg,11
Itzhak Perlman,Itzhak Perlman,11
Eva Anderson,Eva Anderson,11
Michael Aznaran,Michael Aznaran,11
Jeffrey Herman,Jeffrey Herman,11
Sandra Mcsorley,Sandra Mcsorley,11
Christina Venero,Christina Venero,11
N'Diaye Lamine,N'Diaye Lamine,11
Warden Petrucci,Warden Petrucci,11
Judge Raggi,Judge Raggi,11
Andrew Finkelman,Andrew Finkelman,11
J E,J E,11
Henry Pitman,Henry Pitman,11
Bill Richardson,Bill Richardson,11
Linda Childs,Linda Childs,11
Bill Hammond,Bill Hammond,11
Chuck Yeager,Chuck Yeager,11
Camille S Biros,Camille S Biros,10
Laurie Edelstein,Laurie Edelstein,10
Lucia Osborne-Crowley,Lucia Osborne-Crowley,10
Old Chief,Old Chief,10
President Clinton,President Clinton,10
Luc Cohen,Luc Cohen,10
Les Wexner,Les Wexner,10
Bruck M,Bruck M,10
Ryan C W Hall,Ryan C W Hall,10
Minor Victim-5,Minor Victim-5,10
Nathan Siegel,Nathan Siegel,10
Michael Dawson,Michael Dawson,10
Robert P Kelso,Robert P Kelso,10
Special Agent Young,Special Agent Young,10
Maurene R Comey,Maurene R Comey,10
Andrew Oosterbaan,Andrew Oosterbaan,10
Jean Luc Brunel,Jean Luc Brunel,10
Matthew Menchel,Matthew Menchel,10
G Max,G Max,10
Frances Jardine,Frances Jardine,10
Gill Velez,Gill Velez,10
Juan Patricio Alessi,Juan Patricio Alessi,10
Janice Swain,Janice Swain,10
Judge Chin,Judge Chin,10
Bob Marley,Bob Marley,10
Tatum Miller,Tatum Miller,10
Marie Alessi,Marie Alessi,10
Garrett Stein,Garrett Stein,10
Shayna Casdorph,Shayna Casdorph,10
Shirley Skipper Scott,Shirley Skipper Scott,10
Epstein Jeffrey,Epstein Jeffrey,10
Defendant'S Spouse,Defendant'S Spouse,10
Jay Clayton,Jay Clayton,10
David Rodriguez,David Rodriguez,10
Khris Sellin,Khris Sellin,10
Mark Zeff,Mark Zeff,10
Ric L Bradshaw,Ric L Bradshaw,10
Det Krauel,Det Krauel,10
Denis Field,Denis Field,9
Laura Collins,Laura Collins,9
Bin Laden,Bin Laden,9
Ghislane Maxwell,Ghislane Maxwell,9
Leah Saffian,Leah Saffian,9
Alberto Pinto,Alberto Pinto,9
Loftus Gr,Loftus Gr,9
Iva A E Bicanic,Iva A E Bicanic,9
Susan Shelling,Susan Shelling,9
Alison G Moe,Alison G Moe,9
Glen Dubin,Glen Dubin,9
Kelly Maguire,Kelly Maguire,9
Dareh Gregorian,Dareh Gregorian,9
Dan Mangan,Dan Mangan,9
Brittany Henderson,Brittany Henderson,9
Robert Senior,Robert Senior,9
Marie Villafaa,Marie Villafaa,9
Jeffrey H Sloman,Jeffrey H Sloman,9
Dave Rogers,Dave Rogers,9
Eva Andersson,Eva Andersson,9
Adam Perry Lang,Adam Perry Lang,9
Heidi Fleiss,Heidi Fleiss,9
Caristo Nicholas,Caristo Nicholas,9
Joseph R Atterbury,Joseph R Atterbury,9
Jason S Weiss,Jason S Weiss,9
Melnichok Thomas C,Melnichok Thomas C,9
Damien Marley,Damien Marley,9
Jack Johnson,Jack Johnson,9
John Mayer,John Mayer,9
Snoop Dogg,Snoop Dogg,9
Paul Wall,Paul Wall,9
Mike Chaos,Mike Chaos,9
Rosalie Friedman,Rosalie Friedman,9
Perry Bard,Perry Bard,9
Reyes Efrain,Reyes Efrain,9
S Allen Counter,S Allen Counter,9
Benedict H Gross,Benedict H Gross,9
Christine Murray,Christine Murray,9
Debra C Freeman,Debra C Freeman,9
Paula Epstein,Paula Epstein,9
Pamela J Bondi,Pamela J Bondi,9
Edwina Simmonds,Edwina Simmonds,9
Larry Summers,Larry Summers,9
Marc Allan Fernich,Marc Allan Fernich,9
Deborah Anaya,Deborah Anaya,9
Michael Mcdaniel,Michael Mcdaniel,9
Jason E Foy,Jason E Foy,9
Jibby J,Jibby J,9
Michele Pagan,Michele Pagan,9
Detective Pagan,Detective Pagan,9
Cledus Mctavern,Cledus Mctavern,9
Daliah M Weiss,Daliah M Weiss,9
David Benhamou,David Benhamou,8
Nanette Davis,Nanette Davis,8
Examiner Flatley,Examiner Flatley,8
Martha Stewart,Martha Stewart,8
Barry Berke,Barry Berke,8
Alison Nathan,Alison Nathan,8
Todd A Spodek,Todd A Spodek,8
William Brown,William Brown,8
Craig Brubaker,Craig Brubaker,8
Lawrence Visoski,Lawrence Visoski,8
Camille Delgado,Camille Delgado,8
Michael Casey,Michael Casey,8
David E Mccraw,David E Mccraw,8
Alena Lynch,Alena Lynch,8
Chapman Mj,Chapman Mj,8
Cooke B,Cooke B,8
Minor Victims,Minor Victims,8
Myers W,Myers W,8
Bernstein Dm,Bernstein Dm,8
Merckelbach H,Merckelbach H,8
P Kevin Castel,P Kevin Castel,8
Jay Barnes,Jay Barnes,8
Brent English,Brent English,8
Levine H,Levine H,8
Sean Watson,Sean Watson,8
Jane Does,Jane Does,8
Dan Stein,Dan Stein,8
Tony Figueroa,Tony Figueroa,8
Jane Doe #4,Jane Doe #4,8
Jane Doe 4,Jane Doe 4,8
Jane Doe 3,Jane Doe 3,8
Ken Starr,Ken Starr,8
Oregero Laura D,Oregero Laura D,8
Michael R Tein,Michael R Tein,8
Mike Jones,Mike Jones,8
Oregero Laura,Oregero Laura,8
Lana Belohlavek,Lana Belohlavek,8
Jeffrey Edward,Jeffrey Edward,8
Kevin Pistro,Kevin Pistro,8
Loretta A Preska,Loretta A Preska,8
Maxwell'S Spouse,Maxwell'S Spouse,8
Karl Metzner,Karl Metzner,8
Leah S Saffian,Leah S Saffian,8
Shelley Lewis,Shelley Lewis,8
Martin Nowak,Martin Nowak,8
Jason Erroy Foy,Jason Erroy Foy,8
Sara Kellen,Sara Kellen,8
Douglas Schoettle,Douglas Schoettle,8
Dorothy Mantooth,Dorothy Mantooth,8
Chief Psychologist,Chief Psychologist,7
Wendy Olson,Wendy Olson,7
Judge Kaplan,Judge Kaplan,7
Preet Bharara,Preet Bharara,7
Dennis Donahue,Dennis Donahue,7
Justice Brennan,Justice Brennan,7
Marci A Hamilton,Marci A Hamilton,7
Kevin Maxwell,Kevin Maxwell,7
Jack B Weinstein,Jack B Weinstein,7
Margaret A Berger,Margaret A Berger,7
Alexander Acosta,Alexander Acosta,7
Hillary Clinton,Hillary Clinton,7
Keith Raniere,Keith Raniere,7
Ghislaine Noelle Marion Maxwell,Ghislaine Noelle Marion Maxwell,7
Greene E,Greene E,7
Warren Ji,Warren Ji,7
Zhu B,Zhu B,7
Chen C,Chen C,7
Lin C,Lin C,7
Dong Q,Dong Q,7
Laney C,Laney C,7
Frenda Sj,Frenda Sj,7
Lynn Sj,Lynn Sj,7
Rada Rt,Rada Rt,7
Judge Engelmayer,Judge Engelmayer,7
Conte J R,Conte J R,7
Michael Miller,Michael Miller,7
Paul Kane,Paul Kane,7
Judge Netburn,Judge Netburn,7
Meredith Schultz,Meredith Schultz,7
Stanley Pottinger,Stanley Pottinger,7
Bernard R Siskin,Bernard R Siskin,7
Andrew C Lourie,Andrew C Lourie,7
Jeff Schantz,Jeff Schantz,7
Chris Tucker,Chris Tucker,7
Jeff Shantz,Jeff Shantz,7
Mary Alessi,Mary Alessi,7
Marvin Minsky,Marvin Minsky,7
Shaun Nedwick,Shaun Nedwick,7
Jose Alessi,Jose Alessi,7
William Tucker,William Tucker,7
Janusz Banasiack,Janusz Banasiack,7
L Cristina Griffith,L Cristina Griffith,7
Skipper-Scott S,Skipper-Scott S,7
Morning Watch Operations Lieutenant,Morning Watch Operations Lieutenant,7
C Edge,C Edge,7
Edward Friedland,Edward Friedland,7
Ray Ormon,Ray Ormon,7
Jeffrey E,Jeffrey E,7
Judge Richard M Berman,Judge Richard M Berman,7
Michael J Fitzpatrick,Michael J Fitzpatrick,7
Jonathan David Farley,Jonathan David Farley,7
Kenneth Hyle,Kenneth Hyle,7
Bernie Madoff,Bernie Madoff,7
Lawrence Vogelman,Lawrence Vogelman,7
Richard D Kahn,Richard D Kahn,7
David Perry,David Perry,7
Nathan J,Nathan J,7
Miles Alexander,Miles Alexander,7
Peg Ugland,Peg Ugland,7
David Rodger,David Rodger,7
Perry Langadam,Perry Langadam,7
Judge Pickholz,Judge Pickholz,7
Andrew A Rohrbach,Andrew A Rohrbach,7
Moya Goretti,Moya Goretti,7
Heidi Fliess,Heidi Fliess,7
Det Caristo,Det Caristo,7
Rush Limbaugh,Rush Limbaugh,7
Jeff Williams,Jeff Williams,7
Larry Visoaki,Larry Visoaki,7
Michelle Pagan,Michelle Pagan,7
Dell Riley Kiraly,Dell Riley Kiraly,7
Erwin Mayer,Erwin Mayer,6
Phil Allen,Phil Allen,6
David K Parse,David K Parse,6
Paul Schoeman,Paul Schoeman,6
Barry H Berke,Barry H Berke,6
Theresa Parse,Theresa Parse,6
Bridget Rodgers,Bridget Rodgers,6
Nesbitt Kuyrkendall,Nesbitt Kuyrkendall,6
Epstein'S Mother,Epstein'S Mother,6
Joseph Pecorino,Joseph Pecorino,6
Ben Sasse,Ben Sasse,6
Keating Jp,Keating Jp,6
Minor Victim-7,Minor Victim-7,6
Goodman J,Goodman J,6
Wagoner R,Wagoner R,6
Ellis R,Ellis R,6
Jessica Engle,Jessica Engle,6
Pacheco Ca,Pacheco Ca,6
Blakey Re,Blakey Re,6
Abraham J,Abraham J,6
Platt De,Platt De,6
Knoll J,Knoll J,6
Chapman M,Chapman M,6
Jane Doe-4,Jane Doe-4,6
Martell Da,Martell Da,6
Patihis L,Patihis L,6
Tolou-Shams M,Tolou-Shams M,6
Resnick Pj,Resnick Pj,6
Wall B,Wall B,6
Lisa M Rocchio,Lisa M Rocchio,6
Baker Sp,Baker Sp,6
Judge Garaufis,Judge Garaufis,6
Matthew Russell Lee,Matthew Russell Lee,6
Lanning K V,Lanning K V,6
Christine N Walz,Christine N Walz,6
Lilly Sanchez,Lilly Sanchez,6
Andy Lourie,Andy Lourie,6
Special Agent,Special Agent,6
Michele Dargan,Michele Dargan,6
Leo Sure Chief,Leo Sure Chief,6
John Ashcroft,John Ashcroft,6
George W Bush,George W Bush,6
Matthew I Menchel,Matthew I Menchel,6
Ann Marie C Villafaa,Ann Marie C Villafaa,6
Chief Reiter,Chief Reiter,6
Jeffrey Sloman,Jeffrey Sloman,6
Gregory Parkinson,Gregory Parkinson,6
Tracy Chapell,Tracy Chapell,6
Ron Burckle,Ron Burckle,6
Eric Gany,Eric Gany,6
Richard Barnett,Richard Barnett,6
Sergeant Michael Dawson,Sergeant Michael Dawson,6
Annette Badger,Annette Badger,6
Cim Espinosa,Cim Espinosa,6
Agent Maguire,Agent Maguire,6
Special Agent Maguire,Special Agent Maguire,6
Detective Joseph Recarey,Detective Joseph Recarey,6
Dave Mulligan,Dave Mulligan,6
Y. Doe,Y. Doe,6
Lou Dog,Lou Dog,6
Det Melnichok,Det Melnichok,6
Bedoya Brooke,Bedoya Brooke,6
Lord Of The Fire,Lord Of The Fire,6
Lisa Ethel,Lisa Ethel,6
Zack Brian,Zack Brian,6
Benjamin Bryan,Benjamin Bryan,6
David A Cruz,David A Cruz,6
William L Tucker,William L Tucker,6
Paul J Abrams,Paul J Abrams,6
Linda C Greene,Linda C Greene,6
Guy P Fronstin,Guy P Fronstin,6
Ds Ballard,Ds Ballard,6
Mary Williams,Mary Williams,6
Stacey Taylor,Stacey Taylor,6
Asa Daliah Weiss,Asa Daliah Weiss,6
Janusz Banasaik,Janusz Banasaik,6
Efrain Reyes,Efrain Reyes,6
Shirley V Skipper,Shirley V Skipper,6
Hugh J Hurwitz,Hugh J Hurwitz,6
J Petrucci,J Petrucci,6
Andre Matevousian,Andre Matevousian,6
Nancy Ayers,Nancy Ayers,6
Judge Sullivan,Judge Sullivan,6
John Csakany,John Csakany,6
Marc Dreier,Marc Dreier,6
Abdellatif El Mokadem,Abdellatif El Mokadem,6
John S Davis,John S Davis,6
Defendant'S Husband,Defendant'S Husband,6
Dashawn Robertson,Dashawn Robertson,6
Potential Defense Witnesses,Potential Defense Witnesses,6
Richard J Durbin,Richard J Durbin,6
Barack Obama,Barack Obama,6
Judge Keenan,Judge Keenan,6
William S Duffey,William S Duffey,6
Patrick Ho,Patrick Ho,6
Hans Peterson,Hans Peterson,6
Chris Everdell,Chris Everdell,6
David Redding,David Redding,6
Keith E Rooney,Keith E Rooney,6
Henry Rosovsky,Henry Rosovsky,6
George Mitchell,George Mitchell,6
James L Brochin,James L Brochin,6
Robert A Katzmann,Robert A Katzmann,6
Kelly Surina,Kelly Surina,6
L Menninger,L Menninger,6
Paula Speers,Paula Speers,6
Goretti Moya,Goretti Moya,6
Montel Figgins,Montel Figgins,6
Douglas Mitchell,Douglas Mitchell,6
Carol Ganley,Carol Ganley,6
Recary Joseph,Recary Joseph,6
Theodore Leopold,Theodore Leopold,6
Steven Lavelle,Steven Lavelle,6
La Tosha Lowe,La Tosha Lowe,6
M J Epstein,M J Epstein,6
Alfredo A Rodriguez,Alfredo A Rodriguez,6
Daniel Estes,Daniel Estes,6
Tiffany Rich,Tiffany Rich,6
Abbe David Lowell,Abbe David Lowell,5
Guzman Loera,Guzman Loera,5
Justice Blackmun,Justice Blackmun,5
Saddam Hussein,Saddam Hussein,5
Ian Maxwell,Ian Maxwell,5
Daniel Bates,Daniel Bates,5
Miss Maxwell,Miss Maxwell,5
Joseph M Mclaughlin,Joseph M Mclaughlin,5
United States,United States,5
Brennan J,Brennan J,5
Oj Simpson,Oj Simpson,5
Carolyn Andriano,Carolyn Andriano,5
Mcelvaney R,Mcelvaney R,5
London K,London K,5
Greene S,Greene S,5
Hogan D,Hogan D,5
Priebe G,Priebe G,5
Rosner R,Rosner R,5
Friedman S,Friedman S,5
Steve Bannon,Steve Bannon,5
Victim-4,Victim-4,5
Ann Burgess,Ann Burgess,5
Van Arsdall,Van Arsdall,5
Loftus E F,Loftus E F,5
Nichols Rm,Nichols Rm,5
Grady Rh,Grady Rh,5
Dysart Je,Dysart Je,5
Lynn S J,Lynn S J,5
Burgess Aw,Burgess Aw,5
Judge Furman,Judge Furman,5
Howe Ml,Howe Ml,5
S Craven,S Craven,5
Laporte G,Laporte G,5
Sadoff Rl,Sadoff Rl,5
Reid Wh,Reid Wh,5
Groth A N,Groth A N,5
Ausa Rossmiller,Ausa Rossmiller,5
Pete Skinner,Pete Skinner,5
Berliner L,Berliner L,5
Sanford L Bohrer,Sanford L Bohrer,5
Ceci S J,Ceci S J,5
Laura Johnson,Laura Johnson,5
Wolf S,Wolf S,5
Amanda Lazlo,Amanda Lazlo,5
Michael Edmondson,Michael Edmondson,5
Eric Holder,Eric Holder,5
Robert W Sweet,Robert W Sweet,5
Ashley Collman,Ashley Collman,5
Cynthia Mcfadden,Cynthia Mcfadden,5
Anita Kumar,Anita Kumar,5
Emily Peck,Emily Peck,5
Nicole Janok,Nicole Janok,5
Ivan Fisher,Ivan Fisher,5
Damaris Pina,Damaris Pina,5
Dominique Hyppolite,Dominique Hyppolite,5
S Kellen,S Kellen,5
Special Agent Richards,Special Agent Richards,5
Marilyn Monroe,Marilyn Monroe,5
Ewan Mcgregor,Ewan Mcgregor,5
Benjamin Skyler Bryan,Benjamin Skyler Bryan,5
Mary Parker,Mary Parker,5
La Swii,La Swii,5
Adam D Horowitz,Adam D Horowitz,5
Parkinson Gregory A,Parkinson Gregory A,5
Shaffer Sarah,Shaffer Sarah,5
Jane Doe No. 3,Jane Doe No. 3,5
The Lucky One,The Lucky One,5
Michael David Friedman,Michael David Friedman,5
Valdson Vieira Cotrin,Valdson Vieira Cotrin,5
Isn'T It Ironic,Isn'T It Ironic,5
Pagan Michele D,Pagan Michele D,5
Veronica Montanez,Veronica Montanez,5
Daliah H Weiss,Daliah H Weiss,5
Donnie Murrell,Donnie Murrell,5
Deus Ex Machina,Deus Ex Machina,5
Purple Stuff In My Cup,Purple Stuff In My Cup,5
Kathy Back,Kathy Back,5
Lisa Marie,Lisa Marie,5
Ormond Ray,Ormond Ray,5
Lamine N'Diay,Lamine N'Diay,5
Inmate Epstein,Inmate Epstein,5
James C Wills,James C Wills,5
Adam Johnson,Adam Johnson,5
Darrin Howard,Darrin Howard,5
James Petucci,James Petucci,5
Michael Baden,Michael Baden,5
Electronics Technician,Electronics Technician,5
Associate Warden,Associate Warden,5
Lieutenant B Bc,Lieutenant B Bc,5
Dominique Strauss-Kahn,Dominique Strauss-Kahn,5
Victims,Victims,5
Won Shin,Won Shin,5
Jean-Luc Brunel,Jean-Luc Brunel,5
Alison J Moe,Alison J Moe,5
Doe 1,Doe 1,5
Heather Mann,Heather Mann,5
David Roddy,David Roddy,5
Ethel Rosenberg,Ethel Rosenberg,5
J Ruan,J Ruan,5
David Muller,David Muller,5
Valdson Cotrin,Valdson Cotrin,5
Claire Hazel,Claire Hazel,5
E Simmonds,E Simmonds,5
Melissa Madrigal,Melissa Madrigal,5
Shannon Healy,Shannon Healy,5
Michael Campion Miller,Michael Campion Miller,5
Martin Gary Weinberg,Martin Gary Weinberg,5
Michael Gerard Scavelli,Michael Gerard Scavelli,5
James Brochin,James Brochin,5
Kenneth E Brown,Kenneth E Brown,5
Jason Foy,Jason Foy,5
Rosa Monckton,Rosa Monckton,5
Joe Pagano,Joe Pagano,5
Samantha Boardman,Samantha Boardman,5
Marie Villafona,Marie Villafona,5
Anna Belohlavek,Anna Belohlavek,5
Det Dicks,Det Dicks,5
Dick Painter,Dick Painter,5
I Heart Garrett Stein,I Heart Garrett Stein,5
Judith F Consor,Judith F Consor,5
Andy Dios,Andy Dios,5
Triple J,Triple J,5
Girl From Ipanema,Girl From Ipanema,5
Zack Bryan,Zack Bryan,5
The Tragic Tale Of You And Me,The Tragic Tale Of You And Me,5
Lisa Hurley,Lisa Hurley,4
R Craig Brubaker,R Craig Brubaker,4
Bob Price,Bob Price,4
John Beery,John Beery,4
Matt Coleman,Matt Coleman,4
Linda Rs,Linda Rs,4
Richard D,Richard D,4
James Yetter,James Yetter,4
Andrew Miller,Andrew Miller,4
Theresa Trzskoma,Theresa Trzskoma,4
Justice O'Connor,Justice O'Connor,4
D Luban,D Luban,4
Robert Greisman,Robert Greisman,4
Raymond Craig Brubaker,Raymond Craig Brubaker,4
Frank Rosa,Frank Rosa,4
Joel B Rudin,Joel B Rudin,4
Julie Blackman,Julie Blackman,4
Michael Franck,Michael Franck,4
Kimberly Espinosa,Kimberly Espinosa,4
Bruce A Green,Bruce A Green,4
Gus J Solomon,Gus J Solomon,4
Norman Dorsen,Norman Dorsen,4
Adam Hollander,Adam Hollander,4
Jeremy Peterson,Jeremy Peterson,4
Robert Conrad,Robert Conrad,4
Michael Toporek,Michael Toporek,4
Nicole Bencik,Nicole Bencik,4
Sheila D Denzler,Sheila D Denzler,4
Robert J Conrad,Robert J Conrad,4
Victor M Serby,Victor M Serby,4
Viviann Stapp,Viviann Stapp,4
Philip Maxwell,Philip Maxwell,4
Suann Ingle,Suann Ingle,4
Kendra Melrose,Kendra Melrose,4
Michelle Healey,Michelle Healey,4
Henry J Miller,Henry J Miller,4
Kenneth Norwick,Kenneth Norwick,4
Roger Salhi,Roger Salhi,4
Lynn Fontanilla,Lynn Fontanilla,4
Laura Pomerantz,Laura Pomerantz,4
Wendy Olsen,Wendy Olsen,4
Vernon S Broderick,Vernon S Broderick,4
Hershkowitz I,Hershkowitz I,4
Lanes O,Lanes O,4
Gulbrandsen W,Gulbrandsen W,4
Mossige S,Mossige S,4
Reichelt S,Reichelt S,4
Lindblad F,Lindblad F,4
Kilpatrick Dg,Kilpatrick Dg,4
Saunders Be,Saunders Be,4
Ceci Sj,Ceci Sj,4
Goodman Gs,Goodman Gs,4
Resnick Hs,Resnick Hs,4
Best Cl,Best Cl,4
Schooler Jw,Schooler Jw,4
Scott C,Scott C,4
Tamburello A,Tamburello A,4
Packer S,Packer S,4
Leon Festinger,Leon Festinger,4
Gerry Edelman,Gerry Edelman,4
Von Foelkel,Von Foelkel,4
Tardif I,Tardif I,4
Sarmiento B,Sarmiento B,4
Hazard Sc,Hazard Sc,4
Marriner B,Marriner B,4
Tseng T,Tseng T,4
Rich W,Rich W,4
Robert Wesley,Robert Wesley,4
Kaufman A,Kaufman A,4
Candilis P,Candilis P,4
Kolla N,Kolla N,4
Mossman D,Mossman D,4
Kenedi C,Kenedi C,4
Wisner K,Wisner K,4
Glezer A,Glezer A,4
Appleby B,Appleby B,4
Kaasa So,Kaasa So,4
Stark Cel,Stark Cel,4
Ho Ly,Ho Ly,4
Fenn Km,Fenn Km,4
Van Ijzendoorn,Van Ijzendoorn,4
Naseem Miller,Naseem Miller,4
Jamieson A,Jamieson A,4
Ted Diskant,Ted Diskant,4
Karl Roye,Karl Roye,4
William Walters,William Walters,4
Emily R Dworkin,Emily R Dworkin,4
Anna E Jaffe,Anna E Jaffe,4
Michele Bedard-Gilligan,Michele Bedard-Gilligan,4
Skye Fitzpatrick,Skye Fitzpatrick,4
Caron Zlotnick,Caron Zlotnick,4
Meredith Warshaw,Meredith Warshaw,4
Kaye N,Kaye N,4
Day T,Day T,4
Wells Gl,Wells Gl,4
Piel J,Piel J,4
Merrell Dow,Merrell Dow,4
Cochrane Ti,Cochrane Ti,4
Le T,Le T,4
Day Tr,Day Tr,4
Myers Wc,Myers Wc,4
Wagenaar Wa,Wagenaar Wa,4
Thurgood Marshall,Thurgood Marshall,4
Muhanad Mahmoud Al-Farekh,Muhanad Mahmoud Al-Farekh,4
Phillips Rtm,Phillips Rtm,4
Elizabeth F Loftus,Elizabeth F Loftus,4
Yang S,Yang S,4
Levin A,Levin A,4
Kass E,Kass E,4
Stephens J,Stephens J,4
Denise Parisi,Denise Parisi,4
Kilpatrick D G,Kilpatrick D G,4
Resnick H S,Resnick H S,4
Summit R C,Summit R C,4
Dunlap Pk,Dunlap Pk,4
Dm Hughes,Dm Hughes,4
Steve Anthony,Steve Anthony,4
Cynthia A Gierhart,Cynthia A Gierhart,4
Finkelhor D,Finkelhor D,4
Strauss A,Strauss A,4
Dvoskin Ja,Dvoskin Ja,4
Gregory Cj,Gregory Cj,4
Feldman J,Feldman J,4
Christiansen J R,Christiansen J R,4
Blake R H,Blake R H,4
Smith T,Smith T,4
Browne K,Browne K,4
Craven S,Craven S,4
Brown S,Brown S,4
Gilchrist E,Gilchrist E,4
Elliott M,Elliott M,4
Kilcoyne J,Kilcoyne J,4
Gillespie A,Gillespie A,4
Howitt D,Howitt D,4
Leberg E,Leberg E,4
O'Connell R,O'Connell R,4
Judge Donnelly,Judge Donnelly,4
Lilly Ann Sangrez,Lilly Ann Sangrez,4
Levine Lj,Levine Lj,4
Jon Kyl,Jon Kyl,4
Marty Weinberg,Marty Weinberg,4
Ross Gow,Ross Gow,4
J Stanley Pottinger,J Stanley Pottinger,4
Ming He,Ming He,4
Bruce Castor,Bruce Castor,4
Barbara Guggenheim,Barbara Guggenheim,4
Andrea Constand,Andrea Constand,4
Senator Leahy,Senator Leahy,4
Landon Thomas,Landon Thomas,4
Jeffrey Martin,Jeffrey Martin,4
Ann Marie C Villafana,Ann Marie C Villafana,4
Da Ferman,Da Ferman,4
Mariamma Viju,Mariamma Viju,4
Sharon Churcher,Sharon Churcher,4
Pete Brush,Pete Brush,4
Fidel Castro,Fidel Castro,4
Jane'S Father,Jane'S Father,4
Michael William Aznaran,Michael William Aznaran,4
President Trump,President Trump,4
Selena Dubin,Selena Dubin,4
Henry Drecky,Henry Drecky,4
David James Mulligan,David James Mulligan,4
Janine Gill,Janine Gill,4
Mike Baker,Mike Baker,4
Susan Pope,Susan Pope,4
Judge Sand,Judge Sand,4
Casey Wasserman,Casey Wasserman,4
Byron Elrod,Byron Elrod,4
Detective Allen,Detective Allen,4
Sgt Thompson,Sgt Thompson,4
Christopher Bryant,Christopher Bryant,4
Bill Clint,Bill Clint,4
Steve Kiraly,Steve Kiraly,4
Bill Riley,Bill Riley,4
Beauty In Bloody Love,Beauty In Bloody Love,4
Courtney Wilde,Courtney Wilde,4
Elmer Gudger,Elmer Gudger,4
Donald Dement,Donald Dement,4
Teala Davies,Teala Davies,4
Michael Friedman,Michael Friedman,4
Cypress Hill,Cypress Hill,4
Radio Head,Radio Head,4
The Smashing Pumpkins,The Smashing Pumpkins,4
The White Stripes,The White Stripes,4
The Strokes,The Strokes,4
No Doubt,No Doubt,4
Bryant Christopher,Bryant Christopher,4
Eazzy Mutha Fuckin E,Eazzy Mutha Fuckin E,4
Harry E Krischer,Harry E Krischer,4
Michael Salnick,Michael Salnick,4
Needs That Hair From Zoro,Needs That Hair From Zoro,4
Zach Bryan,Zach Bryan,4
Kellen Sarah Lynnelle,Kellen Sarah Lynnelle,4
S Shaffer,S Shaffer,4
Allen Autumn,Allen Autumn,4
Mike Friedman,Mike Friedman,4
Lana Belohlavic,Lana Belohlavic,4
Burfield Kurt,Burfield Kurt,4
Bryan Benjamin Skyler,Bryan Benjamin Skyler,4
Lamine N'Diaye Petrucci,Lamine N'Diaye Petrucci,4
Jim Epstein,Jim Epstein,4
Ad Thompson,Ad Thompson,4
Shirley V Skipper-Scot,Shirley V Skipper-Scot,4
M D Carvajal,M D Carvajal,4
D Shinn,D Shinn,4
N C English,N C English,4
Officer B Bc,Officer B Bc,4
Ric Bradshaw,Ric Bradshaw,4
Sis Lieutenant,Sis Lieutenant,4
Michael Horowitz,Michael Horowitz,4
William P Barr,William P Barr,4
M Epstein,M Epstein,4
Defense Staff,Defense Staff,4
Defense Expertsadvisors,Defense Expertsadvisors,4
Susan Bateman,Susan Bateman,4
Janice Bernard,Janice Bernard,4
Judge Salas,Judge Salas,4
Thomas Mckay,Thomas Mckay,4
Gleeson J,Gleeson J,4
William Sweeney,William Sweeney,4
Philippe Jaegle,Philippe Jaegle,4
Margo K Brodie,Margo K Brodie,4
Rosemary S Pooler,Rosemary S Pooler,4
Reena Raggi,Reena Raggi,4
William Jule,William Jule,4
David Perry Qc,David Perry Qc,4
Warden Tellez,Warden Tellez,4
Olivier Laude,Olivier Laude,4
Andy Stewart,Andy Stewart,4
David Rodafe,David Rodafe,4
Alger Hiss,Alger Hiss,4
Alexandra Dixon,Alexandra Dixon,4
Ron Burkle,Ron Burkle,4
Julius Rosenberg,Julius Rosenberg,4
Christine Maxwell,Christine Maxwell,4
Je Epstein,Je Epstein,4
Joseph Abruzzo,Joseph Abruzzo,4
Nathan Myhrvold,Nathan Myhrvold,4
Tom Murray,Tom Murray,4
David Mitchell,David Mitchell,4
Ruth Pickholz,Ruth Pickholz,4
Jennifer Gaffney,Jennifer Gaffney,4
Joseph Jaffe,Joseph Jaffe,4
Professor Dershowitz,Professor Dershowitz,4
Thomas Murray,Thomas Murray,4
Katielynn Boyd Townsend,Katielynn Boyd Townsend,4
Eve Giniger,Eve Giniger,4
Kristen Mckeown,Kristen Mckeown,4
Mort Zuckerman,Mort Zuckerman,4
Van Thournout,Van Thournout,4
Det Lee,Det Lee,4
Lauren Murphy,Lauren Murphy,4
Jos Lambiet,Jos Lambiet,4
Joe Lieberman,Joe Lieberman,4
Hugh Hefner,Hugh Hefner,4
Barbara Burns,Barbara Burns,4
Mike Edmondson,Mike Edmondson,4
Jack Goldberg,Jack Goldberg,4
Colleen Maloof,Colleen Maloof,4
William Kennedy Smith,William Kennedy Smith,4
Peggy Siegal,Peggy Siegal,4
Curtis D Krauel,Curtis D Krauel,4
Jerry Goldsmith,Jerry Goldsmith,4
Al Gore,Al Gore,4
Barbara J Burns,Barbara J Burns,4
Andrea Musinska,Andrea Musinska,4
Lana Belohavek,Lana Belohavek,4
B Hammond,B Hammond,4
Leah Kleman,Leah Kleman,4
Jessie Jones,Jessie Jones,4
Alan Greenspan,Alan Greenspan,4
Todd Meister,Todd Meister,4
Jack Shephard,Jack Shephard,4
James Truman,James Truman,4
Atty Donnie Murrell,Atty Donnie Murrell,4
Beata Banasiak,Beata Banasiak,4
Zara Bailey,Zara Bailey,4
Chris Keen,Chris Keen,4
Torres Josef,Torres Josef,4
Asa Weiss,Asa Weiss,4
Kaytlyn Marie,Kaytlyn Marie,4
Ben Affleck,Ben Affleck,4
James Cayne,James Cayne,4
Gregory A Parkinson,Gregory A Parkinson,4
Stephanie Burns,Stephanie Burns,4
Paul Blanchard,Paul Blanchard,4
Kandace Blanchard,Kandace Blanchard,4
Steven Andrew,Steven Andrew,4
Michael Stroll,Michael Stroll,4
Ace Greenberg,Ace Greenberg,4
Jerry Perenchio,Jerry Perenchio,4
Elisabeth Maxwell,Elisabeth Maxwell,3
Catherine Vaughan-Edwards,Catherine Vaughan-Edwards,3
Miss Roberts,Miss Roberts,3
Andrew Brettler,Andrew Brettler,3
Barry Kamins,Barry Kamins,3
Imran H Ansari,Imran H Ansari,3
Posner J,Posner J,3
Justice Stevens,Justice Stevens,3
Von Bulow,Von Bulow,3
Harriett Jagger,Harriett Jagger,3
Lex Wexner,Lex Wexner,3
Juror A,Juror A,3
Juror B,Juror B,3
Sheldon Barr,Sheldon Barr,3
Thomas Gardner,Thomas Gardner,3
Andrew Tomback,Andrew Tomback,3
Catherine Rosa,Catherine Rosa,3
The Marshal,The Marshal,3
Moira Penza,Moira Penza,3
Jesse M Furman,Jesse M Furman,3
Deputy Weiss,Deputy Weiss,3
Judge Lewis Kaplan,Judge Lewis Kaplan,3
Juror C,Juror C,3
Prince Harry,Prince Harry,3
Judge Calabresi,Judge Calabresi,3
Noeleen Walder,Noeleen Walder,3
Amy Stevens,Amy Stevens,3
Anne Frank,Anne Frank,3
Sarah Palin,Sarah Palin,3
Sun Myung Moon,Sun Myung Moon,3
Christopher D Man,Christopher D Man,3
David Mccraw,David Mccraw,3
Andrew Rohrback,Andrew Rohrback,3
Blackmun J,Blackmun J,3
Robert Sylvester Kelly,Robert Sylvester Kelly,3
William H Pauly,William H Pauly,3
Christine Malina Maxwell,Christine Malina Maxwell,3
Attorney Tomback,Attorney Tomback,3
Lucia Osborn-Croweley,Lucia Osborn-Croweley,3
Judge Caproni,Judge Caproni,3
Bull R,Bull R,3
Davies Gm,Davies Gm,3
Lamb M,Lamb M,3
Wilson L,Wilson L,3
Jeffery Pagliuca,Jeffery Pagliuca,3
Knoll Jl,Knoll Jl,3
M Baranoski,M Baranoski,3
Elizabeth Broderick,Elizabeth Broderick,3
Grisso T,Grisso T,3
Gudjonsson G H,Gudjonsson G H,3
Crowder Jd,Crowder Jd,3
Ressler Rk,Ressler Rk,3
Wells G L,Wells G L,3
Mantonakis A,Mantonakis A,3
Newman Ej,Newman Ej,3
Moyzis Rk,Moyzis Rk,3
Giesbrecht T,Giesbrecht T,3
Hannibal Lecter,Hannibal Lecter,3
Bowman-Fowler N,Bowman-Fowler N,3
Moenssens Aa,Moenssens Aa,3
Peterson T,Peterson T,3
Ramona Alaggia,Ramona Alaggia,3
Delphine Collin-Vzina,Delphine Collin-Vzina,3
Rusan Lateef,Rusan Lateef,3
Spitzer Rl,Spitzer Rl,3
Jordana Feldman,Jordana Feldman,3
Friedman Sh,Friedman Sh,3
Wang J,Wang J,3
Butler B,Butler B,3
Klemfuss Jz,Klemfuss Jz,3
Morris Ek,Morris Ek,3
Nelson Kj,Nelson Kj,3
Williams Kd,Williams Kd,3
Hoffman Hg,Hoffman Hg,3
Sarah Drescher,Sarah Drescher,3
Bradford J,Bradford J,3
Nelson Gardell D,Nelson Gardell D,3
Ungar M,Ungar M,3
Barter K,Barter K,3
Mcconnell S,Mcconnell S,3
Fairholm J,Fairholm J,3
Manber M,Manber M,3
Hall Df,Hall Df,3
A Freud,A Freud,3
Zonana H,Zonana H,3
Shaffer D,Shaffer D,3
De Haas,De Haas,3
Van Berlo,Van Berlo,3
Mazzoni G A L,Mazzoni G A L,3
Joslyn S,Joslyn S,3
Hoffman H,Hoffman H,3
O'Donohue W,O'Donohue W,3
Maier T,Maier T,3
Mohler Kuo M,Mohler Kuo M,3
Schnyder U,Schnyder U,3
Svedin C G,Svedin C G,3
Smith D W,Smith D W,3
Letourneau E J,Letourneau E J,3
Saunders B E,Saunders B E,3
Best C L,Best C L,3
Trocm N,Trocm N,3
Fallon B,Fallon B,3
Maclaurin B,Maclaurin B,3
Sinha V,Sinha V,3
Georgia Winters,Georgia Winters,3
Elizabeth Jeglic,Elizabeth Jeglic,3
Leah Kaylor,Leah Kaylor,3
Abraham K,Abraham K,3
E Jones,E Jones,3
Bender L,Bender L,3
Blau A,Blau A,3
Grugett A E,Grugett A E,3
Bornstein B,Bornstein B,3
Cioffi F,Cioffi F,3
Finch S M,Finch S M,3
Freud A,Freud A,3
Gagnon J H,Gagnon J H,3
Birnbaum H J,Birnbaum H J,3
Isaacs S S,Isaacs S S,3
Johnston M S K,Johnston M S K,3
Kris E,Kris E,3
Cary Anthony Stayner,Cary Anthony Stayner,3
Lock T,Lock T,3
Kohlenberg R J,Kohlenberg R J,3
Bernstein D M,Bernstein D M,3
Rosenwald La,Rosenwald La,3
Al Farekh,Al Farekh,3
Tin Yat Chin,Tin Yat Chin,3
Braun Ka,Braun Ka,3
Manning C,Manning C,3
Hyman Ie,Hyman Ie,3
Brown Ls,Brown Ls,3
Ruggiero K J,Ruggiero K J,3
Thoennes N,Thoennes N,3
Amstadter A B,Amstadter A B,3
Mccauley J L,Mccauley J L,3
Jacquelynn Duron,Jacquelynn Duron,3
Gretchen Hoge,Gretchen Hoge,3
Judy Postmus,Judy Postmus,3
R Kelly,R Kelly,3
Father Gilbert Gauthe,Father Gilbert Gauthe,3
Harry B,Harry B,3
Pitt Se,Pitt Se,3
Spiers Em,Spiers Em,3
Isaac Ray,Isaac Ray,3
Daniel Besselsen,Daniel Besselsen,3
Michael Buscemi,Michael Buscemi,3
Vera Wang,Vera Wang,3
Marshall W L,Marshall W L,3
Hudson S M,Hudson S M,3
Lewis M,Lewis M,3
Sarrel P M,Sarrel P M,3
Lipton G L,Lipton G L,3
Roth E I,Roth E I,3
Mrazek D A,Mrazek D A,3
Rank B,Rank B,3
Revitch E,Revitch E,3
Weiss R G,Weiss R G,3
Rosenfeld A A,Rosenfeld A A,3
Nadelson C C,Nadelson C C,3
Krieger M,Krieger M,3
Backman J H,Backman J H,3
Shengold L L,Shengold L L,3
Singer M,Singer M,3
Hucker Sj,Hucker Sj,3
Pickrell J,Pickrell J,3
Robert Kelly,Robert Kelly,3
He Q,He Q,3
Xue G,Xue G,3
Van Dam C,Van Dam C,3
James Christe,James Christe,3
Victim 1,Victim 1,3
Mathew Nestel,Mathew Nestel,3
Ann Marie Villafaa,Ann Marie Villafaa,3
Nicole Mcfarland,Nicole Mcfarland,3
Judge Broderick,Judge Broderick,3
Michael Cernovich,Michael Cernovich,3
Barry Williams,Barry Williams,3
Jack Abramoff,Jack Abramoff,3
Craig S Morford,Craig S Morford,3
Pbpd Chief Reiter,Pbpd Chief Reiter,3
United States Attorney General,United States Attorney General,3
Deputy Attorney General,Deputy Attorney General,3
Assistant Attorney General,Assistant Attorney General,3
Leslie Fagin,Leslie Fagin,3
Jane Doe #14,Jane Doe #14,3
Jane Doe #13,Jane Doe #13,3
Susan Spencer-Wendel,Susan Spencer-Wendel,3
Eileen Guggenheim,Eileen Guggenheim,3
Bert Fields,Bert Fields,3
Lily Sanchez,Lily Sanchez,3
John E Bies,John E Bies,3
Joe Whitley,Joe Whitley,3
Michael Mukasey,Michael Mukasey,3
Boies Schiller,Boies Schiller,3
James Barron,James Barron,3
Lisette Voytko,Lisette Voytko,3
Spencer Kuvin,Spencer Kuvin,3
William Clinton,William Clinton,3
Joe D Whitley,Joe D Whitley,3
George Hw Bush,George Hw Bush,3
Andrew Rohbach,Andrew Rohbach,3
James Comey,James Comey,3
Risa Vetri Ferman,Risa Vetri Ferman,3
Scott Michels,Scott Michels,3
Sarah Netburn,Sarah Netburn,3
Alan M Dershowitz,Alan M Dershowitz,3
Ceos Chief Oosterbaan,Ceos Chief Oosterbaan,3
Attorney Phillips,Attorney Phillips,3
Dienst J,Dienst J,3
Valiquette J,Valiquette J,3
Winter T,Winter T,3
Fitzpatrick S,Fitzpatrick S,3
Lourie Successor,Lourie Successor,3
Ausa Moe,Ausa Moe,3
Lisa Anasrons,Lisa Anasrons,3
Helen Kim,Helen Kim,3
Jordan Dubin,Jordan Dubin,3
Jane'S Brothers,Jane'S Brothers,3
James Murphy,James Murphy,3
Tim Ambrose,Tim Ambrose,3
Mandy Ellison,Mandy Ellison,3
Laura Casey Wasserman,Laura Casey Wasserman,3
Danny Hillis,Danny Hillis,3
Lisa Moret,Lisa Moret,3
Deus Ex Ma,Deus Ex Ma,3
Dont Take,Dont Take,3
Beef Knuck,Beef Knuck,3
Add Am,Add Am,3
Samatha H,Samatha H,3
Chris L Judson,Chris L Judson,3
Killa Cam,Killa Cam,3
Scott N Richardson,Scott N Richardson,3
Jeffrey Edward E Epstein,Jeffrey Edward E Epstein,3
George Slattery,George Slattery,3
Thomas C Melnichok,Thomas C Melnichok,3
Nada Narcinkova,Nada Narcinkova,3
Rosilee Friedman,Rosilee Friedman,3
Juan Patricio Alessi Munoz,Juan Patricio Alessi Munoz,3
Fuck This City In Your Mouth,Fuck This City In Your Mouth,3
Cyril E King,Cyril E King,3
Epstein Jeff,Epstein Jeff,3
Jane Doe'S Father,Jane Doe'S Father,3
Frick Ronald,Frick Ronald,3
Desmarais Wendy,Desmarais Wendy,3
Ds Shaffer,Ds Shaffer,3
Gangsta Waita,Gangsta Waita,3
Fuck This,Fuck This,3
Lil Wee Cor,Lil Wee Cor,3
Ce King,Ce King,3
Orly Paris,Orly Paris,3
Wendy D Desmarais,Wendy D Desmarais,3
Chanel Bunny,Chanel Bunny,3
Gudger Elmer C,Gudger Elmer C,3
Christina Orpiano,Christina Orpiano,3
Jane Doe'S Mother,Jane Doe'S Mother,3
Jenny Hea,Jenny Hea,3
Joe Recary,Joe Recary,3
Michael C Dawson,Michael C Dawson,3
Sean Phillips,Sean Phillips,3
Dawn Sandberg,Dawn Sandberg,3
Ta Rofano,Ta Rofano,3
S Rosen,S Rosen,3
Janusz Babasaik,Janusz Babasaik,3
Jerry Brabon,Jerry Brabon,3
Thedore J Leopold,Thedore J Leopold,3
Epstein J,Epstein J,3
Jeffery Edward Epstein,Jeffery Edward Epstein,3
Lamine Ndiaye,Lamine Ndiaye,3
R Ormond,R Ormond,3
Day Watch Lieutenant,Day Watch Lieutenant,3
Evening Watch Lieutenant,Evening Watch Lieutenant,3
Sis Lt,Sis Lt,3
Case Management Coordinator,Case Management Coordinator,3
Lt B Bc,Lt B Bc,3
J Sullivan,J Sullivan,3
Unit Manager,Unit Manager,3
Medical Examiner,Medical Examiner,3
Shu Lieutenant,Shu Lieutenant,3
James Wills,James Wills,3
Zeinab Bandpey,Zeinab Bandpey,3
Physician Assistant,Physician Assistant,3
Defendant'S Brother,Defendant'S Brother,3
Judge Gleeson,Judge Gleeson,3
Daniel Patrick Moynihan,Daniel Patrick Moynihan,3
Lisa Margaret Smith,Lisa Margaret Smith,3
Maxwell'S Husband,Maxwell'S Husband,3
Chief Judge,Chief Judge,3
Judge Orenstein,Judge Orenstein,3
John Davis,John Davis,3
Debra Freeman,Debra Freeman,3
Sean Hecker,Sean Hecker,3
Haddon Morgan,Haddon Morgan,3
Marrero J,Marrero J,3
Daniels J,Daniels J,3
Parker J,Parker J,3
Preska J,Preska J,3
Woods J,Woods J,3
Furman J,Furman J,3
Buchwald J,Buchwald J,3
Timothy Williams,Timothy Williams,3
Audrey Cher,Audrey Cher,3
B Houtz,B Houtz,3
Van Cauwenberghe,Van Cauwenberghe,3
Delphine Brach-Thiel,Delphine Brach-Thiel,3
Gary Mckinnon,Gary Mckinnon,3
Philippe Jaegi,Philippe Jaegi,3
Judge Scheindlin,Judge Scheindlin,3
Djamel Beghal,Djamel Beghal,3
Babar Ahmad,Babar Ahmad,3
Scott Marshall,Scott Marshall,3
Janet Marshall,Janet Marshall,3
Philippe Jaegl,Philippe Jaegl,3
Neil S Binder,Neil S Binder,3
David Redfern,David Redfern,3
Lauren Kw Ntner,Lauren Kw Ntner,3
Steve Kosslyn,Steve Kosslyn,3
Diana Cook,Diana Cook,3
Jack P Hill,Jack P Hill,3
Chris Wagner,Chris Wagner,3
Shelly Harrison,Shelly Harrison,3
Kirsti Ferguson,Kirsti Ferguson,3
Leslie H Wexner,Leslie H Wexner,3
David Roth,David Roth,3
Ann Lawesson,Ann Lawesson,3
Mario Biaggi,Mario Biaggi,3
David Redlinger,David Redlinger,3
Dave Aronberg,Dave Aronberg,3
Victoria Hazel,Victoria Hazel,3
Cindy Lopez,Cindy Lopez,3
Kristy Rodgers,Kristy Rodgers,3
Daniel Redgate,Daniel Redgate,3
K Vauchan Edwards,K Vauchan Edwards,3
Kel Mcclanahan,Kel Mcclanahan,3
Tom Ford,Tom Ford,3
Jerome Pierre,Jerome Pierre,3
Alan Stopeck,Alan Stopeck,3
Francis Peadon,Francis Peadon,3
Paul A Engel Mayer,Paul A Engel Mayer,3
Richard C Wesley,Richard C Wesley,3
David R Roberts,David R Roberts,3
Abigail Wexner,Abigail Wexner,3
David Rodey,David Rodey,3
David Ridge,David Ridge,3
Caroline Casey,Caroline Casey,3
Murray Gell-Mann,Murray Gell-Mann,3
Judge Marrah,Judge Marrah,3
Bill Barr,Bill Barr,3
Henry B Pitman,Henry B Pitman,3
Keyana Pompey,Keyana Pompey,3
Jane Doe 8,Jane Doe 8,3
Gloria Allred,Gloria Allred,3
John Moscato,John Moscato,3
Regina Chacon,Regina Chacon,3
Amber Southerland,Amber Southerland,3
Philip Weiss,Philip Weiss,3
Rina Danielson,Rina Danielson,3
Magistrate Judge Pitman,Magistrate Judge Pitman,3
Francesca Tessier-Miller,Francesca Tessier-Miller,3
Sarah K Eddy,Sarah K Eddy,3
Maxwell Ghislaine,Maxwell Ghislaine,3
Jane Doe 7,Jane Doe 7,3
Sonya Ketter Moore,Sonya Ketter Moore,3
Mike Mcdaniel,Mike Mcdaniel,3
James Marsh,James Marsh,3
Bruce King,Bruce King,3
Edgar Bronfman,Edgar Bronfman,3
Pamela Utter,Pamela Utter,3
Judge Torres,Judge Torres,3
Scott S Harris,Scott S Harris,3
Leslie Groff,Leslie Groff,3
Sadie Herbert,Sadie Herbert,3
Brent Tindall,Brent Tindall,3
Matthew A Leish,Matthew A Leish,3
Robert Meister,Robert Meister,3
Leon Black,Leon Black,3
Britany Beale,Britany Beale,3
Larry Visoki,Larry Visoki,3
Christopher Dodd,Christopher Dodd,3
Thomas Rofrano,Thomas Rofrano,3
Ghaline Maxwell,Ghaline Maxwell,3
Officer Munyan,Officer Munyan,3
Ralph Lauren,Ralph Lauren,3
Lisa Moretowhore,Lisa Moretowhore,3
Judge Laura Johnson,Judge Laura Johnson,3
Capt Gudger,Capt Gudger,3
Detective Michelle Pagan,Detective Michelle Pagan,3
Lawrence Paul Visoski,Lawrence Paul Visoski,3
Ken Hart,Ken Hart,3
Lisa Geese-Ah,Lisa Geese-Ah,3
Angelica Cortez,Angelica Cortez,3
Andrew Marra,Andrew Marra,3
J P Morgan,J P Morgan,3
Nickie A,Nickie A,3
Theresa Wyatt,Theresa Wyatt,3
Sarah Lynnelle Kellen,Sarah Lynnelle Kellen,3
John Kerry,John Kerry,3
Charles Schumer,Charles Schumer,3
Michelle D Pagan,Michelle D Pagan,3
Daniel Szarszewski,Daniel Szarszewski,3
Deborah Trautwein,Deborah Trautwein,3
Jennifer Without The Nifer,Jennifer Without The Nifer,3
Brent Bradbury,Brent Bradbury,3
Jeannie Hernandez,Jeannie Hernandez,3
Mark L Winans,Mark L Winans,3
Kathleen Parker,Kathleen Parker,3
Bobbie Payne,Bobbie Payne,3
Adriana Musinska,Adriana Musinska,3
Courtney W,Courtney W,3
Paul A Lavery,Paul A Lavery,3
Jimmy Cayne,Jimmy Cayne,3
Miss Blondie,Miss Blondie,3
Preston Mighdoll,Preston Mighdoll,3
Eating Emo Kids For Breakfast,Eating Emo Kids For Breakfast,3
Joanna Harrison,Joanna Harrison,3
Eric Anderson,Eric Anderson,3
Brett Albritton,Brett Albritton,3
Andreana Mucinska,Andreana Mucinska,3
Kevin Boyle,Kevin Boyle,2
James D Beumel,James D Beumel,2
Larry H Moore,Larry H Moore,2
Nancy C Moore,Nancy C Moore,2
Michael L Cook,Michael L Cook,2
Bryan W Lee,Bryan W Lee,2
Roger Hayse,Roger Hayse,2
Ross Crawford,Ross Crawford,2
Sylvia Parse,Sylvia Parse,2
Henry Parse,Henry Parse,2
Nicholas Cutaia,Nicholas Cutaia,2
Cr Gibb,Cr Gibb,2
Justice Rehnquist,Justice Rehnquist,2
Chief Justice Marshall,Chief Justice Marshall,2
Bombardier Recreational Prod Inc,Bombardier Recreational Prod Inc,2
John Doe Agency,John Doe Agency,2
John Doe Corp.,John Doe Corp.,2
Pyramid Co Of Onondaga,Pyramid Co Of Onondaga,2
Theresa Austerberry,Theresa Austerberry,2
Marianne E Bertuna,Marianne E Bertuna,2
John S Esposito,John S Esposito,2
Michael T Jaccarino,Michael T Jaccarino,2
Andrea M Arrigo,Andrea M Arrigo,2
Lino J De Masi,Lino J De Masi,2
Michael F Dibenedetto,Michael F Dibenedetto,2
Joseph A Baratta,Joseph A Baratta,2
Antoinette Lanteri,Antoinette Lanteri,2
William R Santo,William R Santo,2
Peter S Thomas,Peter S Thomas,2
Lawrence Spasojevich,Lawrence Spasojevich,2
Louis R Aidala,Louis R Aidala,2
Joseph P Baratta,Joseph P Baratta,2
Laura Edelstein,Laura Edelstein,2
Ali Feingold,Ali Feingold,2
Melissa Desori,Melissa Desori,2
David Elbaum,David Elbaum,2
Brendan Henry,Brendan Henry,2
Jenson Smith,Jenson Smith,2
Ariel Stoddard,Ariel Stoddard,2
Nancy Ma,Nancy Ma,2
P Watters,P Watters,2
N Dorsen,N Dorsen,2
R Schrank,R Schrank,2
R Goldmann,R Goldmann,2
A Morrison,A Morrison,2
D Rhode,D Rhode,2
Caroline Rule,Caroline Rule,2
Sharon Mccarthy,Sharon Mccarthy,2
Adam Murphy,Adam Murphy,2
Christine Mazzella,Christine Mazzella,2
Robert H Bork,Robert H Bork,2
Raoul Berger,Raoul Berger,2
Stanley J Oklua,Stanley J Oklua,2
Catherine Morgan Conrad,Catherine Morgan Conrad,2
William B Kavanaugh,William B Kavanaugh,2
Kramer Levin,Kramer Levin,2
Donna Kane,Donna Kane,2
Lori Edelstein,Lori Edelstein,2
Richard W Painter,Richard W Painter,2
Monroe Freedman,Monroe Freedman,2
Peter Barnhart,Peter Barnhart,2
Sara Jane Kasperzak,Sara Jane Kasperzak,2
Dean Kasperzak,Dean Kasperzak,2
Lucia Osborne-Crawley,Lucia Osborne-Crawley,2
Nanette L Davis,Nanette L Davis,2
Adam Hobson,Adam Hobson,2
Ezra Spilke,Ezra Spilke,2
Sandra Day O'Connor,Sandra Day O'Connor,2
Juror Payton,Juror Payton,2
Irving Younger,Irving Younger,2
Edna Erez,Edna Erez,2
Deborah Rhode,Deborah Rhode,2
S Lubet,S Lubet,2
Larry Fallek,Larry Fallek,2
Miss Davis,Miss Davis,2
Paul Weiss,Paul Weiss,2
Frank J Rosa,Frank J Rosa,2
Justice Cardozo,Justice Cardozo,2
William Kermode,William Kermode,2
Robert Fergus-Jean,Robert Fergus-Jean,2
Ken Renta,Ken Renta,2
Roy Simon,Roy Simon,2
Andrew Perlman,Andrew Perlman,2
Orrin Hatch,Orrin Hatch,2
Lara Menninger,Lara Menninger,2
Thomas E Carnaghi,Thomas E Carnaghi,2
John Maguire,John Maguire,2
Kathryne Maguire,Kathryne Maguire,2
Jesus Ortiz,Jesus Ortiz,2
Michael Hammer,Michael Hammer,2
Charles Bee,Charles Bee,2
Heather Loeser,Heather Loeser,2
Dawn Forbes,Dawn Forbes,2
Laura Joy Edelstein,Laura Joy Edelstein,2
Jeff Solnet,Jeff Solnet,2
Jordana Jordy H Feldman,Jordana Jordy H Feldman,2
Joe Biden,Joe Biden,2
Kamala Harris,Kamala Harris,2
Meghan Markle,Meghan Markle,2
Scott Mordell,Scott Mordell,2
Susan E Brune,Susan E Brune,2
William Ginsburg,William Ginsburg,2
Monica Lewinsky,Monica Lewinsky,2
Rod Mckay,Rod Mckay,2
Irwin Mayer,Irwin Mayer,2
Marc Rich,Marc Rich,2
Choper J,Choper J,2
Merchant William,Merchant William,2
Owen Dennis,Owen Dennis,2
Pape Mark,Pape Mark,2
Peterson Ronald A,Peterson Ronald A,2
Pollitt Hunter,Pollitt Hunter,2
Poncher Lyle,Poncher Lyle,2
Postonvo Eugenio,Postonvo Eugenio,2
Ragsdale Ce,Ragsdale Ce,2
Ragsdale Hv,Ragsdale Hv,2
Ragsdale Tl,Ragsdale Tl,2
Ragsdale Ts,Ragsdale Ts,2
Schuett William G,Schuett William G,2
Small Richard Arlene,Small Richard Arlene,2
Spector Donald,Spector Donald,2
Stuart Thomas,Stuart Thomas,2
Tate Joseph P,Tate Joseph P,2
Vanek Greg,Vanek Greg,2
Walsh Carol,Walsh Carol,2
Wiggins Glenn,Wiggins Glenn,2
Yang Julie,Yang Julie,2
Ruby J Krajick,Ruby J Krajick,2
James 'Jamie' Martin Hollomon,James 'Jamie' Martin Hollomon,2
Betty Maxwell,Betty Maxwell,2
Alan W Friedberg,Alan W Friedberg,2
Kevin Ef O'Sullivan,Kevin Ef O'Sullivan,2
David B Saxe,David B Saxe,2
David Friedman,David Friedman,2
John W Sweeny,John W Sweeny,2
Eugene Nardelli,Eugene Nardelli,2
James M Mcguire,James M Mcguire,2
George Floyd,George Floyd,2
Vivienne Stapp,Vivienne Stapp,2
Judge Easterbrook,Judge Easterbrook,2
Alison Moc,Alison Moc,2
P Beiersdorf,P Beiersdorf,2
Dan Quayle,Dan Quayle,2
Donna M Guerin,Donna M Guerin,2
Denis M Field,Denis M Field,2
Jason Hernandez,Jason Hernandez,2
Chris C Gair,Chris C Gair,2
Charles B Sklarsky,Charles B Sklarsky,2
Nicole Allen,Nicole Allen,2
Mark L Rotert,Mark L Rotert,2
Alexander Sasha Bardey,Alexander Sasha Bardey,2
Jeffrey Deyoung,Jeffrey Deyoung,2
Susan Manske,Susan Manske,2
John Mcguire,John Mcguire,2
Kathryne Mcguire,Kathryne Mcguire,2
Bernhardt Goetz,Bernhardt Goetz,2
Roy Cohn,Roy Cohn,2
Susan Elizabeth Brune,Susan Elizabeth Brune,2
Brittney Henderson,Brittney Henderson,2
David Farse,David Farse,2
Yudong Zhu,Yudong Zhu,2
M C Grumbridge,M C Grumbridge,2
Bob Maxwell,Bob Maxwell,2
Warren Seligman,Warren Seligman,2
William Lucas,William Lucas,2
Vaughn Walker,Vaughn Walker,2
Paul M Van Arsdell,Paul M Van Arsdell,2
Howard Lichtenstein,Howard Lichtenstein,2
Philip B Blank,Philip B Blank,2
David Cole,David Cole,2
George Ventura,George Ventura,2
Thomas Carnaghi,Thomas Carnaghi,2
Jason Shih,Jason Shih,2
Alex Brown,Alex Brown,2
James Bond,James Bond,2
Daniel Nardello,Daniel Nardello,2
Steven Gillers,Steven Gillers,2
Theresa Marie Trzaskoma,Theresa Marie Trzaskoma,2
Albert Pinto,Albert Pinto,2
Allenduff Phillip,Allenduff Phillip,2
Augustine William,Augustine William,2
Ballisteri James,Ballisteri James,2
Ballisteri Rosemarie,Ballisteri Rosemarie,2
Basler Wayne G,Basler Wayne G,2
Bernard Stephen F,Bernard Stephen F,2
Cairo Michael,Cairo Michael,2
Cariths Joel M,Cariths Joel M,2
Carruth Herman,Carruth Herman,2
Deininger Richard,Deininger Richard,2
Dotson Kenneth,Dotson Kenneth,2
Eigel Cc,Eigel Cc,2
Frigo Arthur,Frigo Arthur,2
Geasey William,Geasey William,2
Georgiou John R,Georgiou John R,2
Goldberg M,Goldberg M,2
Goldstein Robert,Goldstein Robert,2
Gorman Robert,Gorman Robert,2
Guy Jerry,Guy Jerry,2
Jensen Robert Debra,Jensen Robert Debra,2
Kelley Phillip Kathy,Kelley Phillip Kathy,2
Koenig Thomas,Koenig Thomas,2
Lowenberg James A,Lowenberg James A,2
Martell James,Martell James,2
Natalya Malyshev,Natalya Malyshev,2
Ron Eppinger,Ron Eppinger,2
Hillary Richard,Hillary Richard,2
Charles Austerberry,Charles Austerberry,2
Sen Kyl,Sen Kyl,2
Sen Feinstein,Sen Feinstein,2
Kelly Bovino Umekubo,Kelly Bovino Umekubo,2
Justice Marshall,Justice Marshall,2
Liebling A,Liebling A,2
Durie L,Durie L,2
Stiles A,Stiles A,2
Tait S,Tait S,2
Marshall J,Marshall J,2
Bernard Nussbaum,Bernard Nussbaum,2
Minor Victim 4,Minor Victim 4,2
Lynn Swann,Lynn Swann,2
Kate Farmer,Kate Farmer,2
David Dinkins,David Dinkins,2
Margaret E Mabie,Margaret E Mabie,2
Jordana Harris Feldman,Jordana Harris Feldman,2
Jane Loring-Kraft,Jane Loring-Kraft,2
Greg Blair,Greg Blair,2
Matthew Coleman,Matthew Coleman,2
Sandra Burnside,Sandra Burnside,2
Todd Clendening,Todd Clendening,2
Judy Gagnon,Judy Gagnon,2
Daniel Aronoff,Daniel Aronoff,2
Judi Gagnon,Judi Gagnon,2
John Beary,John Beary,2
John V Ivsan,John V Ivsan,2
Elizabeth Nesbitt Kuyrkendall,Elizabeth Nesbitt Kuyrkendall,2
Timothy Slater,Timothy Slater,2
Jane Farmer,Jane Farmer,2
Monahan J,Monahan J,2
Ryan Chaloner Winton Hall,Ryan Chaloner Winton Hall,2
Jane Doe-3,Jane Doe-3,2
Cr Ma Base Pac,Cr Ma Base Pac,2
Lamb Me,Lamb Me,2
Jensen Tk,Jensen Tk,2
Tjersland Oa,Tjersland Oa,2
Jonson E,Jonson E,2
Kogan Sm,Kogan Sm,2
Lalor K,Lalor K,2
Orbach Y,Orbach Y,2
Sternberg Kj,Sternberg Kj,2
Esplin Pw,Esplin Pw,2
Westcott Hl,Westcott Hl,2
Lawson L,Lawson L,2
Chaffin M,Chaffin M,2
Shuman D,Shuman D,2
Lyon Td,Lyon Td,2
Pipe M,Pipe M,2
Cederborg Ac,Cederborg Ac,2
Farrington Dp,Farrington Dp,2
Hollin Cr,Hollin Cr,2
Mcmurman M,Mcmurman M,2
Garavan R,Garavan R,2
Debarra M,Debarra M,2
Byrne J,Byrne J,2
Conroy R,Conroy R,2
Goddard C,Goddard C,2
Mudaly N,Mudaly N,2
Olafson E,Olafson E,2
Lederman Cs,Lederman Cs,2
Svedin Cg,Svedin Cg,2
Quas Ja,Quas Ja,2
Ghetti Sa,Ghetti Sa,2
Kristen W,Kristen W,2
Edelstein Rr,Edelstein Rr,2
Allison D,Allison D,2
Cordon Im,Cordon Im,2
Jones Dph,Jones Dph,2
Jonsson L,Jonsson L,2
Lf L,Lf L,2
Dansky Bs,Dansky Bs,2
Aleman A,Aleman A,2
Goudena Pp,Goudena Pp,2
Sjoberg Rl,Sjoberg Rl,2
Deepak Kalpoe,Deepak Kalpoe,2
Satish Kalpoe,Satish Kalpoe,2
Phillip C Mcgraw,Phillip C Mcgraw,2
Joseph Naso,Joseph Naso,2
Andrew Urdiales,Andrew Urdiales,2
Tousignant Jp,Tousignant Jp,2
Foster Ra,Foster Ra,2
Christianson S,Christianson S,2
Lee J,Lee J,2
Gold L,Gold L,2
Frierson R,Frierson R,2
Appel Jm,Appel Jm,2
Lapchenko M,Lapchenko M,2
Marcus A,Marcus A,2
Kaemph A,Kaemph A,2
Fredrick D,Fredrick D,2
M Garry,M Garry,2
H Hayne,H Hayne,2
William Odonohue,William Odonohue,2
Officer Recarey,Officer Recarey,2
Administrator Feldman,Administrator Feldman,2
Wortman Cb,Wortman Cb,2
Liu C,Liu C,2
Romeus L,Romeus L,2
Gould N,Gould N,2
Mccann U,Mccann U,2
Mckibben J,Mckibben J,2
Ursano Rj,Ursano Rj,2
Norwood Ae,Norwood Ae,2
Fullerton Cs,Fullerton Cs,2
J L Webb,J L Webb,2
Jessica Sanchez,Jessica Sanchez,2
Nam Nae Won,Nam Nae Won,2
Jihyun Song,Jihyun Song,2
Keith Landry,Keith Landry,2
Heidi Hatch,Heidi Hatch,2
Zac Anderson,Zac Anderson,2
Roberto Schiattino,Roberto Schiattino,2
Cris Barrish,Cris Barrish,2
Steve Blow,Steve Blow,2
Karen Lusky,Karen Lusky,2
Donna Leinwand Leger,Donna Leinwand Leger,2
Margaux Watt,Margaux Watt,2
Jeffrey L Dahmer,Jeffrey L Dahmer,2
William George Bonin,William George Bonin,2
Murrie Dc,Murrie Dc,2
A Marie Villapaa,A Marie Villapaa,2
John Hinckley,John Hinckley,2
Fitch Lw,Fitch Lw,2
Morgan Ca,Morgan Ca,2
Southwick S,Southwick S,2
Steffian G,Steffian G,2
Hazlett G,Hazlett G,2
Steblay Nk,Steblay Nk,2
Lappas St,Lappas St,2
Wudarzewski A,Wudarzewski A,2
Clifasefi Sl,Clifasefi Sl,2
Tingen Iw,Tingen Iw,2
Klemfuss J Z,Klemfuss J Z,2
Cauffman E,Cauffman E,2
Clarke-Stewart Ka,Clarke-Stewart Ka,2
Lewandowsky S,Lewandowsky S,2
Mann M E,Mann M E,2
Bauld L,Bauld L,2
Hastings G,Hastings G,2
Leport Akr,Leport Akr,2
Petersen N,Petersen N,2
Mcgaugh Jl,Mcgaugh Jl,2
Mcnally Rj,Mcnally Rj,2
Malaktaris A,Malaktaris A,2
Lewis Hc,Lewis Hc,2
Larry Laudan,Larry Laudan,2
Renee Stoll,Renee Stoll,2
Marisol Bello,Marisol Bello,2
Brandon Keim,Brandon Keim,2
Jo Ciaglia,Jo Ciaglia,2
Gwen Knapp,Gwen Knapp,2
Maia Szlavitz,Maia Szlavitz,2
Erin Brodwin,Erin Brodwin,2
Andrew Pollock,Andrew Pollock,2
Abigail Ohlheiser,Abigail Ohlheiser,2
Kelley Beaucar Vlahos,Kelley Beaucar Vlahos,2
Rich Zeoli,Rich Zeoli,2
Amy Ohoheiser,Amy Ohoheiser,2
Laura Evans,Laura Evans,2
Sue Ambrose,Sue Ambrose,2
Mackenzie Carpenter,Mackenzie Carpenter,2
Gary Ramona,Gary Ramona,2
Richard Rose,Richard Rose,2
Joel Rifkin,Joel Rifkin,2
James E Swann,James E Swann,2
Arthur Mcelroy,Arthur Mcelroy,2
Goodman Brown,Goodman Brown,2
Erik Menendez,Erik Menendez,2
Strange D,Strange D,2
Dysart J,Dysart J,2
Suppes P,Suppes P,2
Newman E J,Newman E J,2
Bogart D,Bogart D,2
A Gg A,A Gg A,2
K Rts Henbaum,K Rts Henbaum,2
Kuma O,Kuma O,2
Eisen M L,Eisen M L,2
Geraerts E,Geraerts E,2
Lilienfeld S O,Lilienfeld S O,2
Ressler R,Ressler R,2
Walter Leroy Moody,Walter Leroy Moody,2
Scurich N,Scurich N,2
Doug Kaufman,Doug Kaufman,2
Richard C W Hall,Richard C W Hall,2
Tony Pipitone,Tony Pipitone,2
Trestman R,Trestman R,2
Janvier A,Janvier A,2
Macvaugh Gs,Macvaugh Gs,2
Merideth P,Merideth P,2
Montgomery J,Montgomery J,2
Linden Ev,Linden Ev,2
Otgaar H,Otgaar H,2
Greenspan Rl,Greenspan Rl,2
Murphy G,Murphy G,2
O'Donohue W T,O'Donohue W T,2
Cheng J,Cheng J,2
Newirth Ka,Newirth Ka,2
Freedman Jl,Freedman Jl,2
New Hampshire,New Hampshire,2
Geis G,Geis G,2
Godfrey R,Godfrey R,2
Soliman S,Soliman S,2
Martin C,Martin C,2
Preedy V,Preedy V,2
Patel V,Patel V,2
Collier S,Collier S,2
Balon R,Balon R,2
Wise Tn,Wise Tn,2
Shand J,Shand J,2
Marshall R,Marshall R,2
Wooten K,Wooten K,2
Smith Kd,Smith Kd,2
Fiedler J,Fiedler J,2
Morris P,Morris P,2
Davies G,Davies G,2
Bell Be,Bell Be,2
Christianson Sa,Christianson Sa,2
Losel F,Losel F,2
Juror Number,Juror Number,2
Samuel Dieteman,Samuel Dieteman,2
Dale Hausner,Dale Hausner,2
Douglas Daniel Clark,Douglas Daniel Clark,2
Michael Dee Mattson,Michael Dee Mattson,2
David H Brooks,David H Brooks,2
Smith Dw,Smith Dw,2
Letourneau Ej,Letourneau Ej,2
Staller Km,Staller Km,2
Summit R,Summit R,2
Tutty L,Tutty L,2
Tutty Lm,Tutty Lm,2
Zwi Kj,Zwi Kj,2
Wheeler Dm,Wheeler Dm,2
O'Brien Ta,O'Brien Ta,2
Tait P,Tait P,2
Williams Kw,Williams Kw,2
Sunni Drescher,Sunni Drescher,2
Sta Er,Sta Er,2
Professor Gershman,Professor Gershman,2
John Monahan,John Monahan,2
Honeck Rp,Honeck Rp,2
Deffenbacher Ka,Deffenbacher Ka,2
Severance Lj,Severance Lj,2
R Schmechel,R Schmechel,2
T O'Toole,T O'Toole,2
C Easterly,C Easterly,2
E Loftus,E Loftus,2
Ann Begin,Ann Begin,2
Kelley E,Kelley E,2
Flood F,Flood F,2
Frisher K,Frisher K,2
Davidson C,Davidson C,2
Richard J Arcara,Richard J Arcara,2
James D Hopkins,James D Hopkins,2
Jed S Rakoff,Jed S Rakoff,2
Matthew Lee,Matthew Lee,2
Hatters-Friedman S,Hatters-Friedman S,2
Landess J,Landess J,2
Greenspan M,Greenspan M,2
Gage B,Gage B,2
Waggoner R,Waggoner R,2
Forcen F,Forcen F,2
Parker G,Parker G,2
Arredondo M,Arredondo M,2
Cantu A,Cantu A,2
Leath Rothman,Leath Rothman,2
Phil Mcgraw,Phil Mcgraw,2
Abel Gg,Abel Gg,2
Belli Rf,Belli Rf,2
Pickrell Je,Pickrell Je,2
Clark Se,Clark Se,2
Putnam F W,Putnam F W,2
Levensky E,Levensky E,2
Cu Hane,Cu Hane,2
Messerschm Tt,Messerschm Tt,2
W S,W S,2
John Allen Muhammad,John Allen Muhammad,2
Treisman Gj,Treisman Gj,2
Brown K,Brown K,2
Beech A,Beech A,2
Craig L,Craig L,2
Chou S,Chou S,2
Feldman M,Feldman M,2
Yates G,Yates G,2
Houdek V,Houdek V,2
Popkin Mk,Popkin Mk,2
Silver S,Silver S,2
Tanay E,Tanay E,2
Barry Dj,Barry Dj,2
Fillinger H,Fillinger H,2
Labowitz Di,Labowitz Di,2
Lisa Montgomery,Lisa Montgomery,2
Troy Ashmus,Troy Ashmus,2
L Stolzenberg,L Stolzenberg,2
S D'Alessio,S D'Alessio,2
Greenmun Gn,Greenmun Gn,2
Dashiell Rl,Dashiell Rl,2
Ca Courtois,Ca Courtois,2
J Anthony,J Anthony,2
L Feil,L Feil,2
W Plante,W Plante,2
R Sabo,R Sabo,2
M Spencer,M Spencer,2
D Hughes,D Hughes,2
K Rose,K Rose,2
Pickrell J E,Pickrell J E,2
Shanna K Bever,Shanna K Bever,2
James R Freudenberg,James R Freudenberg,2
Kevin King,Kevin King,2
Robert L Mcgahey,Robert L Mcgahey,2
Jane Doe-2,Jane Doe-2,2
Dinwiddie Sh,Dinwiddie Sh,2
Harlow M,Harlow M,2
Pasternack S,Pasternack S,2
Schmidt C,Schmidt C,2
Barnett D,Barnett D,2
Van De Wetering S,Van De Wetering S,2
Thomas A,Thomas A,2
Croyle Rt,Croyle Rt,2
Abelson Rp,Abelson Rp,2
Neisser U,Neisser U,2
Jc Chrisler,Jc Chrisler,2
I Johnston-Robledo,I Johnston-Robledo,2
C Smith,C Smith,2
J Cogan,J Cogan,2
Joseph Neale,Joseph Neale,2
Lara E Pomerantz,Lara E Pomerantz,2
Rhonda Mayers-Best,Rhonda Mayers-Best,2
Rosaleen Mcelvaney,Rosaleen Mcelvaney,2
Alaggia R,Alaggia R,2
Kirshenbaum S,Kirshenbaum S,2
Braun V,Braun V,2
Clarke V,Clarke V,2
Brazelton J F,Brazelton J F,2
Browning C R,Browning C R,2
Laumann E O,Laumann E O,2
Collings S J,Collings S J,2
Griffiths S,Griffiths S,2
Kumalo M,Kumalo M,2
Collin Vzina D,Collin Vzina D,2
Sablonni D L,Sablonni D L,2
Palmer A M,Palmer A M,2
Milne L,Milne L,2
Crisma M,Crisma M,2
Bascelli E,Bascelli E,2
Paci D,Paci D,2
Romito P,Romito P,2
Dumont M,Dumont M,2
Messerschmitt P,Messerschmitt P,2
Vila G,Vila G,2
Bohu D,Bohu D,2
Rey Salmon C,Rey Salmon C,2
Easton S D,Easton S D,2
Saltzman L Y,Saltzman L Y,2
Willis D G,Willis D G,2
Van Wert M,Van Wert M,2
Lefebvre R,Lefebvre R,2
Goel S,Goel S,2
Shattuck A,Shattuck A,2
Turner H A,Turner H A,2
Hamby S L,Hamby S L,2
Fontes L A,Fontes L A,2
Plummer C,Plummer C,2
Gagnier C,Gagnier C,2
Goodman Brown T B,Goodman Brown T B,2
Edelstein R S,Edelstein R S,2
Goodman G S,Goodman G S,2
Jones D,Jones D,2
Gordon D S,Gordon D S,2
Hbert M,Hbert M,2
Tourigny M,Tourigny M,2
Cyr M,Cyr M,2
Mcduff P,Mcduff P,2
Joly J,Joly J,2
Horowitz D,Horowitz D,2
Lamb M E,Lamb M E,2
Hunter S V,Hunter S V,2
Jensen T K,Jensen T K,2
Tjersland O A,Tjersland O A,2
Jillian B,Jillian B,2
Cotter A,Cotter A,2
Perreault S,Perreault S,2
Jones D P H,Jones D P H,2
Jonzon E,Jonzon E,2
Kiteley R,Kiteley R,2
Stogdon C,Stogdon C,2
Kogan S,Kogan S,2
Leclerc B,Leclerc B,2
Wortley R,Wortley R,2
Shuman D W,Shuman D W,2
Culhane M,Culhane M,2
Andy Newman,Andy Newman,2
Wes Judd,Wes Judd,2
Tori Walker,Tori Walker,2
Michael Greshko,Michael Greshko,2
Adam Hochron,Adam Hochron,2
Elizabeth Bachmann,Elizabeth Bachmann,2
Joel Solomon,Joel Solomon,2
Danielle Prieur,Danielle Prieur,2
Braze Ton,Braze Ton,2
M Ne,M Ne,2
Lec Erc,Lec Erc,2
Wort Ey,Wort Ey,2
Wright Db,Wright Db,2
Terranova S,Terranova S,2
Tupac Shakur,Tupac Shakur,2
Matthews D,Matthews D,2
Hanson R F,Hanson R F,2
Kievit L W,Kievit L W,2
Hlavka H R,Hlavka H R,2
Humphrey J A,Humphrey J A,2
White J W,White J W,2
Kogan S M,Kogan S M,2
Koss M P,Koss M P,2
Kovacs M,Kovacs M,2
Lacy J W,Lacy J W,2
Stark C E,Stark C E,2
Linden J A,Linden J A,2
Littleton H,Littleton H,2
Ullman S E,Ullman S E,2
Mclaughlin K A,Mclaughlin K A,2
Koenen K C,Koenen K C,2
Hill E D,Hill E D,2
Petukhova M,Petukhova M,2
Sampson N A,Sampson N A,2
Zaslavsky A M,Zaslavsky A M,2
Patterson D,Patterson D,2
Greeson M,Greeson M,2
Campbell R,Campbell R,2
Holmes M M,Holmes M M,2
Clum G,Clum G,2
Acierno R,Acierno R,2
Rickert V I,Rickert V I,2
Wiemann C M,Wiemann C M,2
Vaughan R D,Vaughan R D,2
Ruch L R,Ruch L R,2
Coyne B J,Coyne B J,2
Perrone P A,Perrone P A,2
Schonbucher V,Schonbucher V,2
Landolt M,Landolt M,2
Starzynski L L,Starzynski L L,2
Filipas H H,Filipas H H,2
Townsend S M,Townsend S M,2
Timbremont B,Timbremont B,2
Braet C,Braet C,2
Roelofs J,Roelofs J,2
Tjaden P G,Tjaden P G,2
Unterhitzenberger J,Unterhitzenberger J,2
Wolitzky Taylor K B,Wolitzky Taylor K B,2
Zinzow H M,Zinzow H M,2
Barr S C,Barr S C,2
Danielson C K,Danielson C K,2
Kenneth A Polite,Kenneth A Polite,2
Beuchel A,Beuchel A,2
Johnston L,Johnston L,2
Yossef S Ben-Porath,Yossef S Ben-Porath,2
C Scott,C Scott,2
B Mcdermott,B Mcdermott,2
C Dike,C Dike,2
Paul Arbisi,Paul Arbisi,2
Ziad Nasreddine,Ziad Nasreddine,2
Michael E Hegarty,Michael E Hegarty,2
Rivard Jm,Rivard Jm,2
Andrea Yates,Andrea Yates,2
Anna Nicole Smith,Anna Nicole Smith,2
Winstead Dk,Winstead Dk,2
Silberman E,Silberman E,2
Preven D,Preven D,2
Weissman S,Weissman S,2
Victim-3,Victim-3,2
Haddon Morgan Foreman,Haddon Morgan Foreman,2
Sidney Nathaniel Landau,Sidney Nathaniel Landau,2
Frederick Tyrone Baker,Frederick Tyrone Baker,2
Timothy Eichenlaub,Timothy Eichenlaub,2
Seitz A,Seitz A,2
Resnick P,Resnick P,2
Granhag Pa,Granhag Pa,2
Rader M,Rader M,2
Matthews A,Matthews A,2
Padalia K,Padalia K,2
Kiguradze T,Kiguradze T,2
Mayet M,Mayet M,2
Cogan J,Cogan J,2
Rocchio L M,Rocchio L M,2
Minugh P A,Minugh P A,2
Riedford M,Riedford M,2
Saris R,Saris R,2
Silver B,Silver B,2
Rocchio-Giordano L M,Rocchio-Giordano L M,2
Mills Mam,Mills Mam,2
Hughes Dm,Hughes Dm,2
Gold S,Gold S,2
Ruben Bd,Ruben Bd,2
Weingardt Kr,Weingardt Kr,2
Brown Sw,Brown Sw,2
Jeffrey Dahmer,Jeffrey Dahmer,2
John Dupont,John Dupont,2
Adelman R,Adelman R,2
Samantha Craven,Samantha Craven,2
Sarah Brown,Sarah Brown,2
Elizabeth Gilchrist,Elizabeth Gilchrist,2
Benjamin Kramer,Benjamin Kramer,2
Ryan Odom,Ryan Odom,2
Dan Zhong,Dan Zhong,2
Td Bailey,Td Bailey,2
Lm Rocchio,Lm Rocchio,2
B Lott,B Lott,2
C Feinstein,C Feinstein,2
V Appareddy,V Appareddy,2
J Scroppo,J Scroppo,2
Lh Collins,Lh Collins,2
J Chrysler,J Chrysler,2
K Quina,K Quina,2
H Landrine,H Landrine,2
E A Klonoff,E A Klonoff,2
J Nashpitz,J Nashpitz,2
J Worell,J Worell,2
N Johnson,N Johnson,2
Canter D,Canter D,2
Hughes D,Hughes D,2
Kirby S,Kirby S,2
Horton A L,Horton A L,2
Craissati J,Craissati J,2
Mcclurg G,Mcclurg G,2
Fernandez Y M,Fernandez Y M,2
Lightbody S,Lightbody S,2
O'Sullivan C,O'Sullivan C,2
Hall G C N,Hall G C N,2
Hirschman R,Hirschman R,2
Hare R D,Hare R D,2
Hart S D,Hart S D,2
Hodgins S,Hodgins S,2
Herman J,Herman J,2
Itzin C,Itzin C,2
Laws D R,Laws D R,2
Barbaree H E,Barbaree H E,2
Anderson D,Anderson D,2
Champagne F,Champagne F,2
Hamilton K,Hamilton K,2
Jones R,Jones R,2
Morrison T,Morrison T,2
Erooga M,Erooga M,2
Beckett R C,Beckett R C,2
Pickett C L,Pickett C L,2
Gardner W L,Gardner W L,2
Knowles M,Knowles M,2
Prochaska J O,Prochaska J O,2
Diclemente C C,Diclemente C C,2
Sampson A,Sampson A,2
Sanford L T,Sanford L T,2
Wilson J,Wilson J,2
Ramotowski R,Ramotowski R,2
Fitch Wl,Fitch Wl,2
Ernesto Anguiano,Ernesto Anguiano,2
John Bennett,John Bennett,2
Joshua Jenkins,Joshua Jenkins,2
Minugh Pa,Minugh Pa,2
Jeffrey J,Jeffrey J,2
Schacter Dl,Schacter Dl,2
Thomas Ak,Thomas Ak,2
Whittlesea B Wa,Whittlesea B Wa,2
Guyer M,Guyer M,2
Sharman Sj,Sharman Sj,2
Marlatt Ga,Marlatt Ga,2
Kanterj W,Kanterj W,2
Krackow E,Krackow E,2
Bulevich J B,Bulevich J B,2
Richard Dawkins,Richard Dawkins,2
Tim Folger,Tim Folger,2
Roesch R,Roesch R,2
Gagnon N,Gagnon N,2
Nadel L,Nadel L,2
David Brooks,David Brooks,2
Ziegler M,Ziegler M,2
Maccann C,Maccann C,2
Roberts R,Roberts R,2
Nucifora Fc,Nucifora Fc,2
Everly G,Everly G,2
Loue S,Loue S,2
Sajatovic M,Sajatovic M,2
Bobby C Sternheim,Bobby C Sternheim,2
Fbi Agent,Fbi Agent,2
Paul Rk,Paul Rk,2
Lockey C,Lockey C,2
Bursztajn H,Bursztajn H,2
Azzam A,Azzam A,2
Yanofski J,Yanofski J,2
Kaftarian E,Kaftarian E,2
Appleby Bs,Appleby Bs,2
Appleby Kk,Appleby Kk,2
Wallin Mt,Wallin Mt,2
Bursztajn Hj,Bursztajn Hj,2
Gould Nf,Gould Nf,2
Mckibben Jb,Mckibben Jb,2
Hall R,Hall R,2
Corry Nh,Corry Nh,2
Amoyal Na,Amoyal Na,2
Mason St,Mason St,2
Mccann Ud,Mccann Ud,2
Fauerbach Ja,Fauerbach Ja,2
Houlgrave S,Houlgrave S,2
Jagger J,Jagger J,2
Kenneth S Broun,Kenneth S Broun,2
Jacobs J,Jacobs J,2
Ben-Aron Mh,Ben-Aron Mh,2
Webster Cd,Webster Cd,2
Lieve M Hehenkamp,Lieve M Hehenkamp,2
Elise M Van De Putte,Elise M Van De Putte,2
Arjen J Van Wijk,Arjen J Van Wijk,2
Ad De Jongh,Ad De Jongh,2
Rita Rosner,Rita Rosner,2
K Patrick,K Patrick,2
Norman K Moon,Norman K Moon,2
Mcalinden A,Mcalinden A,2
Mower L,Mower L,2
O'Callaghan D,O'Callaghan D,2
Salter A,Salter A,2
Seto M,Seto M,2
Sgroi S M,Sgroi S M,2
Shakeshaft C,Shakeshaft C,2
Spiegel J,Spiegel J,2
Vance A,Vance A,2
Wyre R,Wyre R,2
Jed Rakoff,Jed Rakoff,2
Thomas Albright,Thomas Albright,2
Gerald Lefcort,Gerald Lefcort,2
Warren J,Warren J,2
Weiss D,Weiss D,2
Daryl Matthews,Daryl Matthews,2
Cochran K J,Cochran K J,2
Greenspan R L,Greenspan R L,2
Bogart D F,Bogart D F,2
Rakoff Js,Rakoff Js,2
Pena Mm,Pena Mm,2
Jafary Am,Jafary Am,2
Brodsky Sl,Brodsky Sl,2
Herrara Me,Herrara Me,2
Lacey C,Lacey C,2
Dunn Dana S,Dunn Dana S,2
Bell R,Bell R,2
Maxcey Am,Maxcey Am,2
Li J,Li J,2
Kuwano S,Kuwano S,2
Sato T,Sato T,2
Matsuzawa T,Matsuzawa T,2
Kocsis R N,Kocsis R N,2
Teitcher J,Teitcher J,2
Shao X,Shao X,2
Liu W,Liu W,2
Ye Z,Ye Z,2
Zhuang L,Zhuang L,2
Zheng L,Zheng L,2
Urban Ej,Urban Ej,2
Acevedo Am,Acevedo Am,2
Cross Mp,Cross Mp,2
Pressman Sd,Pressman Sd,2
Greene Cm,Greene Cm,2
Mcclure Ka,Mcclure Ka,2
Mcguire Kl,Mcguire Kl,2
Shaw E V,Shaw E V,2
Cole W,Cole W,2
Lei X,Lei X,2
Berson I R,Berson I R,2
Brackenridge C H,Brackenridge C H,2
Brown D,Brown D,2
Budin I E,Budin I E,2
Johnson C F,Johnson C F,2
Burgess A W,Burgess A W,2
Holmstrom L L,Holmstrom L L,2
Gallagher B,Gallagher B,2
Hobson W F,Hobson W F,2
Gary T S,Gary T S,2
Hartill M,Hartill M,2
Herman J L,Herman J L,2
Laudan L,Laudan L,2
Judge Stein,Judge Stein,2
Steven Flatly,Steven Flatly,2
Simon Ri,Simon Ri,2
Doe No. 1,Doe No. 1,2
Doe No. 2,Doe No. 2,2
Marurene Comey,Marurene Comey,2
Jack Reed,Jack Reed,2
Sheldon Whitehouse,Sheldon Whitehouse,2
David Cicilline,David Cicilline,2
James Langevin,James Langevin,2
Joshua Miller,Joshua Miller,2
David Bennett,David Bennett,2
Emma Rosen,Emma Rosen,2
John Doe,John Doe,2
Andrew Pal,Andrew Pal,2
Xavier R Donaldson,Xavier R Donaldson,2
Kathy Griffin,Kathy Griffin,2
Sigrid Stone Mccawley,Sigrid Stone Mccawley,2
Erick G Luna,Erick G Luna,2
Jeffrey A Van Detta,Jeffrey A Van Detta,2
Justice Black,Justice Black,2
Will H Wolk,Will H Wolk,2
Don King,Don King,2
Minor Victim,Minor Victim,2
Danielle Bensky,Danielle Bensky,2
Whitney Webb,Whitney Webb,2
Victoria Roberts,Victoria Roberts,2
Drew Oosterbaan,Drew Oosterbaan,2
Edward Diskant,Edward Diskant,2
Russell Capone,Russell Capone,2
Abigail Kurland,Abigail Kurland,2
Charles Alan Wright,Charles Alan Wright,2
Arthur R Miller,Arthur R Miller,2
Walter M Phillips,Walter M Phillips,2
John P Schmitt,John P Schmitt,2
Reveron Martinez,Reveron Martinez,2
Marcus Schloss,Marcus Schloss,2
William Henry Cosby,William Henry Cosby,2
District Attorney Castor,District Attorney Castor,2
Elizabeth Holmes,Elizabeth Holmes,2
Walter Phillips,Walter Phillips,2
Constand'S Mother,Constand'S Mother,2
Judge Ferman,Judge Ferman,2
P Skinner,P Skinner,2
A Kramer,A Kramer,2
Souleymane Balde,Souleymane Balde,2
Campo Flores,Campo Flores,2
Al Kassar,Al Kassar,2
Janice Dickinson,Janice Dickinson,2
Van Thornout,Van Thornout,2
Maria Villafaa,Maria Villafaa,2
Ben Zvi,Ben Zvi,2
Patrick Mcmullan,Patrick Mcmullan,2
Judge Bianco,Judge Bianco,2
George Stipetich,George Stipetich,2
Virginia Guiffre,Virginia Guiffre,2
B Siskin,B Siskin,2
J Staller,J Staller,2
Cambindo Valencia,Cambindo Valencia,2
Sarah Vickers,Sarah Vickers,2
Andy Farmer,Andy Farmer,2
Pope John Paul,Pope John Paul,2
Amanda Milroy,Amanda Milroy,2
Robert Kennedy,Robert Kennedy,2
Senator John Glenn,Senator John Glenn,2
Former Senator George Mitchell,Former Senator George Mitchell,2
Eva Adnersson Dubin,Eva Adnersson Dubin,2
Richard Willits,Richard Willits,2
Russ Kippus,Russ Kippus,2
Duke Of Westminster,Duke Of Westminster,2
Leslie Roth,Leslie Roth,2
Suann Pisap,Suann Pisap,2
Dawn Devitto,Dawn Devitto,2
Virginia Robertson,Virginia Robertson,2
Maguire Kelly Maguire,Maguire Kelly Maguire,2
Supervisory Investigator Brown,Supervisory Investigator Brown,2
Julie Morgan,Julie Morgan,2
Adam Perry Ling,Adam Perry Ling,2
Lady Ghislaine,Lady Ghislaine,2
Raghul Sud,Raghul Sud,2
Dominique Hypolite,Dominique Hypolite,2
Raghu Sud,Raghu Sud,2
John Glenn,John Glenn,2
Richard Hall,Richard Hall,2
Jane'S Two Brothers,Jane'S Two Brothers,2
Sergeant Mike Dawson,Sergeant Mike Dawson,2
Detective Sandman,Detective Sandman,2
Detective Dix,Detective Dix,2
Captain Crowell,Captain Crowell,2
Kevin Moran,Kevin Moran,2
Ray Hamilton,Ray Hamilton,2
Queen Elizabeth,Queen Elizabeth,2
Je Natasha,Je Natasha,2
Damien Williams,Damien Williams,2
Serge Thys,Serge Thys,2
Agent Amanda Young,Agent Amanda Young,2
Jane Kate,Jane Kate,2
Guidance Counselor,Guidance Counselor,2
Larry Viski,Larry Viski,2
Anthony John Jets,Anthony John Jets,2
John Gerard O'Neal,John Gerard O'Neal,2
Nessa O'Neal,Nessa O'Neal,2
Kim Paveolic,Kim Paveolic,2
D Klyman,D Klyman,2
Bugs Bunny,Bugs Bunny,2
Sergeant George Frick,Sergeant George Frick,2
Detective Allen Dix,Detective Allen Dix,2
Detective Jennifer Sandman,Detective Jennifer Sandman,2
Detective Tom Mellenchuck,Detective Tom Mellenchuck,2
Officer Michael Bates,Officer Michael Bates,2
Sherry Lewis,Sherry Lewis,2
Kathy Pezdek,Kathy Pezdek,2
Denny Chin,Denny Chin,2
Glen Maxwell,Glen Maxwell,2
Merwin De La Cruz,Merwin De La Cruz,2
Richard Kahn,Richard Kahn,2
H L Watkins,H L Watkins,2
Dave Alessi,Dave Alessi,2
Daniel Alan Besselsen,Daniel Alan Besselsen,2
Keith Rooney,Keith Rooney,2
Agent Kuyrkendall,Agent Kuyrkendall,2
Tim Powers,Tim Powers,2
Professor Elizabeth Loftus,Professor Elizabeth Loftus,2
Lauren Quitner,Lauren Quitner,2
Patrick Mchugh,Patrick Mchugh,2
Judge Motley,Judge Motley,2
Frances Hardinge,Frances Hardinge,2
Janine Gill Velez,Janine Gill Velez,2
Officer Aznaran,Officer Aznaran,2
Juan Allessi,Juan Allessi,2
Maria'S Boss,Maria'S Boss,2
An Soon Kim,An Soon Kim,2
Daniel Alan Bessielsen,Daniel Alan Bessielsen,2
Brad Nowell,Brad Nowell,2
The Simpso,The Simpso,2
Yea Soap W,Yea Soap W,2
Princess J,Princess J,2
Hello My N,Hello My N,2
Its All Ab,Its All Ab,2
Toni Ama,Toni Ama,2
Eva C Rodriguez,Eva C Rodriguez,2
Nilda Cabato,Nilda Cabato,2
Sarah L Kellen,Sarah L Kellen,2
John F Kennedy,John F Kennedy,2
Eric C Jackson,Eric C Jackson,2
St Thomas Vi,St Thomas Vi,2
Jack K Fuchs,Jack K Fuchs,2
Flynn P Bertisch,Flynn P Bertisch,2
Jennifer L Shand,Jennifer L Shand,2
Jane Doe'S Stepmother,Jane Doe'S Stepmother,2
Sheryl E Reich,Sheryl E Reich,2
Renato C Stabile,Renato C Stabile,2
Faith A Friedman,Faith A Friedman,2
Im Not Concelted Im Confident,Im Not Concelted Im Confident,2
Latin Flavo,Latin Flavo,2
Detective Michele Pagan,Detective Michele Pagan,2
Lianna Belohlavek,Lianna Belohlavek,2
Nadya Jorlin,Nadya Jorlin,2
Chris L Recarey,Chris L Recarey,2
Yanush Banasiak,Yanush Banasiak,2
Elaine Maxwell,Elaine Maxwell,2
John Smith,John Smith,2
Leggo My C,Leggo My C,2
Will Scr,Will Scr,2
Lord Of T,Lord Of T,2
Pm Da Yo,Pm Da Yo,2
Steve L,Steve L,2
Tha Wild C,Tha Wild C,2
Idk Wat To,Idk Wat To,2
Shaun Nedw,Shaun Nedw,2
Only I'S,Only I'S,2
Who Cares,Who Cares,2
Brittany Beale,Brittany Beale,2
Pamela Anderson,Pamela Anderson,2
Eric C Judson,Eric C Judson,2
Tha Wild Child,Tha Wild Child,2
Adam Perry,Adam Perry,2
Annie Taylor,Annie Taylor,2
Capt Crunk,Capt Crunk,2
Old Man On,Old Man On,2
Daize Shayne,Daize Shayne,2
That Last,That Last,2
Jennifer W,Jennifer W,2
Did You Se,Did You Se,2
Smoking Is,Smoking Is,2
Keepin It,Keepin It,2
Florida Ca,Florida Ca,2
Ronnie Lomar,Ronnie Lomar,2
Michael S Reiter,Michael S Reiter,2
Lisa Pizza Deesa,Lisa Pizza Deesa,2
Im Not Conceited Im Confident,Im Not Conceited Im Confident,2
Moreeda Is In Maine,Moreeda Is In Maine,2
Jane Doe No. 5,Jane Doe No. 5,2
Lveable Drkk,Lveable Drkk,2
Dawson Michael C,Dawson Michael C,2
Witness Y. Doe,Witness Y. Doe,2
S Skipper-Scott,S Skipper-Scott,2
Rosa Proto,Rosa Proto,2
Lee Lofthus,Lee Lofthus,2
Hugh Hurwit,Hugh Hurwit,2
Jeffrey Mradt,Jeffrey Mradt,2
Aw Skipper-Scott,Aw Skipper-Scott,2
Lamine N'Diave,Lamine N'Diave,2
Ilan Epstein,Ilan Epstein,2
L N'Diaye,L N'Diaye,2
Shirley V,Shirley V,2
Amine N'Diaye,Amine N'Diaye,2
E Epstein,E Epstein,2
Acting Chief Psychologist,Acting Chief Psychologist,2
Aw Ss,Aw Ss,2
Lt Rds,Lt Rds,2
J Eakin,J Eakin,2
Ray Ormonde,Ray Ormonde,2
Inmate Reyes,Inmate Reyes,2
Serena Williams,Serena Williams,2
Fbi Agents,Fbi Agents,2
Morning Watch Lieutenant Captain,Morning Watch Lieutenant Captain,2
Jeffery Edward Espstien,Jeffery Edward Espstien,2
Inmate Companion,Inmate Companion,2
Professor Jonathan David Farley,Professor Jonathan David Farley,2
Michael Carroll,Michael Carroll,2
Im Matthews,Im Matthews,2
M Colon,M Colon,2
Operations Lieutenant,Operations Lieutenant,2
Joaquin Y,Joaquin Y,2
Facilities Assistant,Facilities Assistant,2
Lieutenant Medina,Lieutenant Medina,2
J A Keller,J A Keller,2
G Tall,G Tall,2
Bruce H Colton,Bruce H Colton,2
Tracy Amaladas,Tracy Amaladas,2
Senior Officer Specialist,Senior Officer Specialist,2
Charisma Owens,Charisma Owens,2
Day Watch Activities Lieutenant,Day Watch Activities Lieutenant,2
Isibor S,Isibor S,2
Richard Epstein,Richard Epstein,2
Jeffery Keller,Jeffery Keller,2
Igor Zinoviev,Igor Zinoviev,2
Ron Johnson,Ron Johnson,2
Chuck Grassley,Chuck Grassley,2
Howard James Petrucci,Howard James Petrucci,2
Gtali Colon Meade,Gtali Colon Meade,2
Jeffrey Keller,Jeffrey Keller,2
Davis C,Davis C,2
I Epstein,I Epstein,2
G Tali Colon,G Tali Colon,2
James Whitey Bulger,James Whitey Bulger,2
Forensic Psychologist,Forensic Psychologist,2
Mike Epstein,Mike Epstein,2
Day Watch Shu Officer In Charge,Day Watch Shu Officer In Charge,2
Jerry Dunleavy,Jerry Dunleavy,2
John Gotti,John Gotti,2
Ali Sadr,Ali Sadr,2
Adnan Khashoggi,Adnan Khashoggi,2
Mahender Sabhnani,Mahender Sabhnani,2
Leah Harmon,Leah Harmon,2
The Pretrial Services Officer,The Pretrial Services Officer,2
Other Authorized Persons,Other Authorized Persons,2
Judge Marrero,Judge Marrero,2
Kristina Mcnamara,Kristina Mcnamara,2
Renee Mcreynolds,Renee Mcreynolds,2
Daniel P Moynihan,Daniel P Moynihan,2
Johnson Cj,Johnson Cj,2
B Paul Briones,B Paul Briones,2
Swain J,Swain J,2
Hellerstein J,Hellerstein J,2
Lawrence A Vogelman,Lawrence A Vogelman,2
Judge Koeltl,Judge Koeltl,2
Engelmayr J,Engelmayr J,2
Secretary Of State,Secretary Of State,2
Judge Duffey,Judge Duffey,2
Your Honor,Your Honor,2
Van Skiver,Van Skiver,2
Martha Vazquez,Martha Vazquez,2
Magistrate Judge Briones,Magistrate Judge Briones,2
Philippe Aegle,Philippe Aegle,2
Kennedy J,Kennedy J,2
Mdc Staff,Mdc Staff,2
Mdc Legal Counsel,Mdc Legal Counsel,2
Daniel Rodgers,Daniel Rodgers,2
Joanne Tecluckaugh,Joanne Tecluckaugh,2
Shannon Killian,Shannon Killian,2
Greg Vincent,Greg Vincent,2
David Roberts,David Roberts,2
Ronald Hugh Baillie,Ronald Hugh Baillie,2
Philip Percival Whitcombe,Philip Percival Whitcombe,2
Peter Mandelson,Peter Mandelson,2
Jeffrey Epste N,Jeffrey Epste N,2
Gary Kerny,Gary Kerny,2
Nick Simmonds,Nick Simmonds,2
Kate Balerud,Kate Balerud,2
Catherine Alexander,Catherine Alexander,2
Merwin Delacruz,Merwin Delacruz,2
Emma Tayler,Emma Tayler,2
Frances Goldman,Frances Goldman,2
Paul A Engelmayr,Paul A Engelmayr,2
David Reddage,David Reddage,2
Ivan Rosh,Ivan Rosh,2
Hasan Khan,Hasan Khan,2
Francois Goffinet,Francois Goffinet,2
Manuela Stoetter,Manuela Stoetter,2
Jonathan Mano,Jonathan Mano,2
Francis Ward,Francis Ward,2
Helen Villard House,Helen Villard House,2
David Rockyn,David Rockyn,2
Friendly Cj,Friendly Cj,2
Jeffrey Oestericher,Jeffrey Oestericher,2
Mylene Jampanoi,Mylene Jampanoi,2
David Hodge,David Hodge,2
Charles Miller,Charles Miller,2
Marc Lundberg,Marc Lundberg,2
D Oakley,D Oakley,2
Daniel Redefie,Daniel Redefie,2
Elizabeth Maxwell,Elizabeth Maxwell,2
Estate Manager,Estate Manager,2
Conrad Black,Conrad Black,2
L Nda Stone,L Nda Stone,2
J K Rchner,J K Rchner,2
George Son,George Son,2
B Bonnett,B Bonnett,2
Nick Simmons,Nick Simmons,2
Steve Tuckerman,Steve Tuckerman,2
Harry Dexter White,Harry Dexter White,2
Daniel Rodger,Daniel Rodger,2
Connie Rodgers,Connie Rodgers,2
Mar E Joseph Experton,Mar E Joseph Experton,2
David Malekian,David Malekian,2
Timothy J Ambrose,Timothy J Ambrose,2
Greg Holubert,Greg Holubert,2
Alyssa Holubert,Alyssa Holubert,2
Daniel Rodge,Daniel Rodge,2
Dave Rodgees,Dave Rodgees,2
Jordan Fox,Jordan Fox,2
John Scarola,John Scarola,2
Marc Lindberg,Marc Lindberg,2
Helen H Kim,Helen H Kim,2
David Rothman,David Rothman,2
Roger Wm Sahli,Roger Wm Sahli,2
Pastora Peadon,Pastora Peadon,2
Pam Bondi,Pam Bondi,2
David Rodege,David Rodege,2
Lynn Forrester,Lynn Forrester,2
Nicole Junkermann,Nicole Junkermann,2
Jonathan Mand,Jonathan Mand,2
Robert S Glassman,Robert S Glassman,2
S Pascuzzi,S Pascuzzi,2
David Reddge,David Reddge,2
Elizabeth Johnson,Elizabeth Johnson,2
Senator George Mitchell,Senator George Mitchell,2
Kelly Spann,Kelly Spann,2
J B,J B,2
David Ridgway,David Ridgway,2
David Rodgefr,David Rodgefr,2
David R Rutledge,David R Rutledge,2
David Ross,David Ross,2
Robin L Rosenberg,Robin L Rosenberg,2
David Redeker,David Redeker,2
Lauren Kwintner,Lauren Kwintner,2
Adrian Mucinska,Adrian Mucinska,2
Bill Murphy,Bill Murphy,2
Francisco Villacis,Francisco Villacis,2
Melissa Dalton,Melissa Dalton,2
Paul Levy,Paul Levy,2
D Cook,D Cook,2
Gary Roxbury,Gary Roxbury,2
M Brown,M Brown,2
Lloyd Milton,Lloyd Milton,2
Sandy Berger,Sandy Berger,2
Margaret Stuart Moore,Margaret Stuart Moore,2
Lady Hilda Monica Inglis,Lady Hilda Monica Inglis,2
Richard Cuthbert Percival Whitcombe,Richard Cuthbert Percival Whitcombe,2
Philip Harold Whitcombe,Philip Harold Whitcombe,2
John Barrow,John Barrow,2
Alexia Wallaert,Alexia Wallaert,2
Shannon Hgly,Shannon Hgly,2
Audrey Rambault,Audrey Rambault,2
Henry Jarecki,Henry Jarecki,2
John A Tomasino,John A Tomasino,2
Doug Schoettle,Doug Schoettle,2
Melinda Luntz,Melinda Luntz,2
Ellen Spencer,Ellen Spencer,2
Joel Pashkow,Joel Pashkow,2
Dottie Wilson,Dottie Wilson,2
David Golden,David Golden,2
Darren Indyk,Darren Indyk,2
Joel Podgor,Joel Podgor,2
The Court Reporter,The Court Reporter,2
Lisa Bloom,Lisa Bloom,2
Henry Pittman,Henry Pittman,2
Norman Mailer,Norman Mailer,2
Lillian Hellman,Lillian Hellman,2
Mary Mccarthy,Mary Mccarthy,2
Joaqun El Chapo Guzmn Loera,Joaqun El Chapo Guzmn Loera,2
Reuven Fenton,Reuven Fenton,2
Kate Sheehy,Kate Sheehy,2
Judge Marra,Judge Marra,2
Martin R Weinberg,Martin R Weinberg,2
Victor Gutierrez,Victor Gutierrez,2
Steven Olson,Steven Olson,2
Chuck Weber,Chuck Weber,2
Roger Przybylski,Roger Przybylski,2
Mariana Braylovskiy,Mariana Braylovskiy,2
David A Golden,David A Golden,2
Judge Carter,Judge Carter,2
Cyrus R Vance,Cyrus R Vance,2
Sandra Musumeci,Sandra Musumeci,2
Bernisa Mejia,Bernisa Mejia,2
Dennis Khilkevich,Dennis Khilkevich,2
Judge Wolf,Judge Wolf,2
Michael C Miller,Michael C Miller,2
Ellen Brockman,Ellen Brockman,2
Lorna G Schofield,Lorna G Schofield,2
Reid H Weingarten,Reid H Weingarten,2
Cheryl Stevens,Cheryl Stevens,2
Individual I,Individual I,2
Michael B Mukasey,Michael B Mukasey,2
Elizabeth Rosner,Elizabeth Rosner,2
Tina Moore,Tina Moore,2
Larry Celona,Larry Celona,2
Bruce Golding,Bruce Golding,2
Ira Mark,Ira Mark,2
Tara Ellman,Tara Ellman,2
Defendant'S Attorneys,Defendant'S Attorneys,2
Maura S Doyle,Maura S Doyle,2
Diana Samson,Diana Samson,2
Judge Ramos,Judge Ramos,2
Christy Prunier,Christy Prunier,2
David Doss,David Doss,2
Kathleen Hawk Sawyer,Kathleen Hawk Sawyer,2
Michael H Park,Michael H Park,2
Judge Alison J Nathan,Judge Alison J Nathan,2
James E Foy,James E Foy,2
Fernando De Soto,Fernando De Soto,2
Chief Judge Brodie,Chief Judge Brodie,2
Courtney Bubl,Courtney Bubl,2
Jeffrey Schantz,Jeffrey Schantz,2
Jes Staley,Jes Staley,2
Valerie Plame,Valerie Plame,2
Katie Heidrick,Katie Heidrick,2
Hagan Scotten,Hagan Scotten,2
David Rockefeller,David Rockefeller,2
Eli Wiesel,Eli Wiesel,2
Will H Wallace,Will H Wallace,2
Sue Hamblin,Sue Hamblin,2
Jermaine Darden,Jermaine Darden,2
Diana Fabi,Diana Fabi,2
Craig Tafoya,Craig Tafoya,2
Rebekah A Donaleski,Rebekah A Donaleski,2
Michelle Campos,Michelle Campos,2
Mike Muthafuckin Shelly,Mike Muthafuckin Shelly,2
Steve Hoffenberg,Steve Hoffenberg,2
Beth Moore,Beth Moore,2
Molly Grabill,Molly Grabill,2
James Miller,James Miller,2
Michael Tein,Michael Tein,2
Odis Echols,Odis Echols,2
Anita De Domenico,Anita De Domenico,2
Bill Robbins,Bill Robbins,2
Guy Riordan,Guy Riordan,2
Daniel D Villanueva,Daniel D Villanueva,2
Deborah Dozier Potter,Deborah Dozier Potter,2
Nick Kapnison,Nick Kapnison,2
Mohammed Aysheh,Mohammed Aysheh,2
Benny Roybal,Benny Roybal,2
Jeff Robson,Jeff Robson,2
Ghislaine N Maxwell,Ghislaine N Maxwell,2
J F,J F,2
Gilbert Gallegos,Gilbert Gallegos,2
Robert Rivera,Robert Rivera,2
Andreana Muncinska,Andreana Muncinska,2
Doug Shuttle,Doug Shuttle,2
Stephen W Bosworth,Stephen W Bosworth,2
Lucille Smith,Lucille Smith,2
Bates Michael J,Bates Michael J,2
Gerald Imber Md,Gerald Imber Md,2
Herman Tabet,Herman Tabet,2
Jane Rosenthal,Jane Rosenthal,2
Jerry Della Femina,Jerry Della Femina,2
Joe P Garcia,Joe P Garcia,2
John C Whitehead,John C Whitehead,2
John J Moores,John J Moores,2
John W Himes,John W Himes,2
Josephine M Eastman,Josephine M Eastman,2
Julio Ramirez,Julio Ramirez,2
Karen Durkovich,Karen Durkovich,2
J Consor,J Consor,2
Nick Kowalski,Nick Kowalski,2
Jane Doe No. 1,Jane Doe No. 1,2
Paris Hilton,Paris Hilton,2
Jennifer Lopez,Jennifer Lopez,2
Detective Melnichok,Detective Melnichok,2
Craig Eaton,Craig Eaton,2
Dennis M Langley,Dennis M Langley,2
Paul E Cook,Paul E Cook,2
Tommy Hughes,Tommy Hughes,2
Leo Sims,Leo Sims,2
Arnold J Rael,Arnold J Rael,2
Thomas M Valenzuela,Thomas M Valenzuela,2
Officer Pagan,Officer Pagan,2
Sgt Sorge,Sgt Sorge,2
Officer Minot,Officer Minot,2
Ann Coulter,Ann Coulter,2
Michael Resnick,Michael Resnick,2
Danny Abraham,Danny Abraham,2
Edgar Allan Poe,Edgar Allan Poe,2
Philip Roth,Philip Roth,2
Joanne G,Joanne G,2
Alex Echiverria,Alex Echiverria,2
Jesse Jones,Jesse Jones,2
Jennie Saunders,Jennie Saunders,2
Gray Davis,Gray Davis,2
Gavin Maloof,Gavin Maloof,2
Robert R Hopper,Robert R Hopper,2
Roberta Cooper Ramo,Roberta Cooper Ramo,2
Roy L Owen,Roy L Owen,2
Solomon D Trujillo,Solomon D Trujillo,2
Stephen Durkovich,Stephen Durkovich,2
Stephen Rattner,Stephen Rattner,2
Steve J Abraham,Steve J Abraham,2
Its Fukin Jimmy,Its Fukin Jimmy,2
Jeffrey Colbath,Jeffrey Colbath,2
Paul Turner,Paul Turner,2
Patrick Thomas,Patrick Thomas,2
John Connolly,John Connolly,2
Nick Antico,Nick Antico,2
D Hammond,D Hammond,2
Recarby Joseph,Recarby Joseph,2
Robbie Shergan,Robbie Shergan,2
Gavin P Maloof,Gavin P Maloof,2
John L Tishman,John L Tishman,2
Steven E Cauley,Steven E Cauley,2
John Hess,John Hess,2
Richard Bloch,Richard Bloch,2
Nancy Bloch,Nancy Bloch,2
Diane Denish,Diane Denish,2
Alexader Acosta,Alexader Acosta,2
Rolando Garcia,Rolando Garcia,2
Thomas C Dillenberg,Thomas C Dillenberg,2
Tom Rutherford,Tom Rutherford,2
Trevor Loy,Trevor Loy,2
Turner W Branch,Turner W Branch,2
William Himes,William Himes,2
S Gene Cauley,S Gene Cauley,2
Ernest Montoya,Ernest Montoya,2
Robert L Wright,Robert L Wright,2
Monica Barreras,Monica Barreras,2
Abdul A Mintoo,Abdul A Mintoo,2
Det Joseph Recarey,Det Joseph Recarey,2
Pagan Michele,Pagan Michele,2
Trylch Jeffrey,Trylch Jeffrey,2
Robson Haley,Robson Haley,2
Marquis De Sade,Marquis De Sade,2
Jacques Chirac,Jacques Chirac,2
Paula Heil Fisher,Paula Heil Fisher,2
Eva Andersson Dubin,Eva Andersson Dubin,2
Lew Wasserman,Lew Wasserman,2
Louis Ranieri,Louis Ranieri,2
Ronald Perelman,Ronald Perelman,2
Tom Pritzker,Tom Pritzker,2
M Je,M Je,2
David Patrick Columbia,David Patrick Columbia,2
Geon Luc,Geon Luc,2
Ronald Frick,Ronald Frick,2
Laura Oregero,Laura Oregero,2
Larry Visotki,Larry Visotki,2
Jonathan Farkas,Jonathan Farkas,2
Joanne S,Joanne S,2
Mary C Han,Mary C Han,2
S Daniel Abraham,S Daniel Abraham,2
H Davidson,H Davidson,2
Richard L Fisher,Richard L Fisher,2
Sonny Otero,Sonny Otero,2
Anthony Correra,Anthony Correra,2
William Windham,William Windham,2
Ofc Lee,Ofc Lee,2
Jane Struder,Jane Struder,2
Debbie Wemyss,Debbie Wemyss,2
Brandon Salnal,Brandon Salnal,2
John Brown,John Brown,2
Katherine Slick,Katherine Slick,2
Larry Shed,Larry Shed,2
Leonard A Lauder,Leonard A Lauder,2
Leslie H Hill,Leslie H Hill,2
Lynn De Rothschild,Lynn De Rothschild,2
Mark A Swift,Mark A Swift,2
Martin J Koldyke,Martin J Koldyke,2
Bob Fitrakis,Bob Fitrakis,2
Gary Johnson,Gary Johnson,2
Colombian Cutie,Colombian Cutie,2
The Cyanide Psycho,The Cyanide Psycho,2
Bryan Benjamin Syler,Bryan Benjamin Syler,2
James St James,James St James,2
Michael Alig,Michael Alig,2
Seth Green,Seth Green,2
Macaulay Culkin,Macaulay Culkin,2
Steve Mcqueen,Steve Mcqueen,2
Donald J Trump,Donald J Trump,2
Howard Rubenstein,Howard Rubenstein,2
Carolyn Lowe,Carolyn Lowe,2
Leslie Wexler,Leslie Wexler,2
Strobe Talbott,Strobe Talbott,2
Richard Allen,Richard Allen,2
Mitchell Brater,Mitchell Brater,2
Daniel Payton,Daniel Payton,2
David Lewis,David Lewis,2
Robert Nederlander,Robert Nederlander,2
Leonard Toboroff,Leonard Toboroff,2
Mgr Parkinson,Mgr Parkinson,2
Peter B Lewis,Peter B Lewis,2
Edmund Healy,Edmund Healy,2
Maurine Dickey,Maurine Dickey,2
Tom Worrell,Tom Worrell,2
David L Stone,David L Stone,2
Wendy Dunn,Wendy Dunn,2
Don Irion,Don Irion,2
Carlos Ortiz,Carlos Ortiz,2
Mike Waites,Mike Waites,2
Adriana'S Sister,Adriana'S Sister,2
Adreana Musinska,Adreana Musinska,2
Green Aracelid,Green Aracelid,2
Marks Louise,Marks Louise,2
Anderson Andrew,Anderson Andrew,2
Det Michelle Pagan,Det Michelle Pagan,2
Jonathan F P Rose,Jonathan F P Rose,2
Aggie L Choi,Aggie L Choi,2
Alan Solomont,Alan Solomont,2
Alfred Estrada,Alfred Estrada,2
Shayna Jasmine,Shayna Jasmine,2
Adrianna Musinska,Adrianna Musinska,2
Larry Visotski,Larry Visotski,2
Minot Lori S,Minot Lori S,2
Be Quiet An Drive,Be Quiet An Drive,2
Will Tucker,Will Tucker,2
Zinta Broukis,Zinta Broukis,2
Charles M Diker,Charles M Diker,2
Christy A Ferer,Christy A Ferer,2
D Arnold Mccall,D Arnold Mccall,2
Daniel Brodsky,Daniel Brodsky,2
David I Baron,David I Baron,2
David Tokoph,David Tokoph,2
Sheena Nuevo,Sheena Nuevo,2
Caroline Brown,Caroline Brown,2
Matt Damon,Matt Damon,2
Bruce Willis,Bruce Willis,2
Jon Gordon,Jon Gordon,2
Jennifer Todd,Jennifer Todd,2
Sean Bailey,Sean Bailey,2
Chris Moore,Chris Moore,2
Michael Mickey Tarnopol,Michael Mickey Tarnopol,2
Warren Eisenstein,Warren Eisenstein,2
Ronald Reagan,Ronald Reagan,2
Marcinkova Nada,Marcinkova Nada,2
Back Kathy,Back Kathy,2
Carlos Gallegos,Carlos Gallegos,2
Cordelia C Trimble,Cordelia C Trimble,2
Edward Garcia,Edward Garcia,2
Gerald Kessler,Gerald Kessler,2
John Bartosek,John Bartosek,2
Charles Gerardi,Charles Gerardi,2
Bill Rose,Bill Rose,2
Randy Schultz,Randy Schultz,2
Jan Tuckwood,Jan Tuckwood,2
Barry Berg,Barry Berg,2
John Kelly,John Kelly,2
Gale Howden,Gale Howden,2
Linda Murphy,Linda Murphy,2
Bob Halfe,Bob Halfe,2
Laura Deck Cunningham,Laura Deck Cunningham,2
Dan Shorter,Dan Shorter,2
Jose Lambiet,Jose Lambiet,2
Deborah C Kastrin,Deborah C Kastrin,2
Earl Potter,Earl Potter,2
Edward R Broida,Edward R Broida,2
Elizabeth Keeshan,Elizabeth Keeshan,2
Frank Zaitshik,Frank Zaitshik,2
Fred A Vierra,Fred A Vierra,2
Gary D Plante,Gary D Plante,2
Antonio Villaraigosa,Antonio Villaraigosa,2
Guy Fronstein,Guy Fronstein,2
Captain Gudger,Captain Gudger,2
Kim Pavlik,Kim Pavlik,2
Judge Johnson,Judge Johnson,2
William S Cohen,William S Cohen,2
Jean Luc,Jean Luc,2
Alice Grant,Alice Grant,2
Shayna Casman,Shayna Casman,2
Diana Macarthur,Diana Macarthur,2
John M O'Quinn,John M O'Quinn,2
Steve Gabaldon,Steve Gabaldon,2
Ben Barnes,Ben Barnes,2
Jamie Koch,Jamie Koch,2
Ahmed Assed,Ahmed Assed,2
E W Williams,E W Williams,2
The Victim,The Victim,2
Joseph Recarby,Joseph Recarby,2
Scott Miller,Scott Miller,2
Joseph E Recarey,Joseph E Recarey,2
Tory Bean,Tory Bean,2
Shana Caster,Shana Caster,2
Nadja Marcinkova,Nadja Marcinkova,2
Dick Snyder,Dick Snyder,2
Harold Levin,Harold Levin,2
Lars Forsberg,Lars Forsberg,2
Robert Morosky,Robert Morosky,2
Jeffrey E F,Jeffrey E F,2
Sgt Szarszewski,Sgt Szarszewski,2
Lee La'Mont,Lee La'Mont,2
Jeffrey Williams,Jeffrey Williams,2
Peggy Seagal,Peggy Seagal,2
Keepin It Caucasian,Keepin It Caucasian,2
Detective Dicks,Detective Dicks,2
G M,G M,2
Ken Newton,Ken Newton,2
Barry Krisher,Barry Krisher,2
Jack Bauer,Jack Bauer,2
Steven Jude Hoffenberg,Steven Jude Hoffenberg,2
Douglas Leese,Douglas Leese,2
John Mitchell,John Mitchell,2
Jonathan Harris,Jonathan Harris,2
Robert Blackburn,Robert Blackburn,2
Giuseppe Tome,Giuseppe Tome,2
Richard Axel,Richard Axel,2
John M Eaves,John M Eaves,2
Kathy Lang,Kathy Lang,2
Orville D Mcdonald,Orville D Mcdonald,2
Pia Salazar,Pia Salazar,2
Victoria Bean,Victoria Bean,2
Abigail Koppel,Abigail Koppel,2
Bella Wexner,Bella Wexner,2
Marshall Rose,Marshall Rose,2
Nancy Kissinger,Nancy Kissinger,2
Brooke Astor,Brooke Astor,2
Robert Bass,Robert Bass,2
Joseph Goldstein,Joseph Goldstein,2
Peter Cincotti,Peter Cincotti,2
Lev Glazman,Lev Glazman,2
Gina Simonelli,Gina Simonelli,2
Bernadette Peters,Bernadette Peters,2
Paul Smith,Paul Smith,2
Dyan Cannon,Dyan Cannon,2
Linda Medvene,Linda Medvene,2
Wendy Walker,Wendy Walker,2
Jimmy Choo,Jimmy Choo,2
Tommy Hilfiger,Tommy Hilfiger,2
Roy Maclaren,Roy Maclaren,2
Donald Morrell,Donald Morrell,2
Maryon Davies Lewis,Maryon Davies Lewis,2
Nolan H Brunson,Nolan H Brunson,2
Od Mcdonald,Od Mcdonald,2
Oscar S Wyatt,Oscar S Wyatt,2
Christine Tatum,Christine Tatum,2
Jose Torres A,Jose Torres A,2
Graydon Carter,Graydon Carter,2
The Beatles,The Beatles,2
Dicks Allen C,Dicks Allen C,2
R Bart Rutledge,R Bart Rutledge,2
Rick Moms,Rick Moms,2
Robert S Bass,Robert S Bass,2
Sheila Davis,Sheila Davis,2
Stephen A Cozen,Stephen A Cozen,2
Ted Turner,Ted Turner,2
Thomas Bonafair,Thomas Bonafair,2
Victor Paul Kearney,Victor Paul Kearney,2
Robert Joe Hanson,Robert Joe Hanson,2
Jennifer R Sandman,Jennifer R Sandman,2
A Grant,A Grant,2
Beauty In,Beauty In,2
Gisele Bundchen,Gisele Bundchen,2
Barbara Flicker,Barbara Flicker,2
Bernard L Schwartz,Bernard L Schwartz,2
Bernard Rapoport,Bernard Rapoport,2
Beth Miller,Beth Miller,2
Billy G Smith,Billy G Smith,2
Brian F Egolf,Brian F Egolf,2
Carl Turner,Carl Turner,2
Celina Dubin,Celina Dubin,2
Cres Valdez,Cres Valdez,2
Michael Wolff,Michael Wolff,2
Bennett Cerf,Bennett Cerf,2
James Stanley,James Stanley,2
Gerald Peters,Gerald Peters,2
Gus Fronstin,Gus Fronstin,2
Paul H Bradley,Paul H Bradley,2
Ed Romero,Ed Romero,2
David Steiner,David Steiner,2
Bob Hertzberg,Bob Hertzberg,2
Garrett Thornburg,Garrett Thornburg,2
Wayne A Reaud,Wayne A Reaud,2
John Turner,John Turner,2
Oper Stevie,Oper Stevie,2
Moore Beth,Moore Beth,2
Munyan Keith,Munyan Keith,2
George Soros,George Soros,2
Stanley Druckenmiller,Stanley Druckenmiller,2
Jay Gatsby,Jay Gatsby,2
Koenig Daniel,Koenig Daniel,2
Goodfellow Gene,Goodfellow Gene,2
Auteri Donald,Auteri Donald,2
Zanna Belohlavek,Zanna Belohlavek,2
James Peterson,James Peterson,2
Laura D Oregero,Laura D Oregero,2
Oper Steve,Oper Steve,2
Paul A Donisthorpe,Paul A Donisthorpe,2
Peter L Buttenwieser,Peter L Buttenwieser,2
Philip D Harvey,Philip D Harvey,2
Philip J Wolff,Philip J Wolff,2
Prakash Ranka,Prakash Ranka,2
Ralph Schlosstein,Ralph Schlosstein,2
Ray F Padilla,Ray F Padilla,2
Robert B Millard,Robert B Millard,2
Robert Denison,Robert Denison,2
Robert F Mccallum,Robert F Mccallum,2
Charlize Mutten,Charlize Mutten,1
Theodore 'Ted' Waitt,Theodore 'Ted' Waitt,1
Scott W Rothstein,Scott W Rothstein,1
Harriet Jagger,Harriet Jagger,1
Loretta Preska,Loretta Preska,1
Taylor M Friedman,Taylor M Friedman,1
Us Marshal Eric Weiss,Us Marshal Eric Weiss,1
Annie'S Mother,Annie'S Mother,1
Paul M Dauerdas,Paul M Dauerdas,1
Charles Stimson,Charles Stimson,1
Jill Laurie Goodman,Jill Laurie Goodman,1
Dorchen A Leidholdt,Dorchen A Leidholdt,1
El Chapo,El Chapo,1
Douglas Chanco,Douglas Chanco,1
Jennifer Araos,Jennifer Araos,1
Kevin D'Amour,Kevin D'Amour,1
Richard Bourne-Vanneck,Richard Bourne-Vanneck,1
Tela Davis,Tela Davis,1
John Benham,John Benham,1
Melody Westfall,Melody Westfall,1
Sean Foster,Sean Foster,1
Sours Edwards,Sours Edwards,1
Paul M Dauerdus,Paul M Dauerdus,1
Ralph Berry,Ralph Berry,1
Jacob R Fiddelman,Jacob R Fiddelman,1
Dominic A Gentile,Dominic A Gentile,1
Mark S Demarco,Mark S Demarco,1
Charlise Mutton,Charlise Mutton,1
Tung Yin,Tung Yin,1
Jacob Fiddelman,Jacob Fiddelman,1
Dominic Gentile,Dominic Gentile,1
Mark Demarco,Mark Demarco,1
Mayerlin Ulerio,Mayerlin Ulerio,1
Carolyn P H Percell,Carolyn P H Percell,1
Ariel Smith,Ariel Smith,1
Pamela Tepper,Pamela Tepper,1
William Blum,William Blum,1
Christopher Kroblin,Christopher Kroblin,1
Marjorie Whalen,Marjorie Whalen,1
Shari D'Andrade,Shari D'Andrade,1
Daniel Weiner,Daniel Weiner,1
Sigurd Kellan,Sigurd Kellan,1
Amanda Kumar,Amanda Kumar,1
Sarah Kansome,Sarah Kansome,1
Theresa Acosta,Theresa Acosta,1
Joseph Fallek,Joseph Fallek,1
Matthew Cuomo,Matthew Cuomo,1
Bruce Green,Bruce Green,1
Howard M Cooper,Howard M Cooper,1
Christian G Kiely,Christian G Kiely,1
Kristine C Oren,Kristine C Oren,1
Charles J Cooper,Charles J Cooper,1
Michael W Kirk,Michael W Kirk,1
Nicole J Moss,Nicole J Moss,1
Haley N Proctor,Haley N Proctor,1
Teresa J Helm,Teresa J Helm,1
Becky S James,Becky S James,1
Juror Number One,Juror Number One,1
Debbie Turner,Debbie Turner,1
Paul Tayler,Paul Tayler,1
Michael Baker,Michael Baker,1
Alexander S Bardey,Alexander S Bardey,1
Kate Termini,Kate Termini,1
Amy Desimon,Amy Desimon,1
Paul H Schoeman Esq,Paul H Schoeman Esq,1
Anne Holve,Anne Holve,1
Michael Maxwell,Michael Maxwell,1
Almighty God,Almighty God,1
Purcell Morris,Purcell Morris,1
Schmidt Ralph G,Schmidt Ralph G,1
Laurence Dollimore,Laurence Dollimore,1
Gamma Tech Industries Inc,Gamma Tech Industries Inc,1
Justice Sachs,Justice Sachs,1
Justices Friedman,Justices Friedman,1
Herbert Hollomon,Herbert Hollomon,1
Jennifer Ah Hodge,Jennifer Ah Hodge,1
Donald Blackwell,Donald Blackwell,1
Derek Chauvin,Derek Chauvin,1
Eric Fischl,Eric Fischl,1
Chuck Close,Chuck Close,1
James Brooks,James Brooks,1
Ghislaine Maxavell,Ghislaine Maxavell,1
John M Mantel,John M Mantel,1
Lara Pomantz,Lara Pomantz,1
Elliot Spitzer,Elliot Spitzer,1
Jeffrey Pagliucca,Jeffrey Pagliucca,1
Louise Slaughter,Louise Slaughter,1
Deborah Pryce,Deborah Pryce,1
Ghislaine Maxweli,Ghislaine Maxweli,1
Accuser-'S Brother,Accuser-'S Brother,1
Jeffrey A H Hodge,Jeffrey A H Hodge,1
Catherine M Rosa,Catherine M Rosa,1
Professor Marci A Hamilton,Professor Marci A Hamilton,1
Ume Kubo,Ume Kubo,1
Michael M Schwach,Michael M Schwach,1
Van Graafeiland,Van Graafeiland,1
Batchelder Abigail,Batchelder Abigail,1
Batchelder Joseph H Marcia,Batchelder Joseph H Marcia,1
Batchelder Joseph Henry,Batchelder Joseph Henry,1
Devettter Dennis M,Devettter Dennis M,1
Hanvacek Steven,Hanvacek Steven,1
Lusvardi Laurence C,Lusvardi Laurence C,1
Weinstein Cj,Weinstein Cj,1
Venzanio Arquilla,Venzanio Arquilla,1
Jeffrey S Pagluica,Jeffrey S Pagluica,1
Christopher Mallios,Christopher Mallios,1
Toolsi Meisner,Toolsi Meisner,1
Jeffrey Roth,Jeffrey Roth,1
Jolana Roth,Jolana Roth,1
Her Husband,Her Husband,1
Her Stepchildren,Her Stepchildren,1
Mi Sun Cho,Mi Sun Cho,1
Anne Jt Holve,Anne Jt Holve,1
Honn K A,Honn K A,1
Hinson J M,Hinson J M,1
Whitney P,Whitney P,1
Van Dongen H P A,Van Dongen H P A,1
Killgore W D,Killgore W D,1
Kahn-Greene E T,Kahn-Greene E T,1
Lipizzi E L,Lipizzi E L,1
Newman R A,Newman R A,1
Kamimori G H,Kamimori G H,1
Balkin T J,Balkin T J,1
Ghisiane Maxwell,Ghisiane Maxwell,1
Tatiana Venegas,Tatiana Venegas,1
Rasheen Vega,Rasheen Vega,1
O'Connor Jj,O'Connor Jj,1
Ghislaine Macavell,Ghislaine Macavell,1
Magistrate Judge Netburn,Magistrate Judge Netburn,1
Rodney King,Rodney King,1
John Goodman,John Goodman,1
Scott Peterson,Scott Peterson,1
Joshua Dubin,Joshua Dubin,1
O'Connor J,O'Connor J,1
Caroline Ambriano,Caroline Ambriano,1
Brittany N Henderson,Brittany N Henderson,1
Batchilder Abigail,Batchilder Abigail,1
Batchilder Joseph H Marcia,Batchilder Joseph H Marcia,1
Batchilder Joseph Henry,Batchilder Joseph Henry,1
Devettere Dennis M,Devettere Dennis M,1
Hanvasek Steven,Hanvasek Steven,1
Elizbeth Stein,Elizbeth Stein,1
Maria Soly Almonte,Maria Soly Almonte,1
Judge Van Graafeiland,Judge Van Graafeiland,1
Purcel Morris,Purcel Morris,1
Schmidt Ralph F,Schmidt Ralph F,1
Jeffrey Welbaum,Jeffrey Welbaum,1
Vincent F Amen,Vincent F Amen,1
Michael Knox,Michael Knox,1
Greg Beratlis,Greg Beratlis,1
Tom Marino,Tom Marino,1
Mike Belmessieri,Mike Belmessieri,1
Dennis Lear,Dennis Lear,1
Richelle Nice,Richelle Nice,1
John Guinasso,John Guinasso,1
Julie Zanartu,Julie Zanartu,1
Herman Tubic,Herman Tubic,1
Kary Antholis,Kary Antholis,1
Brandon Mitchell,Brandon Mitchell,1
Lisa Christenson,Lisa Christenson,1
Stephanie Francis Ward,Stephanie Francis Ward,1
Michael D Goldhaber,Michael D Goldhaber,1
James Martin Hollomon,James Martin Hollomon,1
Justice Cabret,Justice Cabret,1
Attorney Handy,Attorney Handy,1
Felix Frankfurter,Felix Frankfurter,1
Dylan Schneider,Dylan Schneider,1
Jeremy Schneider,Jeremy Schneider,1
Venanzio Arquilla,Venanzio Arquilla,1
Stevens J,Stevens J,1
Jim Parsons,Jim Parsons,1
Tiffany Bergin,Tiffany Bergin,1
Dean G Kilpatrick,Dean G Kilpatrick,1
Ron Acierno,Ron Acierno,1
Rhiannon Davies,Rhiannon Davies,1
Lorana Bartels,Lorana Bartels,1
Paul Dauerds,Paul Dauerds,1
Dawn Donino,Dawn Donino,1
Ashley Geiser,Ashley Geiser,1
Carolyn P Hermon-Percell,Carolyn P Hermon-Percell,1
Tamara Charles,Tamara Charles,1
Edotcia Thomas-Hodge,Edotcia Thomas-Hodge,1
Lara Markarian,Lara Markarian,1
Cimberly Galindo Espinosa,Cimberly Galindo Espinosa,1
Dominique Hippolite,Dominique Hippolite,1
Mary Giannini,Mary Giannini,1
Mary Margaret Giannini,Mary Margaret Giannini,1
Richard A Bierschbach,Richard A Bierschbach,1
Jayne W Barnard,Jayne W Barnard,1
Paul H Schoeman,Paul H Schoeman,1
Chief Justice Burger,Chief Justice Burger,1
Eric Weiss,Eric Weiss,1
Vyacheslav Polosin,Vyacheslav Polosin,1
Stefano Braccini,Stefano Braccini,1
Senator Kyl,Senator Kyl,1
Kenneth Feinberg,Kenneth Feinberg,1
Anne Halve,Anne Halve,1
Judge Hull,Judge Hull,1
Marc Fisher,Marc Fisher,1
John F Stinneford,John F Stinneford,1
Groner N,Groner N,1
Groner Ne,Groner Ne,1
Keating Jc,Keating Jc,1
Siegel Jm,Siegel Jm,1
Fishman Db,Fishman Db,1
Hastic R,Hastic R,1
Lansman R,Lansman R,1
Macleod Cm,Macleod Cm,1
Tough J,Tough J,1
Fries Jf,Fries Jf,1
Powers Pa,Powers Pa,1
Andriks Jl,Andriks Jl,1
Gentner D,Gentner D,1
Cole Wg,Cole Wg,1
Hilgard E,Hilgard E,1
Clifford Br,Clifford Br,1
Saks M,Saks M,1
Wright F,Wright F,1
Bahn C,Bahn C,1
Rieber Rw,Rieber Rw,1
Andrew Rothstein,Andrew Rothstein,1
Matthew J Cashion,Matthew J Cashion,1
David Militiamen,David Militiamen,1
Elizabeth S Scott,Elizabeth S Scott,1
W Lawrence Fitch,W Lawrence Fitch,1
Walter J Wadlington,Walter J Wadlington,1
Kenneth R Crispell,Kenneth R Crispell,1
Willis Spaulding,Willis Spaulding,1
Marshal Ralph Sozio,Marshal Ralph Sozio,1
Rispers J,Rispers J,1
Scott Evans Dekraai,Scott Evans Dekraai,1
Natalee Holloway,Natalee Holloway,1
Israel Keyes,Israel Keyes,1
Samantha Koenig,Samantha Koenig,1
Itzcoatl Ocampo,Itzcoatl Ocampo,1
Gilberto Valle,Gilberto Valle,1
Ross Ulbricht,Ross Ulbricht,1
Gigi Jordan,Gigi Jordan,1
Gerhard D,Gerhard D,1
Hall D,Hall D,1
Leber D,Leber D,1
Franklin Kc,Franklin Kc,1
Caddy G R,Caddy G R,1
G S Tryon,G S Tryon,1
Messo J,Messo J,1
Boone Sm,Boone Sm,1
Kline D,Kline D,1
Cole Cb,Cole Cb,1
S Ceci,S Ceci,1
M Toglia,M Toglia,1
D Ross,D Ross,1
Mcfeaters Sj,Mcfeaters Sj,1
Schneider Ng,Schneider Ng,1
F Farley,F Farley,1
Ch Null,Ch Null,1
Bell B,Bell B,1
Mark Hofmann,Mark Hofmann,1
Gabe Watts,Gabe Watts,1
Ibrahim Elgendy,Ibrahim Elgendy,1
Aisha Sherbiny,Aisha Sherbiny,1
Chandra Janney,Chandra Janney,1
Graham J Galliford,Graham J Galliford,1
Gerry Laporte,Gerry Laporte,1
D Wolchover,D Wolchover,1
Ka Braun-Latour,Ka Braun-Latour,1
Ef Loftus,Ef Loftus,1
Jm Doyle,Jm Doyle,1
Ak Thomas,Ak Thomas,1
De Hannula,De Hannula,1
C A Morgan,C A Morgan,1
G Hazlett,G Hazlett,1
A Doran,A Doran,1
S Southwick,S Southwick,1
Ka Wade,Ka Wade,1
Sj Sharman,Sj Sharman,1
M Memon,M Memon,1
A Mazzoni,A Mazzoni,1
G Merckelbach,G Merckelbach,1
D L M Sacchi,D L M Sacchi,1
F Agnoli,F Agnoli,1
D Davis,D Davis,1
Mp Toglia,Mp Toglia,1
Jd Read,Jd Read,1
Df Ross,Df Ross,1
Rcl Lindsay,Rcl Lindsay,1
L Cahill,L Cahill,1
Js Nairne,Js Nairne,1
Se Clark,Se Clark,1
J Greene,J Greene,1
Hl Roediger,Hl Roediger,1
Y Dudai,Y Dudai,1
S M Fitzpatrick,S M Fitzpatrick,1
Sl Clifasefi,Sl Clifasefi,1
S Della Sala,S Della Sala,1
Ds Clark,Ds Clark,1
Rl Steinberg,Rl Steinberg,1
C Laney,C Laney,1
E Geraerts,E Geraerts,1
Dm Bernstein,Dm Bernstein,1
H Merckelbach,H Merckelbach,1
C Linders,C Linders,1
L Raymaekers,L Raymaekers,1
S J Sharman,S J Sharman,1
Ja Jacobson,Ja Jacobson,1
Ph Ditto,Ph Ditto,1
Nb Fowler,Nb Fowler,1
Kj Nelson,Kj Nelson,1
Ek Morris,Ek Morris,1
D Wright,D Wright,1
G Cohen,G Cohen,1
Ma Conway,Ma Conway,1
Robert Gorghan,Robert Gorghan,1
Angel Mateo,Angel Mateo,1
Gerald M Laporte,Gerald M Laporte,1
Mednick Sa,Mednick Sa,1
Pollio R H,Pollio R H,1
Bourne Le,Bourne Le,1
Dominowski Rl,Dominowski Rl,1
Bootzin R,Bootzin R,1
Zajonc R,Zajonc R,1
Wells G,Wells G,1
Healy A,Healy A,1
Doyle J,Doyle J,1
Ketcham K,Ketcham K,1
The Deputy Clerk,The Deputy Clerk,1
Loren Bellrichard,Loren Bellrichard,1
Johnnie Kenneth Register,Johnnie Kenneth Register,1
Kenneth G Sequin,Kenneth G Sequin,1
Dale Akiki,Dale Akiki,1
Betty Ann Haste,Betty Ann Haste,1
Gregorio Garcia,Gregorio Garcia,1
Chauhan P,Chauhan P,1
Morris J,Morris J,1
Stejskal W,Stejskal W,1
Colwell Lh,Colwell Lh,1
Kenan J,Kenan J,1
Kaplan D,Kaplan D,1
Lanning Kv,Lanning Kv,1
Fischer Ca,Fischer Ca,1
Beckson M,Beckson M,1
Wellbeloved-Stone Jm,Wellbeloved-Stone Jm,1
Millspaugh Sb,Millspaugh Sb,1
Jeffrey T Aloman,Jeffrey T Aloman,1
Adony Nina,Adony Nina,1
Rowe Kl,Rowe Kl,1
Horvath M,Horvath M,1
Brown J,Brown J,1
Hyman I E J,Hyman I E J,1
Billings F J,Billings F J,1
Pentland J,Pentland J,1
Joyce T A,Joyce T A,1
Kanin E J,Kanin E J,1
Kassin M K,Kassin M K,1
Drisin S A,Drisin S A,1
Leo R A,Leo R A,1
Redlich A D,Redlich A D,1
Kebbel Mvr,Kebbel Mvr,1
Hatton C,Hatton C,1
Johnson S D,Johnson S D,1
Kelly L,Kelly L,1
Kensinger E A,Kensinger E A,1
Kindt M,Kindt M,1
Van Den Hout M,Van Den Hout M,1
Buck N,Buck N,1
Lamont S,Lamont S,1
Brunero S,Brunero S,1
Lenzenweger M F,Lenzenweger M F,1
Lane M C,Lane M C,1
Loranger A W,Loranger A W,1
Kessler R C,Kessler R C,1
Lieb K,Lieb K,1
Zanarini M C,Zanarini M C,1
Schmahl C,Schmahl C,1
Linehan M M,Linehan M M,1
Bohus M,Bohus M,1
Lin R Y,Lin R Y,1
Heacock L C,Heacock L C,1
Fogel J F,Fogel J F,1
Lisak D,Lisak D,1
Gardiner L,Gardiner L,1
Nicksa S C,Nicksa S C,1
Cote A M,Cote A M,1
Van Asselt,Van Asselt,1
Etta James,Etta James,1
Oscar Pistorius,Oscar Pistorius,1
Mari Molasky,Mari Molasky,1
Tiffany N Sandeffer,Tiffany N Sandeffer,1
Richard A Davis,Richard A Davis,1
John Perry,John Perry,1
Sally Mcneil,Sally Mcneil,1
Allen Klanika,Allen Klanika,1
Kathleen Ferguson,Kathleen Ferguson,1
Shane Currey,Shane Currey,1
Joseph Clark,Joseph Clark,1
He Butt,He Butt,1
Rispens J,Rispens J,1
Turgeon J,Turgeon J,1
Francis E,Francis E,1
Michael Rb,Michael Rb,1
Braniff G,Braniff G,1
Wylie L E,Wylie L E,1
Mcculler L L,Mcculler L L,1
Brank E M,Brank E M,1
Bornstein B H,Bornstein B H,1
Toglia M P,Toglia M P,1
Ross D F,Ross D F,1
Pozzulo J,Pozzulo J,1
Pica E,Pica E,1
Crangle Ce,Crangle Ce,1
De La Sierra Ag,De La Sierra Ag,1
Longino He,Longino He,1
Levine Tr,Levine Tr,1
Frenda S J,Frenda S J,1
Gernsbacher Ma,Gernsbacher Ma,1
Nichols R M,Nichols R M,1
Enright K,Enright K,1
Cautin Rl,Cautin Rl,1
Cochran Kj,Cochran Kj,1
Takarangi M K,Takarangi M K,1
Raz A,Raz A,1
Harris Cs,Harris Cs,1
Co Ngs Griffiths,Co Ngs Griffiths,1
Henry F Williams,Henry F Williams,1
Everington C,Everington C,1
Fulero S M,Fulero S M,1
Fisher B S,Fisher B S,1
Cullen F T,Cullen F T,1
Turner M G,Turner M G,1
Francis J,Francis J,1
Freud S,Freud S,1
Galdos P,Galdos P,1
Van Os J,Van Os J,1
Manning C G,Manning C G,1
Sherman S J,Sherman S J,1
Gershuny B S,Gershuny B S,1
Thayer J F,Thayer J F,1
Gross B,Gross B,1
Gruben D,Gruben D,1
Madsen L,Madsen L,1
Henry L,Henry L,1
Joyce T,Joyce T,1
Hall D S,Hall D S,1
Hemmings C,Hemmings C,1
Hickman S E,Hickman S E,1
Muehlenhard C L,Muehlenhard C L,1
Hindmarch I,Hindmarch I,1
Brinkmann R,Brinkmann R,1
Arthur J Shawcross,Arthur J Shawcross,1
Keith Gordon Ham,Keith Gordon Ham,1
Randy Ryan,Randy Ryan,1
Teresa Janus,Teresa Janus,1
Adam Janus,Adam Janus,1
Robert John Bardo,Robert John Bardo,1
Reed J,Reed J,1
Leviton Acr,Leviton Acr,1
Millspaugh Sp,Millspaugh Sp,1
Grabowska Aa,Grabowska Aa,1
Isom An,Isom An,1
Shelton Jle,Shelton Jle,1
Lybert K,Lybert K,1
Guney S,Guney S,1
Chopin J,Chopin J,1
Beauregard E,Beauregard E,1
Judge Cote,Judge Cote,1
Kloft L,Kloft L,1
Blokland A,Blokland A,1
Monds La,Monds La,1
Toennes Sw,Toennes Sw,1
Ramakers Jg,Ramakers Jg,1
Andreasen Nc,Andreasen Nc,1
Goodwin Gm,Goodwin Gm,1
Grady R,Grady R,1
Levine L,Levine L,1
Greene C,Greene C,1
Dodier O,Dodier O,1
Feeling N,Feeling N,1
Williams Dp,Williams Dp,1
Speller Lf,Speller Lf,1
Koenig J,Koenig J,1
Thayer Jf,Thayer Jf,1
Garrett Bl,Garrett Bl,1
Kenchel J,Kenchel J,1
Domagalski K,Domagalski K,1
Bailey Na,Bailey Na,1
Olaguez Ap,Olaguez Ap,1
Lench Hc,Lench Hc,1
Tinti C L,Tinti C L,1
Schmidt S,Schmidt S,1
Muzzulini B,Muzzulini B,1
Stark Sm,Stark Sm,1
Wixted Jt,Wixted Jt,1
Ditto Ph,Ditto Ph,1
Bookwala J,Bookwala J,1
Newton N,Newton N,1
Miller Q C,Miller Q C,1
Frisby C L,Frisby C L,1
Redding Re,Redding Re,1
Khaled Al Fawwaz,Khaled Al Fawwaz,1
Nicholas Lewin,Nicholas Lewin,1
Thomas P Griesa,Thomas P Griesa,1
Weaver C,Weaver C,1
Dysart Jl,Dysart Jl,1
Fishman Ef,Fishman Ef,1
Keller L,Keller L,1
Atkinson Rc,Atkinson Rc,1
Jerman M,Jerman M,1
Scheff Rw,Scheff Rw,1
Highland Capital Mgmt,Highland Capital Mgmt,1
Helmut Kohl,Helmut Kohl,1
Jennifer L Naso,Jennifer L Naso,1
Kaasa S O,Kaasa S O,1
Vanous S,Vanous S,1
Cucciare M,Cucciare M,1
Gluck Ma,Gluck Ma,1
Kosslyn S M,Kosslyn S M,1
Amanda C Kracen,Amanda C Kracen,1
Ian J Wallace,Ian J Wallace,1
G Geis,G Geis,1
Hayne H,Hayne H,1
E Borgida,E Borgida,1
St Fiske,St Fiske,1
Fries J,Fries J,1
Takarangi Mkt,Takarangi Mkt,1
Polaschek Dll,Polaschek Dll,1
Ac Fonseca,Ac Fonseca,1
Frederick T Leong,Frederick T Leong,1
Fowler Nb,Fowler Nb,1
Cutler B L,Cutler B L,1
Nourkova V,Nourkova V,1
Am Columbus,Am Columbus,1
Rudd M E,Rudd M E,1
Erdfelder E,Erdfelder E,1
K Markman,K Markman,1
W Klein,W Klein,1
J Suhr,J Suhr,1
Skeem Js,Skeem Js,1
Douglas Ks,Douglas Ks,1
French L,French L,1
Hirstein W,Hirstein W,1
Michael H Bernstein,Michael H Bernstein,1
David J Lender,David J Lender,1
Johnson Da,Johnson Da,1
Gruneberg M,Gruneberg M,1
Sykes R,Sykes R,1
Clark C,Clark C,1
Mcspadden M,Mcspadden M,1
Thomson D,Thomson D,1
Donders K,Donders K,1
Archer T,Archer T,1
Nilsson L,Nilsson L,1
Wegener H,Wegener H,1
Haisch J,Haisch J,1
Bailey Wg,Bailey Wg,1
Korf N,Korf N,1
Yuille J,Yuille J,1
Raskin Dc,Raskin Dc,1
Young Aw,Young Aw,1
Ellis Hd,Ellis Hd,1
Banaji M,Banaji M,1
Gheorghiu Va,Gheorghiu Va,1
Netter Hj,Netter Hj,1
Eysenck Hj,Eysenck Hj,1
Rosenthal R,Rosenthal R,1
Roger Kibbe,Roger Kibbe,1
Isaac Zamora,Isaac Zamora,1
Cory Morris,Cory Morris,1
Edward Bagley,Edward Bagley,1
Jared Loughner,Jared Loughner,1
Johnson Sc,Johnson Sc,1
O'Shaughnessy Rj,O'Shaughnessy Rj,1
Schetsky Dh,Schetsky Dh,1
Bingham M,Bingham M,1
Bradley J,Bradley J,1
Dedman Jm,Dedman Jm,1
Galvin M,Galvin M,1
Newman A,Newman A,1
Carpenter Wt,Carpenter Wt,1
Adelman Rm,Adelman Rm,1
Restivo K,Restivo K,1
Nelson Em,Nelson Em,1
Nicholson C,Nicholson C,1
Stoneking L,Stoneking L,1
Kambam P,Kambam P,1
Thompson Cr,Thompson Cr,1
Mullen P,Mullen P,1
Ogloff Jrp,Ogloff Jrp,1
Fisher Kl,Fisher Kl,1
The Videographer,The Videographer,1
Jennifer L Mnookin,Jennifer L Mnookin,1
Edward J Devitt,Edward J Devitt,1
Robert L Sadoff,Robert L Sadoff,1
Arthur Rosenberg,Arthur Rosenberg,1
Wendy K Mariner,Wendy K Mariner,1
C Robert Showalter,C Robert Showalter,1
Judge Netman,Judge Netman,1
Taylor J,Taylor J,1
Shuy R,Shuy R,1
Shnukal A,Shnukal A,1
Smith Kh,Smith Kh,1
Yarmey Ad,Yarmey Ad,1
Sales Bd,Sales Bd,1
Scott Gr,Scott Gr,1
Tonry M,Tonry M,1
Morris N,Morris N,1
Long Jb,Long Jb,1
Baddeley Ad,Baddeley Ad,1
Atkinson Jm,Atkinson Jm,1
Drew P,Drew P,1
Cermak Ls,Cermak Ls,1
Penrod S,Penrod S,1
Winkler J,Winkler J,1
Bray R,Bray R,1
Kerr N,Kerr N,1
Kraut Ag,Kraut Ag,1
Trankell A,Trankell A,1
Hogarth Rm,Hogarth Rm,1
Pat Mchugh,Pat Mchugh,1
Adriana Ross Salazar,Adriana Ross Salazar,1
David Marcus,David Marcus,1
Thomas P Greisa,Thomas P Greisa,1
Schuler R,Schuler R,1
Treado Pj,Treado Pj,1
Gardner C,Gardner C,1
Layman M,Layman M,1
Cochran J,Cochran J,1
Glisson F,Glisson F,1
Julie Taymor,Julie Taymor,1
Wesley Paul Coonce,Wesley Paul Coonce,1
Charles Michael Hall,Charles Michael Hall,1
Barrett Linde,Barrett Linde,1
John David Couzens,John David Couzens,1
Bryan Chang,Bryan Chang,1
Juanita Ardizzone,Juanita Ardizzone,1
Jerry Ardizzone,Jerry Ardizzone,1
John Cj Doe,John Cj Doe,1
Fr Christopher Cunningham,Fr Christopher Cunningham,1
Hillary Lawson,Hillary Lawson,1
Howard Rubin,Howard Rubin,1
Brandon Michael Fleury,Brandon Michael Fleury,1
De Jongh,De Jongh,1
Van De Putte,Van De Putte,1
Broman Fulks,Broman Fulks,1
Jerome D Frank,Jerome D Frank,1
David C Rubin,David C Rubin,1
Coan Ja,Coan Ja,1
L M Reder,L M Reder,1
Manning Cg,Manning Cg,1
Doyle J M,Doyle J M,1
Gilligan F A,Gilligan F A,1
Imwinkelried E J,Imwinkelried E J,1
Hyman I,Hyman I,1
Paul S Appelbaum,Paul S Appelbaum,1
Lisa A Uyhara,Lisa A Uyhara,1
Mark R Elin,Mark R Elin,1
Dubreuil S C,Dubreuil S C,1
Brown S W,Brown S W,1
D G Payne,D G Payne,1
F G Conrad,F G Conrad,1
J D Read,J D Read,1
D S Lindsay,D S Lindsay,1
Rosenwald L,Rosenwald L,1
D L Faigman,D L Faigman,1
D H Kaye,D H Kaye,1
M J Saks,M J Saks,1
J Saunder,J Saunder,1
C Boyatzis,C Boyatzis,1
En Junn,En Junn,1
Carlin L,Carlin L,1
Nucci M,Nucci M,1
American Psychiatric Association,American Psychiatric Association,1
Bernstein E,Bernstein E,1
Bessmer S,Bessmer S,1
Binder R L,Binder R L,1
Mcniel D E,Mcniel D E,1
Bisby J,Bisby J,1
Leitz J,Leitz J,1
Morgan C,Morgan C,1
Curran V,Curran V,1
Block S,Block S,1
Boag S,Boag S,1
Breh D C,Breh D C,1
Seidler G H,Seidler G H,1
Brown H,Brown H,1
Stein J,Stein J,1
Turk V,Turk V,1
Burnam M A,Burnam M A,1
Stein J A,Stein J A,1
Golding J M,Golding J M,1
Siegel J M,Siegel J M,1
Sorenson S B,Sorenson S B,1
Forsythe A B,Forsythe A B,1
Telles C A,Telles C A,1
Burt M R,Burt M R,1
Candel I,Candel I,1
Kuijpers M,Kuijpers M,1
Cederborg A-C,Cederborg A-C,1
Chronback Lj,Chronback Lj,1
Clare I C H,Clare I C H,1
Clay-Warner J,Clay-Warner J,1
Burt C H,Burt C H,1
Crego A,Crego A,1
Holgun S R,Holgun S R,1
Parada M,Parada M,1
Mota N,Mota N,1
Corral M,Corral M,1
Cadaveira F,Cadaveira F,1
V A,V A,1
Butler Pappas,Butler Pappas,1
V A Bohu,V A Bohu,1
Rey-Sal Mon,Rey-Sal Mon,1
Mike Danchuck,Mike Danchuck,1
Marche Isabella,Marche Isabella,1
Charles Ng,Charles Ng,1
Leonard Lake,Leonard Lake,1
Ricardo Caputo,Ricardo Caputo,1
Earl H Figley,Earl H Figley,1
Michael T Stevens,Michael T Stevens,1
Colin Ferguson,Colin Ferguson,1
Stephen Shoemaker,Stephen Shoemaker,1
Stephen Mcdonald,Stephen Mcdonald,1
Keith Adams,Keith Adams,1
Wesley Purkey,Wesley Purkey,1
Scott Erskine,Scott Erskine,1
Michael Connelly,Michael Connelly,1
Ronald Matthews,Ronald Matthews,1
George Williams,George Williams,1
Oc Smith,Oc Smith,1
Landholt M A,Landholt M A,1
Jud A,Jud A,1
Paine M L,Paine M L,1
Hansen D J,Hansen D J,1
Pereda N,Pereda N,1
Guilera G,Guilera G,1
Forns M,Forns M,1
Gmez Benito J,Gmez Benito J,1
Reitsema A M,Reitsema A M,1
Grietens H,Grietens H,1
Rosenthal P,Rosenthal P,1
Rosenthal W,Rosenthal W,1
Schaeffer P,Schaeffer P,1
Leventhal J M,Leventhal J M,1
Asnes A G,Asnes A G,1
Schnbucher V,Schnbucher V,1
Land Olt M,Land Olt M,1
Sorsoli L,Sorsoli L,1
Kia Keating M,Kia Keating M,1
Grossman F K,Grossman F K,1
Staller K M,Staller K M,1
Stoltenborgh M,Stoltenborgh M,1
Van Ijzendoorn M H,Van Ijzendoorn M H,1
Euser E M,Euser E M,1
Bakermans Kranenburg M,Bakermans Kranenburg M,1
Tener D,Tener D,1
Murphy S,Murphy S,1
Daciuk J,Daciuk J,1
Felstiner C,Felstiner C,1
Black T,Black T,1
Cloutier R,Cloutier R,1
Fast E,Fast E,1
Holroyd J,Holroyd J,1
Mcconnell S M,Mcconnell S M,1
Tutty L M,Tutty L M,1
Williams L M,Williams L M,1
Isaac Asimov,Isaac Asimov,1
Paul Mcreynold,Paul Mcreynold,1
Ernest Becker,Ernest Becker,1
Friendly J,Friendly J,1
Freeman L,Freeman L,1
Goldzband Mg,Goldzband Mg,1
Halleck S,Halleck S,1
Mullany P,Mullany P,1
Frazier Sh,Frazier Sh,1
Gaughan Cw,Gaughan Cw,1
Romanowicz J,Romanowicz J,1
Gilligan Jf,Gilligan Jf,1
Borenstein Nm,Borenstein Nm,1
Singer Sb,Singer Sb,1
Cavanaugh Jl,Cavanaugh Jl,1
Groth An,Groth An,1
Keefe Jf,Keefe Jf,1
Issac G,Issac G,1
Koson Df,Koson Df,1
Wack Rc,Wack Rc,1
Howard L,Howard L,1
Light D,Light D,1
Steadman Hj,Steadman Hj,1
Robitscher J,Robitscher J,1
Zagel J,Zagel J,1
Halpern A,Halpern A,1
Mills Mj,Mills Mj,1
Eric Harris,Eric Harris,1
Dylan Klebold,Dylan Klebold,1
John Lee Malvo,John Lee Malvo,1
Brian David Mitchell,Brian David Mitchell,1
Elizabeth Smart,Elizabeth Smart,1
Eric Rudolph,Eric Rudolph,1
G L Mayes,G L Mayes,1
Pr Gregware,Pr Gregware,1
M Braswall,M Braswall,1
B R Mccarthy,B R Mccarthy,1
B J Mccarthy,B J Mccarthy,1
Raitz A,Raitz A,1
Eysenck M,Eysenck M,1
Moran G,Moran G,1
Cutler Bl,Cutler Bl,1
Jobc J,Jobc J,1
White Aa,White Aa,1
Kelley Cl,Kelley Cl,1
Mingay Dj,Mingay Dj,1
Sanchez Mj,Sanchez Mj,1
Bower G,Bower G,1
Means B,Means B,1
Doris J,Doris J,1
Schumaker Jf,Schumaker Jf,1
Lee M,Lee M,1
Wertheimer M,Wertheimer M,1
Hilgard Er,Hilgard Er,1
Spilka B,Spilka B,1
Tyler Le,Tyler Le,1
Norman Rd,Norman Rd,1
Brewer Mb,Brewer Mb,1
Ellis Hc,Ellis Hc,1
Wollersheim Jp,Wollersheim Jp,1
Kendler Hh,Kendler Hh,1
Nourkova Vv,Nourkova Vv,1
Davison A,Davison A,1
Rosen G M,Rosen G M,1
Sageman M,Sageman M,1
Knox J A,Knox J A,1
Fassler O,Fassler O,1
Pohl R F,Pohl R F,1
Kanter J W,Kanter J W,1
Braun-Latour K A,Braun-Latour K A,1
Latour M S,Latour M S,1
Tsai Ac,Tsai Ac,1
Morsbach Sk,Morsbach Sk,1
Levine L J,Levine L J,1
Spielberger Cd,Spielberger Cd,1
Lassiter Gd,Lassiter Gd,1
Gregory Rl,Gregory Rl,1
Weiner Ib,Weiner Ib,1
Goldstein A M,Goldstein A M,1
Byrne Jh,Byrne Jh,1
Yakov Shlimovich,Yakov Shlimovich,1
Mikhail Cheban,Mikhail Cheban,1
Raogo Ouedraogo,Raogo Ouedraogo,1
Rami Saba,Rami Saba,1
Susana Garcia Badaracco,Susana Garcia Badaracco,1
Ricardo Garcia Badaracco,Ricardo Garcia Badaracco,1
Todd Basilone,Todd Basilone,1
Ryan Basilone,Ryan Basilone,1
Dennis M Kelly,Dennis M Kelly,1
Paul D Ceglia,Paul D Ceglia,1
Mark Elliot Zuckerberg,Mark Elliot Zuckerberg,1
Larry Anderson,Larry Anderson,1
Gary P Lloyd,Gary P Lloyd,1
Fa Rhom,Fa Rhom,1
Julie M Hillyard,Julie M Hillyard,1
Mindy Sue Olkjer,Mindy Sue Olkjer,1
Paul George Krueger,Paul George Krueger,1
D Michael Mcneill,D Michael Mcneill,1
Vincent Ugenti,Vincent Ugenti,1
Gustav Ray Eicher,Gustav Ray Eicher,1
Charles Douglas Belcher,Charles Douglas Belcher,1
Matthew Stotz,Matthew Stotz,1
Emily Pines,Emily Pines,1
Elizabeth Starrs,Elizabeth Starrs,1
Raymond Moore,Raymond Moore,1
William I Sterett,William I Sterett,1
Harriett Smith,Harriett Smith,1
Thomas L Amos,Thomas L Amos,1
Scott Murray,Scott Murray,1
Richard Caschette,Richard Caschette,1
Colette Johnson,Colette Johnson,1
Paul Mescarenas,Paul Mescarenas,1
Guillermo Barriga,Guillermo Barriga,1
Cole S A,Cole S A,1
Gerrie Mp,Gerrie Mp,1
Brewer N,Brewer N,1
Minkowich H,Minkowich H,1
Perret-Clermont A-N,Perret-Clermont A-N,1
Noy Y I,Noy Y I,1
Karwowski W,Karwowski W,1
Schmechel Rs,Schmechel Rs,1
O'Toole T P,O'Toole T P,1
Easterly C,Easterly C,1
Pizarro Da,Pizarro Da,1
Berger Sd,Berger Sd,1
Sun Y,Sun Y,1
Hart M,Hart M,1
Gettig J,Gettig J,1
Takarangi M K T,Takarangi M K T,1
Donaldson S I,Donaldson S I,1
Berger De,Berger De,1
Pezdek K,Pezdek K,1
Wolchover D,Wolchover D,1
Page D,Page D,1
Heaton-Armstrong A,Heaton-Armstrong A,1
Shepherd E,Shepherd E,1
Gudjonsson G,Gudjonsson G,1
Van Den Hout,Van Den Hout,1
Van Der Kolk,Van Der Kolk,1
Isidore Nouthong,Isidore Nouthong,1
Clyde Cook,Clyde Cook,1
Jermain Bethea,Jermain Bethea,1
Crist Dauberman,Crist Dauberman,1
Jose Padilla,Jose Padilla,1
Quincy Omar Cross,Quincy Omar Cross,1
Stacey Castor,Stacey Castor,1
Mark A O'Hair,Mark A O'Hair,1
Levidow B,Levidow B,1
Duensing S,Duensing S,1
Severance L,Severance L,1
Leitner R,Leitner R,1
Greenwald Ag,Greenwald Ag,1
Croyle R,Croyle R,1
Smith K,Smith K,1
Tetlock P,Tetlock P,1
Suedfeld P,Suedfeld P,1
Fruzzetti Ae,Fruzzetti Ae,1
Tolan K,Tolan K,1
Teller Sa,Teller Sa,1
Grunberg M,Grunberg M,1
Kaufman L,Kaufman L,1
Winograd E,Winograd E,1
Brainerd Cj,Brainerd Cj,1
Reyna Vf,Reyna Vf,1
Kagehiro Dk,Kagehiro Dk,1
Laufer Ns,Laufer Ns,1
Bender D,Bender D,1
Bliesener T,Bliesener T,1
Hertzig Me,Hertzig Me,1
Farber Ea,Farber Ea,1
Kipland Phillip Kinkel,Kipland Phillip Kinkel,1
Anthony B Solomon,Anthony B Solomon,1
Steven Abrams,Steven Abrams,1
Byran Uyesugi,Byran Uyesugi,1
Buford Furrow,Buford Furrow,1
Jonathan Haynes,Jonathan Haynes,1
Edward Allaway,Edward Allaway,1
Don Siegelman,Don Siegelman,1
Hurricane Carter,Hurricane Carter,1
Barry Bonds,Barry Bonds,1
Co Gngs Gr F F Ths,Co Gngs Gr F F Ths,1
Rigoberto Landers,Rigoberto Landers,1
Susan Yee Foon,Susan Yee Foon,1
Thomas Mixon,Thomas Mixon,1
Robert Chambers,Robert Chambers,1
Tawana Brawley,Tawana Brawley,1
Al Sharpton,Al Sharpton,1
David Orlikow,David Orlikow,1
Michael Lawrence Shields,Michael Lawrence Shields,1
Stephanie Zimbalist,Stephanie Zimbalist,1
Arthur Shawcross,Arthur Shawcross,1
Robert Vance,Robert Vance,1
Robert Bardo,Robert Bardo,1
Rebecca Schaefer,Rebecca Schaefer,1
Rebekah Amaya,Rebekah Amaya,1
Alejandro Avila,Alejandro Avila,1
Scott Blackstone,Scott Blackstone,1
Edgar Omar Osorio,Edgar Omar Osorio,1
Loren Huss,Loren Huss,1
Ronald Lee Deere,Ronald Lee Deere,1
Jeanne Woodford,Jeanne Woodford,1
Paul Runge,Paul Runge,1
Patricia Johnson,Patricia Johnson,1
Richard Spencer,Richard Spencer,1
Christopher Cantwell,Christopher Cantwell,1
Co N-Vez Na,Co N-Vez Na,1
Sab Onn,Sab Onn,1
Pa Mer,Pa Mer,1
Moe R-Kuo,Moe R-Kuo,1
Loran G Schofield,Loran G Schofield,1
Na Eun-Young,Na Eun-Young,1
Conway Ma,Conway Ma,1
Gathercole Se,Gathercole Se,1
Cornoldi C,Cornoldi C,1
Dubreuil Sc,Dubreuil Sc,1
Joseph Al,Joseph Al,1
Chan Fm,Chan Fm,1
Billings Fj,Billings Fj,1
Alpert Jl,Alpert Jl,1
Courtois Ca,Courtois Ca,1
Ornstein Pa,Ornstein Pa,1
Polage D,Polage D,1
Feldman Jj,Feldman Jj,1
Miyamoto J,Miyamoto J,1
Lombardo P,Lombardo P,1
Malvagia S,Malvagia S,1
L Ahlgrim-Delzell,L Ahlgrim-Delzell,1
First Mb,First Mb,1
Williams Jbw,Williams Jbw,1
Gibbon M,Gibbon M,1
Moenssens A,Moenssens A,1
Dematteo D,Dematteo D,1
Scherr K,Scherr K,1
Rubin Rr,Rubin Rr,1
Elkes J,Elkes J,1
Maris Rw,Maris Rw,1
Ashleigh Banfield,Ashleigh Banfield,1
Stepehns J,Stepehns J,1
Holifield A,Holifield A,1
Schwartz R,Schwartz R,1
Voiles R,Voiles R,1
Stoker D,Stoker D,1
Thomas Y,Thomas Y,1
Nelis E,Nelis E,1
Serena Yang,Serena Yang,1
Richard W Smith,Richard W Smith,1
Doug Nelson,Doug Nelson,1
Joseph Priestley,Joseph Priestley,1
William Myrtle Harris,William Myrtle Harris,1
Warren Medal,Warren Medal,1
William J Brennan,William J Brennan,1
Clarence Darrow,Clarence Darrow,1
Wendy Kaminer,Wendy Kaminer,1
David Von Drehle,David Von Drehle,1
Martin Friedland,Martin Friedland,1
Hans Zeisel,Hans Zeisel,1
M Caplan,M Caplan,1
Steven Gene Chase,Steven Gene Chase,1
Equity Residential Properties Management,Equity Residential Properties Management,1
Rex Allan Krebs,Rex Allan Krebs,1
Brodie Walradt,Brodie Walradt,1
Dieter Vogt,Dieter Vogt,1
Lockheed Martin,Lockheed Martin,1
Edward D Brofin,Edward D Brofin,1
Philip A Brimmer,Philip A Brimmer,1
William Meyer,William Meyer,1
Alan L Balcourt,Alan L Balcourt,1
Heaven Elizabeth Henderson,Heaven Elizabeth Henderson,1
Donald R Vehlhaber,Donald R Vehlhaber,1
Kara Hughes,Kara Hughes,1
Van Os,Van Os,1
Martell Dm,Martell Dm,1
Walker Rp,Walker Rp,1
Kurtis B,Kurtis B,1
Col Henry F Williams,Col Henry F Williams,1
Steven Bannon,Steven Bannon,1
Gail Sheehy,Gail Sheehy,1
John M Macdonald,John M Macdonald,1
Sir Zachary Cope,Sir Zachary Cope,1
Robert W Winslow,Robert W Winslow,1
Virginia Winslow,Virginia Winslow,1
Thomas B Turner,Thomas B Turner,1
Lucy Freeman,Lucy Freeman,1
Ellery Queen,Ellery Queen,1
Robert E Gosselin,Robert E Gosselin,1
Jerry Jacobs,Jerry Jacobs,1
Teret Sp,Teret Sp,1
Mendelson Jh,Mendelson Jh,1
Ellingboe J,Ellingboe J,1
Gm Laporte,Gm Laporte,1
B Johnson,B Johnson,1
Ls Schaeffer,Ls Schaeffer,1
J Stephens,J Stephens,1
M Taylor,M Taylor,1
M Roberts,M Roberts,1
K Singer,K Singer,1
Gordon Bower,Gordon Bower,1
Michael Haney,Michael Haney,1
John Damien,John Damien,1
Sidney H Stein,Sidney H Stein,1
Bennett L Gershman,Bennett L Gershman,1
Ann M Donnelly,Ann M Donnelly,1
Co Ventura,Co Ventura,1
Co N-Ve Na,Co N-Ve Na,1
Salo Nn Pa Mer,Salo Nn Pa Mer,1
Dan Wright,Dan Wright,1
Bryna David,Bryna David,1
Thorsten Sellin,Thorsten Sellin,1
Tracy Chappell,Tracy Chappell,1
Eva Anderson Dubin,Eva Anderson Dubin,1
Eric Bailey,Eric Bailey,1
Skylar Deleon,Skylar Deleon,1
Michael Gonzales,Michael Gonzales,1
Jason Cooper,Jason Cooper,1
Ian Alex Suazo,Ian Alex Suazo,1
Chauncey M Depree,Chauncey M Depree,1
Martha D Saunders,Martha D Saunders,1
Henry J Steadman,Henry J Steadman,1
Jonas R Rappeport,Jonas R Rappeport,1
Ann Wolbert Burgess,Ann Wolbert Burgess,1
John W Hinckley,John W Hinckley,1
President Reagan,President Reagan,1
Nathan Eugene Parks,Nathan Eugene Parks,1
Stephen Strecker,Stephen Strecker,1
Tony Scott Cercy,Tony Scott Cercy,1
Linda Stromei,Linda Stromei,1
Neil David Campbell,Neil David Campbell,1
Reilly Reed,Reilly Reed,1
Dustin Tixier,Dustin Tixier,1
Paul E Cutarelli,Paul E Cutarelli,1
Kimberly Frank,Kimberly Frank,1
Cohen M,Cohen M,1
Cyndi Carpenter,Cyndi Carpenter,1
Cyndi Dibert,Cyndi Dibert,1
Frank Beatty,Frank Beatty,1
Marni Markell Hurwitz,Marni Markell Hurwitz,1
William Baker,William Baker,1
Candice Renae Bryan,Candice Renae Bryan,1
Girish Dahyabhai Patel,Girish Dahyabhai Patel,1
Yashwant Dahyabhai Patel,Yashwant Dahyabhai Patel,1
Bruce Jacobs,Bruce Jacobs,1
Mazzoni Gal,Mazzoni Gal,1
Vannucci M,Vannucci M,1
Noel M,Noel M,1
Eber Hw,Eber Hw,1
Polage Dc,Polage Dc,1
Frame S,Frame S,1
Della Sala S,Della Sala S,1
Busey Ta,Busey Ta,1
Tunnicliff J,Tunnicliff J,1
Tsai A,Tsai A,1
Tulving E,Tulving E,1
Bjorklund D,Bjorklund D,1
Stone Aa,Stone Aa,1
Turkkan Js,Turkkan Js,1
Bachrach Ca,Bachrach Ca,1
Jobe Jb,Jobe Jb,1
Kurtzman Hs,Kurtzman Hs,1
Cain Vs,Cain Vs,1
Calvin W H,Calvin W H,1
Castelle G,Castelle G,1
Koppen Pj Van,Koppen Pj Van,1
Roos Nhm,Roos Nhm,1
Kirsch I,Kirsch I,1
Hall M,Hall M,1
Westervelt Sd,Westervelt Sd,1
Humphrey Ja,Humphrey Ja,1
Kwong See St,Kwong See St,1
Mcnoughton A,Mcnoughton A,1
Powers J,Powers J,1
Calvin Wc,Calvin Wc,1
Follette Wc,Follette Wc,1
Watanabe Yasui,Watanabe Yasui,1
Ichinose Keiichiro,Ichinose Keiichiro,1
Itsukushima Yukio,Itsukushima Yukio,1
Hamada Sumio,Hamada Sumio,1
Blake T,Blake T,1
Ostrow Dg,Ostrow Dg,1
Kessler R,Kessler R,1
Puckett Jm,Puckett Jm,1
Reese Hw,Reese Hw,1
Logie R,Logie R,1
Ernsdorff G,Ernsdorff G,1
Leonesio Rj,Leonesio Rj,1
Metcalfe J,Metcalfe J,1
Shimamura A,Shimamura A,1
Libkuman Tm,Libkuman Tm,1
Polonsky S,Polonsky S,1
Fullilove Mt,Fullilove Mt,1
Ramachandran Vs,Ramachandran Vs,1
Colman Am,Colman Am,1
Baker Ra,Baker Ra,1
Casey Anthony,Casey Anthony,1
Joe Paterno,Joe Paterno,1
Kitty Genovese,Kitty Genovese,1
Dave Schultz,Dave Schultz,1
Amy Grossberg,Amy Grossberg,1
Theodore Kaczynski,Theodore Kaczynski,1
Melissa Drexler,Melissa Drexler,1
Heriberto Seda,Heriberto Seda,1
Salim Amara,Salim Amara,1
Michael Laudor,Michael Laudor,1
Kendall Francois,Kendall Francois,1
Russell E Weston,Russell E Weston,1
Lanning K,Lanning K,1
Rosman J,Rosman J,1
Hucker S,Hucker S,1
Kalt Jp,Kalt Jp,1
Cox Je,Cox Je,1
Eaton Jt,Eaton Jt,1
Davidson Kl,Davidson Kl,1
Novoselsky Da,Novoselsky Da,1
Reese Ws,Reese Ws,1
Lane Fa,Lane Fa,1
Steffan Tl,Steffan Tl,1
Mcmorrow Ma,Mcmorrow Ma,1
Quinlan Wr,Quinlan Wr,1
Harpold J,Harpold J,1
Wells D,Wells D,1
Wells K,Wells K,1
William Bartmann,William Bartmann,1
Clayton Lee Waagner,Clayton Lee Waagner,1
Atvar Singh,Atvar Singh,1
Paul Ihle,Paul Ihle,1
Matthew C Owens,Matthew C Owens,1
Sylvester Richards Gayekpar,Sylvester Richards Gayekpar,1
Matthew Owens,Matthew Owens,1
Robert Sterling Miller,Robert Sterling Miller,1
Hector R Lugo-Rios,Hector R Lugo-Rios,1
Nancy Harlow,Nancy Harlow,1
Alfred Smith,Alfred Smith,1
Cleveland Kilgore,Cleveland Kilgore,1
William Irwin,William Irwin,1
Jim Garrison,Jim Garrison,1
Payne J,Payne J,1
Laporte Gm,Laporte Gm,1
Davis Gg,Davis Gg,1
Gruszecki A,Gruszecki A,1
Robinson Ca,Robinson Ca,1
Rosner Rr,Rosner Rr,1
Bradford Jmw,Bradford Jmw,1
Pollack S,Pollack S,1
Weiner B,Weiner B,1
Zwerling I,Zwerling I,1
Watson U,Watson U,1
Harding G,Harding G,1
Lymberis M,Lymberis M,1
Showalter Cr,Showalter Cr,1
Bonnie Rj,Bonnie Rj,1
Harry Be,Harry Be,1
Miller Rd,Miller Rd,1
Morrison Hl,Morrison Hl,1
Basham O,Basham O,1
Carparelli R,Carparelli R,1
Taylor Ve,Taylor Ve,1
Thwing Jb,Thwing Jb,1
Solomon Ma,Solomon Ma,1
Farr W,Farr W,1
Flaherty Ns,Flaherty Ns,1
Froede Rc,Froede Rc,1
Green Deah,Green Deah,1
George Zimmerman,George Zimmerman,1
Trayvon Martin,Trayvon Martin,1
Lance Armstrong,Lance Armstrong,1
Eric Garner,Eric Garner,1
Kenneth Chamberlain,Kenneth Chamberlain,1
Susan Smith,Susan Smith,1
Richard Allen Davis,Richard Allen Davis,1
Polly Klaas,Polly Klaas,1
Lyle Menendez,Lyle Menendez,1
William Tager,William Tager,1
John Famalaro,John Famalaro,1
John Salvi,John Salvi,1
Shane Curry,Shane Curry,1
Ronald Goldman,Ronald Goldman,1
Nicole Brown Simpson,Nicole Brown Simpson,1
Ted Bundy,Ted Bundy,1
Edwall G,Edwall G,1
Rhue J,Rhue J,1
Toland Hk,Toland Hk,1
Ross D,Ross D,1
Read Jd,Read Jd,1
Toglia Mp,Toglia Mp,1
Honech Rp,Honech Rp,1
Leichtman Md,Leichtman Md,1
Huffman Mlc,Huffman Mlc,1
Smith E,Smith E,1
Lindsay Ds,Lindsay Ds,1
Milo Em,Milo Em,1
Dashiell R,Dashiell R,1
Coyle Jt,Coyle Jt,1
Fishbach Gd,Fishbach Gd,1
Mesulam Mm,Mesulam Mm,1
Sullivan Le,Sullivan Le,1
Mack J,Mack J,1
Yapko M,Yapko M,1
Ney T,Ney T,1
Ross Ca,Ross Ca,1
Sherman Sj,Sherman Sj,1
Guernsey Tf,Guernsey Tf,1
Gerald Morawski,Gerald Morawski,1
James Cameron,James Cameron,1
Russell Grigsby,Russell Grigsby,1
Peniel Investments,Peniel Investments,1
Storrie Street Investments Ltd,Storrie Street Investments Ltd,1
Michael Hogan,Michael Hogan,1
Al Maya Trading Establishment,Al Maya Trading Establishment,1
Global Export Marketing Co Ltd,Global Export Marketing Co Ltd,1
Fawzy Amer Deghedy,Fawzy Amer Deghedy,1
Viztek Inc,Viztek Inc,1
Lela M Kratz,Lela M Kratz,1
Sheri Meeks,Sheri Meeks,1
Debra Wear,Debra Wear,1
Todd S Hewell Md,Todd S Hewell Md,1
Todd S Hewell Md Facs Ltd,Todd S Hewell Md Facs Ltd,1
Van De Watering S,Van De Watering S,1
Quas J A,Quas J A,1
Sternberg Rj,Sternberg Rj,1
Daniel J Mustard,Daniel J Mustard,1
Sandra Rinella,Sandra Rinella,1
Alexander Petraitis,Alexander Petraitis,1
Eric Russell Andreasen,Eric Russell Andreasen,1
Brendan O'Rourke,Brendan O'Rourke,1
Michael Keister,Michael Keister,1
Judith Cox,Judith Cox,1
Charles Cox,Charles Cox,1
Marvin Wolfgang,Marvin Wolfgang,1
Gary Miller Klein,Gary Miller Klein,1
Jeffrey Arthur Colson,Jeffrey Arthur Colson,1
Steven Stewart,Steven Stewart,1
Chris Bermel,Chris Bermel,1
Mark Kramer,Mark Kramer,1
Michelle Landin,Michelle Landin,1
David Landin,David Landin,1
Janice Farmer,Janice Farmer,1
Sarah Kellen Vickers,Sarah Kellen Vickers,1
John D Lopez,John D Lopez,1
Benjamin Franklin,Benjamin Franklin,1
Lissa Griffin,Lissa Griffin,1
J Acker,J Acker,1
Kimberly Espeseth,Kimberly Espeseth,1
It Marie,It Marie,1
Amanda Yang,Amanda Yang,1
Jo So Richards,Jo So Richards,1
Bicknell D,Bicknell D,1
Mcconnell T,Mcconnell T,1
Stam M,Stam M,1
Mancke S,Mancke S,1
Amanda Payne J,Amanda Payne J,1
Fortunato S,Fortunato S,1
Lovett Doust J,Lovett Doust J,1
Evans B,Evans B,1
Cooke G,Cooke G,1
Silvergleit It,Silvergleit It,1
Taylor Ij,Taylor Ij,1
Shave Dw,Shave Dw,1
Hitchman Il,Hitchman Il,1
Miller Jm,Miller Jm,1
Chaffin Ds,Chaffin Ds,1
Mccrary Go,Mccrary Go,1
Fatho M,Fatho M,1
Johnny Lovell,Johnny Lovell,1
Andrea Pia Yates,Andrea Pia Yates,1
Spc Lillie Morgan,Spc Lillie Morgan,1
Aquilia Marcicci Barnette,Aquilia Marcicci Barnette,1
Steven Michael Stagner,Steven Michael Stagner,1
Jeffrey Schlosberg,Jeffrey Schlosberg,1
Christine Wilhelm,Christine Wilhelm,1
Vincent Henry Sanchez,Vincent Henry Sanchez,1
Monica David Vickery,Monica David Vickery,1
Evelyn Trumble,Evelyn Trumble,1
Merry Gayle Vickery,Merry Gayle Vickery,1
Kristen L Mix,Kristen L Mix,1
Robert C Josefsberg,Robert C Josefsberg,1
K A Honn,K A Honn,1
J M Hinson,J M Hinson,1
P Whitney,P Whitney,1
H P A Van Dongen,H P A Van Dongen,1
Louis Freeh,Louis Freeh,1
Li H,Li H,1
Lu Z,Lu Z,1
Okado Y,Okado Y,1
Goodman-Delahunty J,Goodman-Delahunty J,1
Hartwig M,Hartwig M,1
Lessard J,Lessard J,1
Clancy Sa,Clancy Sa,1
Brown Jm,Brown Jm,1
Campbell Ea,Campbell Ea,1
Bornstein Bh,Bornstein Bh,1
Wiener Rl,Wiener Rl,1
Steblay N,Steblay N,1
Goldstein Eb,Goldstein Eb,1
Krippner S,Krippner S,1
Friedman Hl,Friedman Hl,1
Harry H Morall,Harry H Morall,1
Jane E Carey,Jane E Carey,1
Harold Lewis,Harold Lewis,1
Jill Lewis,Jill Lewis,1
David E Taylor,David E Taylor,1
Paul Atkinson,Paul Atkinson,1
Glyn Mummery,Glyn Mummery,1
Siddhant Varma,Siddhant Varma,1
Alberto Kamhazi,Alberto Kamhazi,1
Duane Fox,Duane Fox,1
Richard Fox,Richard Fox,1
Joanne Krebs,Joanne Krebs,1
Burns Te,Burns Te,1
Beach Lr,Beach Lr,1
Marburger W,Marburger W,1
Ketcham Ke,Ketcham Ke,1
Nagatkin C,Nagatkin C,1
Hunt Eb,Hunt Eb,1
Ayd Fj,Ayd Fj,1
Platman S,Platman S,1
Balis Gu,Balis Gu,1
Wurmser L,Wurmser L,1
Mcdaniel E,Mcdaniel E,1
Grenell Rg,Grenell Rg,1
Zuidema Gd,Zuidema Gd,1
Rutherford Rb,Rutherford Rb,1
Ballinger Wf,Ballinger Wf,1
Kadish Sh,Kadish Sh,1
Jarvis Wayne Madison,Jarvis Wayne Madison,1
Scott Kologi,Scott Kologi,1
Ryan Philip Schlesinger,Ryan Philip Schlesinger,1
Devon Erickson,Devon Erickson,1
Maya Elizabeth Mckinney,Maya Elizabeth Mckinney,1
Alec Mckinney,Alec Mckinney,1
Robert Dear,Robert Dear,1
Robert T Brockman,Robert T Brockman,1
Joanne Goldman,Joanne Goldman,1
Sol I Goldman,Sol I Goldman,1
Gladys L Goldman,Gladys L Goldman,1
Stuart Brown,Stuart Brown,1
Carin Evans,Carin Evans,1
Richard Benton,Richard Benton,1
Bozievich Ca,Bozievich Ca,1
Deprato Dk,Deprato Dk,1
Anfang Se,Anfang Se,1
Dvoskin J,Dvoskin J,1
Baden M,Baden M,1
Burns C,Burns C,1
Phillips R,Phillips R,1
Mcgee J,Mcgee J,1
Romano S,Romano S,1
Emanuel W,Emanuel W,1
Drucker J,Drucker J,1
Hajjar A,Hajjar A,1
Gripon Eb,Gripon Eb,1
Kent Cs,Kent Cs,1
Judge Natman,Judge Natman,1
Dan White,Dan White,1
Susan Oliver,Susan Oliver,1
Sheryl Niebuhr,Sheryl Niebuhr,1
Ann Coppel,Ann Coppel,1
Gerard Gallant,Gerard Gallant,1
Norman Yazzie,Norman Yazzie,1
James C Johnston,James C Johnston,1
Gerald Turner,Gerald Turner,1
Paul Ekman,Paul Ekman,1
Setrakian L,Setrakian L,1
Shalock R L,Shalock R L,1
Spinetta M,Spinetta M,1
Woodlee M,Woodlee M,1
Feinberg L,Feinberg L,1
Stroud C,Stroud C,1
Schallert K,Schallert K,1
Cormack L,Cormack L,1
Schallert T,Schallert T,1
Spohn C,Spohn C,1
Horney J,Horney J,1
Taylor S,Taylor S,1
Johnson K C,Johnson K C,1
Ternes M,Ternes M,1
Yuille J C,Yuille J C,1
Tichenor V,Tichenor V,1
Marmar C R,Marmar C R,1
Weiss D S,Weiss D S,1
Metzler T J,Metzler T J,1
Ronfeldt H M,Ronfeldt H M,1
Tjaden P,Tjaden P,1
Van Asselt A D I,Van Asselt A D I,1
Dirksen C D,Dirksen C D,1
Arntz A,Arntz A,1
Severens J L,Severens J L,1
Van Der Kolk B A,Van Der Kolk B A,1
Fisler R,Fisler R,1
Waller N G,Waller N G,1
Carlson E B,Carlson E B,1
Welner M,Welner M,1
Lebeau M,Lebeau M,1
Mozayani A,Mozayani A,1
Wolitzky-Taylor K B,Wolitzky-Taylor K B,1
Reese Jt,Reese Jt,1
Sears Ae,Sears Ae,1
Matthews Db,Matthews Db,1
Van Duyne C,Van Duyne C,1
Parry Cdh,Parry Cdh,1
Stewart T,Stewart T,1
Rosenfeld Bd,Rosenfeld Bd,1
Donald Eugene Gates,Donald Eugene Gates,1
Oliver Jovanovic,Oliver Jovanovic,1
Kevin Fox,Kevin Fox,1
John Hugh Wetterer,John Hugh Wetterer,1
Wagstaff I,Wagstaff I,1
Waltke H,Waltke H,1
Schwarting D,Schwarting D,1
Nguyen M,Nguyen M,1
Scott F,Scott F,1
Dutton G,Dutton G,1
Gresham K,Gresham K,1
Montgomery B,Montgomery B,1
Jones N,Jones N,1
Siegel J A,Siegel J A,1
Shigamasu K,Shigamasu K,1
Brewin Et Al,Brewin Et Al,1
Grober Eh,Grober Eh,1
Bolton M,Bolton M,1
Wiksten S,Wiksten S,1
Palmer Jc,Palmer Jc,1
Peter E Morris,Peter E Morris,1
M Conway,M Conway,1
Senders Jw,Senders Jw,1
Turkletaub S,Turkletaub S,1
Pettijohn T F,Pettijohn T F,1
Hock R R,Hock R R,1
Dawn Vu,Dawn Vu,1
Collins Am,Collins Am,1
Zanni G,Zanni G,1
Altman D,Altman D,1
Geballe R,Geballe R,1
T Storer,T Storer,1
D Winter,D Winter,1
G Goos,G Goos,1
J Hartman,J Hartman,1
Kasprzyk D,Kasprzyk D,1
Montano De,Montano De,1
S Ehrlich,S Ehrlich,1
E Tulving,E Tulving,1
Miller Dg,Miller Dg,1
R Shaw,R Shaw,1
J Bransford,J Bransford,1
Meyer R E,Meyer R E,1
Burns Hj,Burns Hj,1
Gross Rd,Gross Rd,1
Shanks D,Shanks D,1
Balota Da,Balota Da,1
Marsh E J,Marsh E J,1
Dale Ps,Dale Ps,1
Rathbun L,Rathbun L,1
Kaplan R L,Kaplan R L,1
Van Damme I,Van Damme I,1
Cochran K,Cochran K,1
Greenspan R,Greenspan R,1
Butler Bj,Butler Bj,1
Hl Millerjr,Hl Millerjr,1
Nash Ra,Nash Ra,1
Wade Ka,Wade Ka,1
Ost J,Ost J,1
Mcdonald D,Mcdonald D,1
Pohl Rf,Pohl Rf,1
Crozier W,Crozier W,1
Tan Yat Chin,Tan Yat Chin,1
Faraco C,Faraco C,1
Chase R,Chase R,1
Lundberg Gd,Lundberg Gd,1
Young Rk,Young Rk,1
Flanagin A,Flanagin A,1
Koop Ce,Koop Ce,1
O'Halloran Rl,O'Halloran Rl,1
Hazelwood R,Hazelwood R,1
Kristiansson M,Kristiansson M,1
Martell D,Martell D,1
Widawski M,Widawski M,1
Frank S Hogan,Frank S Hogan,1
Kevin Browne,Kevin Browne,1
Paul Freeling,Paul Freeling,1
Donald Light,Donald Light,1
David A Hamburg,David A Hamburg,1
Michelle B Trudeau,Michelle B Trudeau,1
Paul R Mchugh,Paul R Mchugh,1
Phillip R Slavney,Phillip R Slavney,1
Joanne G Greer,Joanne G Greer,1
Irving R Stuart,Irving R Stuart,1
Rakoff J,Rakoff J,1
Coan J A,Coan J A,1
Miller D G,Miller D G,1
Burns H J,Burns H J,1
Palmer J C,Palmer J C,1
Lonsway K A,Lonsway K A,1
Fitzgerald L F,Fitzgerald L F,1
Mcnally R J,Mcnally R J,1
Meloy J R,Meloy J R,1
Campo J,Campo J,1
Hardy S,Hardy S,1
Geisbrecht T,Geisbrecht T,1
Horselenberg R,Horselenberg R,1
Schmidt H,Schmidt H,1
Muris P,Muris P,1
Rassin E,Rassin E,1
Wessel I,Wessel I,1
Van Koppen P J,Van Koppen P J,1
Mitra M,Mitra M,1
Mouradian V E,Mouradian V E,1
Diamond M,Diamond M,1
Ofshe R,Ofshe R,1
Watters E,Watters E,1
Pesant N,Pesant N,1
Zadra A,Zadra A,1
Rosenthal T T,Rosenthal T T,1
Mcguinness T M,Mcguinness T M,1
Sanders B,Sanders B,1
Giolas M H,Giolas M H,1
Poklemba Jj,Poklemba Jj,1
Ryan J,Ryan J,1
Baden Mm,Baden Mm,1
Wright Ee,Wright Ee,1
Sucik R,Sucik R,1
John Joseph Joubert,John Joseph Joubert,1
Jeffery Dahmer,Jeffery Dahmer,1
Nadeen Cool,Nadeen Cool,1
Derek Hammond,Derek Hammond,1
Fionna Gabbert,Fionna Gabbert,1
Elizabeth Sines,Elizabeth Sines,1
Jason Kessler,Jason Kessler,1
Sara Stump,Sara Stump,1
Andrew M Ocrant,Andrew M Ocrant,1
Daryl G Gates,Daryl G Gates,1
Robert Mark Edwards,Robert Mark Edwards,1
Union Butterfield,Union Butterfield,1
Jules Delpy,Jules Delpy,1
Brandon Wilson,Brandon Wilson,1
Richard J Bonnie,Richard J Bonnie,1
Robert K Ressler,Robert K Ressler,1
Richard Ratner,Richard Ratner,1
Rex Harris,Rex Harris,1
Dawn Schlegel,Dawn Schlegel,1
Caroline Pang,Caroline Pang,1
Judge Seybert,Judge Seybert,1
Medearis Moore,Medearis Moore,1
Oliver Ad,Oliver Ad,1
Binder Rl,Binder Rl,1
Markman Ra,Markman Ra,1
Kausch O,Kausch O,1
Berlin Fs,Berlin Fs,1
Fosdal Fa,Fosdal Fa,1
Wahlstrom Cm,Wahlstrom Cm,1
Corcoran Wb,Corcoran Wb,1
Lombardi Jh,Lombardi Jh,1
Thompson Jd,Thompson Jd,1
Wolf Kl,Wolf Kl,1
Wright Jl,Wright Jl,1
Hempel Ag,Hempel Ag,1
Felthous Ar,Felthous Ar,1
Tardiff K,Tardiff K,1
Ostrov E,Ostrov E,1
Rand Ja,Rand Ja,1
Ash P,Ash P,1
Wettstein Rm,Wettstein Rm,1
Gutheil Tg,Gutheil Tg,1
Beahrs Jo,Beahrs Jo,1
Moen S,Moen S,1
Roe R,Roe R,1
Dietz Pd,Dietz Pd,1
Murray Mt,Murray Mt,1
Maginnis Jp,Maginnis Jp,1
Kuper A,Kuper A,1
Kuper J,Kuper J,1
Cox Dj,Cox Dj,1
Wegener S,Wegener S,1
Curran Wj,Curran Wj,1
Mcgarry Al,Mcgarry Al,1
Shah Sa,Shah Sa,1
Hales Re,Hales Re,1
Frances Aj,Frances Aj,1
Dzhokhar Tsarnaev,Dzhokhar Tsarnaev,1
Franc Cano,Franc Cano,1
Steven Gordon,Steven Gordon,1
Diana Lalchan,Diana Lalchan,1
Dylann Storm Roof,Dylann Storm Roof,1
Lloyd Barrus,Lloyd Barrus,1
Brendt Christensen,Brendt Christensen,1
James Wells,James Wells,1
Crystal Magnum,Crystal Magnum,1
Kim Roberts,Kim Roberts,1
Yuille Jc,Yuille Jc,1
Weingartner W,Weingartner W,1
Parker Es,Parker Es,1
Fathi D,Fathi D,1
Schooler J,Schooler J,1
Sproull L,Sproull L,1
Larkey P,Larkey P,1
Hall De,Hall De,1
Muller Dj,Muller Dj,1
Blackman De,Blackman De,1
Chapman Aj,Chapman Aj,1
Fienberg Se,Fienberg Se,1
Tanur Jm,Tanur Jm,1
Glauber Dt,Glauber Dt,1
Ward Ra,Ward Ra,1
Ewing Cp,Ewing Cp,1
Kassin S,Kassin S,1
Wrightsman L,Wrightsman L,1
Camper Pm,Camper Pm,1
Knowles E,Knowles E,1
Pernat N,Pernat N,1
Huthwaite T,Huthwaite T,1
Yesberg Ja,Yesberg Ja,1
Saletan W,Saletan W,1
David J Gehring,David J Gehring,1
Kaleil Isaza Tuzman,Kaleil Isaza Tuzman,1
Omar Amanat,Omar Amanat,1
Chen Jinhui,Chen Jinhui,1
Wong Kam San,Wong Kam San,1
Huang Yuexia,Huang Yuexia,1
Rao Desu,Rao Desu,1
A Agga,A Agga,1
Virginia Frazer-Abel,Virginia Frazer-Abel,1
Linda Yates,Linda Yates,1
Jonathan Hathaway,Jonathan Hathaway,1
Thokozeni Zulu,Thokozeni Zulu,1
Jennifer J Bakkala,Jennifer J Bakkala,1
Marcos Becerra Mora,Marcos Becerra Mora,1
John P Rattigan,John P Rattigan,1
Wendell Muncie,Wendell Muncie,1
Rochelle O'Day,Rochelle O'Day,1
Margaret Gibbons,Margaret Gibbons,1
Amal Clooney,Amal Clooney,1
Faith Hill,Faith Hill,1
Keely Walter,Keely Walter,1
William Slattery,William Slattery,1
Andrew Hall,Andrew Hall,1
Nicholas W Chiuchiolo,Nicholas W Chiuchiolo,1
Barbara Kirkendal,Barbara Kirkendal,1
Richard Schaeffer,Richard Schaeffer,1
Jeff Pagluica,Jeff Pagluica,1
David A Dichl,David A Dichl,1
John Sweeney,John Sweeney,1
Steve H Dwight,Steve H Dwight,1
Christina Oxenberg,Christina Oxenberg,1
Tom Cantone,Tom Cantone,1
A Marie Villapana,A Marie Villapana,1
Conde Nast,Conde Nast,1
Jose A Cabranes,Jose A Cabranes,1
Priscilla Degregory,Priscilla Degregory,1
Bernard Siskin,Bernard Siskin,1
Lanna Behlolovick,Lanna Behlolovick,1
Nathan Nysd Chambers,Nathan Nysd Chambers,1
Judge Learned Hand,Judge Learned Hand,1
Jack Brooks,Jack Brooks,1
Sergeant Schaeffer,Sergeant Schaeffer,1
Katie Townsend,Katie Townsend,1
Nicholas Chiuchiolo,Nicholas Chiuchiolo,1
Keith Urban,Keith Urban,1
Nicole Kidman,Nicole Kidman,1
Frank Fritz,Frank Fritz,1
Joseph Anneseeratman,Joseph Anneseeratman,1
John Annese,John Annese,1
Belo Hlavek,Belo Hlavek,1
Judge Freeman,Judge Freeman,1
David F Levi,David F Levi,1
David Mccord,David Mccord,1
Lynch J,Lynch J,1
Alleged Victim 2,Alleged Victim 2,1
Maud Lise-Lotte Lublin,Maud Lise-Lotte Lublin,1
Dexter Lee,Dexter Lee,1
Judge Platt,Judge Platt,1
Hla Hart,Hla Hart,1
Jeffery Martin,Jeffery Martin,1
Epstein'S Attorneys,Epstein'S Attorneys,1
The Foreperson,The Foreperson,1
Sam Sheppard,Sam Sheppard,1
Judge Oetken,Judge Oetken,1
Jose Antonio Hernandez,Jose Antonio Hernandez,1
Serene Nakano,Serene Nakano,1
John Schmitt,John Schmitt,1
Donald P Lay,Donald P Lay,1
Amanda Patton,Amanda Patton,1
Maxwell Epstein,Maxwell Epstein,1
Breyer J,Breyer J,1
Dane L Steffenson,Dane L Steffenson,1
Justice Douglas,Justice Douglas,1
Rickey Zuber,Rickey Zuber,1
Judge Hand,Judge Hand,1
Coral Palmer,Coral Palmer,1
Jen Lefcourt,Jen Lefcourt,1
Gary Lewin,Gary Lewin,1
Mariz Viagra,Mariz Viagra,1
Elliott Mn,Elliott Mn,1
Morrison Pa,Morrison Pa,1
Justice Kennedy,Justice Kennedy,1
Dora Irizarry,Dora Irizarry,1
Rodolfo Duran,Rodolfo Duran,1
Chan Lo,Chan Lo,1
Cheung Kin Ping,Cheung Kin Ping,1
Jane Doe 43,Jane Doe 43,1
Magistrate Judge Sarah Netburn,Magistrate Judge Sarah Netburn,1
Virginia Roberts Guiffre,Virginia Roberts Guiffre,1
Heidi Thomas,Heidi Thomas,1
Chelan Lasha,Chelan Lasha,1
A Marie Vilafana,A Marie Vilafana,1
David A Dick,David A Dick,1
Daniel Patrick Moyniham,Daniel Patrick Moyniham,1
Sandra Perkins,Sandra Perkins,1
Laura A Menniger,Laura A Menniger,1
Lanna Belholovick,Lanna Belholovick,1
Mariamma Vijua,Mariamma Vijua,1
Attorney Edwards,Attorney Edwards,1
Rossacuity Gow,Rossacuity Gow,1
Senator Patrick Leahy,Senator Patrick Leahy,1
Albert Hallac,Albert Hallac,1
Jeffrey Hallac,Jeffrey Hallac,1
Keith Wellner,Keith Wellner,1
Emma Parry,Emma Parry,1
Van Putten,Van Putten,1
Ford Elliott,Ford Elliott,1
Mark Twain,Mark Twain,1
Bruce L Castor,Bruce L Castor,1
Annie Phifer,Annie Phifer,1
Task Force Officer Byrne,Task Force Officer Byrne,1
Jereme Cano,Jereme Cano,1
Robert H Jackson,Robert H Jackson,1
Jennifer Jayne Amo,Jennifer Jayne Amo,1
Victim One,Victim One,1
Victim Two,Victim Two,1
Christlaina Maxwell,Christlaina Maxwell,1
Rosalinda Losada,Rosalinda Losada,1
Ben Feuerherd,Ben Feuerherd,1
Louis Casiano,Louis Casiano,1
Daniel Villarreal,Daniel Villarreal,1
Subpoena Recipient-,Subpoena Recipient-,1
Liam Stack,Liam Stack,1
Jerry Lefkowitz,Jerry Lefkowitz,1
Serene Cano,Serene Cano,1
Ghid Aine Maxwell,Ghid Aine Maxwell,1
Deputy Attorney General Filip,Deputy Attorney General Filip,1
John Norris,John Norris,1
Jermeel Omar Tyson,Jermeel Omar Tyson,1
Janice Baker-Kinney,Janice Baker-Kinney,1
Ausa Pomerantz,Ausa Pomerantz,1
A Marie Villapania,A Marie Villapania,1
James Eisenberg,James Eisenberg,1
Stan Pottenger,Stan Pottenger,1
Judge Matusumoto,Judge Matusumoto,1
Kevin R Steele,Kevin R Steele,1
Brian J Mcmonagle,Brian J Mcmonagle,1
Patrick J O'Conner,Patrick J O'Conner,1
Jo Fontanella,Jo Fontanella,1
Linda Stewart,Linda Stewart,1
Wesbit Kirkendal,Wesbit Kirkendal,1
Jeffrey Skilling,Jeffrey Skilling,1
Keith Rainier,Keith Rainier,1
Kenneth A Marra,Kenneth A Marra,1
G H I S L A I N E M A X W E L L,G H I S L A I N E M A X W E L L,1
David A Dewitt,David A Dewitt,1
District Judge Marra,District Judge Marra,1
Sandra Vella Garcia,Sandra Vella Garcia,1
N Schmidt,N Schmidt,1
S Morris,S Morris,1
E Dunleavy,E Dunleavy,1
Joseph Trippi,Joseph Trippi,1
J Georing,J Georing,1
R Wienk,R Wienk,1
Jeffrey O'Neal Martin,Jeffrey O'Neal Martin,1
Patrick O'Connor,Patrick O'Connor,1
William Phillips,William Phillips,1
Van Thoumout,Van Thoumout,1
Harlan J,Harlan J,1
Daniel Siad,Daniel Siad,1
William Cosby,William Cosby,1
David Paterson,David Paterson,1
Andrew Spitzer,Andrew Spitzer,1
Eric Schneiderman,Eric Schneiderman,1
Andrew Wiener,Andrew Wiener,1
Matt Lauer,Matt Lauer,1
Roger Ailes,Roger Ailes,1
Bill O'Reilly,Bill O'Reilly,1
Jay Leikowitz,Jay Leikowitz,1
Dj Bryant,Dj Bryant,1
Jane Doe Number Nine,Jane Doe Number Nine,1
Xs Villafana,Xs Villafana,1
Nigel Cawthorne,Nigel Cawthorne,1
Barry Levin,Barry Levin,1
Lisa Tait,Lisa Tait,1
Stephen Wright,Stephen Wright,1
Andrew Cuomo,Andrew Cuomo,1
David A Dieni,David A Dieni,1
Patrick O'Conner,Patrick O'Conner,1
Meridith Schultz,Meridith Schultz,1
Stephen J Adler,Stephen J Adler,1
Wolf Blitzer,Wolf Blitzer,1
David Boardman,David Boardman,1
Theodore J Boutrous,Theodore J Boutrous,1
Massimo Calabresi,Massimo Calabresi,1
Manny Garcia,Manny Garcia,1
Emilio Garcia-Ruiz,Emilio Garcia-Ruiz,1
Josh Gerstein,Josh Gerstein,1
Alex Gibney,Alex Gibney,1
Susan Goldberg,Susan Goldberg,1
James Grimaldi,James Grimaldi,1
Laura Handman,Laura Handman,1
Diego Ibargen,Diego Ibargen,1
Jeremy Iggol,Jeremy Iggol,1
Karen Kaiser,Karen Kaiser,1
David Lauter,David Lauter,1
Margaret Low,Margaret Low,1
Colleen Mccain Nelson,Colleen Mccain Nelson,1
Maggie Mulvihill,Maggie Mulvihill,1
James Neff,James Neff,1
Norman Pearlstine,Norman Pearlstine,1
Thomas C Rubin,Thomas C Rubin,1
Bruce W Sanford,Bruce W Sanford,1
Charlie Savage,Charlie Savage,1
Jennifer Sondag,Jennifer Sondag,1
Nabiha Syed,Nabiha Syed,1
Adam Symson,Adam Symson,1
Pierre Thomas,Pierre Thomas,1
Matt Thompson,Matt Thompson,1
Vickie Walton-James,Vickie Walton-James,1
Judy Woodruff,Judy Woodruff,1
Susan Zirinsky,Susan Zirinsky,1
J Scott Applewhite,J Scott Applewhite,1
Chip Bok,Chip Bok,1
Dahlia Lithwick,Dahlia Lithwick,1
Tony Mauro,Tony Mauro,1
Jane Mayer,Jane Mayer,1
Andrea Mitchell,Andrea Mitchell,1
Carol Rosenberg,Carol Rosenberg,1
Paul Steiger,Paul Steiger,1
Saundra Torry,Saundra Torry,1
R Johnson,R Johnson,1
Les Bechtel,Les Bechtel,1
D Griffin,D Griffin,1
H Carter,H Carter,1
V Lee,V Lee,1
G Page,G Page,1
M Parker,M Parker,1
Rg Ford,Rg Ford,1
G Swartzman,G Swartzman,1
S Kress,S Kress,1
S Singer,S Singer,1
Dm Fry,Dm Fry,1
B Sullivan,B Sullivan,1
E Hull,E Hull,1
D Kahn,D Kahn,1
R Dupont,R Dupont,1
S Shiraki,S Shiraki,1
E Katze,E Katze,1
L Freifelder,L Freifelder,1
Met Life Ins Co,Met Life Ins Co,1
North Carolina,North Carolina,1
State Of Ny,State Of Ny,1
Ward T,Ward T,1
Keenan T,Keenan T,1
Louden K,Louden K,1
Siegert R,Siegert R,1
Warner S,Warner S,1
Wilson R J,Wilson R J,1
Sarah Kensignton,Sarah Kensignton,1
David A Diehl,David A Diehl,1
Heidi Stipetich,Heidi Stipetich,1
John E Wallace,John E Wallace,1
Bob Epstein,Bob Epstein,1
Ying Lin,Ying Lin,1
Agent Brown,Agent Brown,1
Agent Stewart,Agent Stewart,1
Matthew R Lee,Matthew R Lee,1
Tom Hays,Tom Hays,1
Josh Russell,Josh Russell,1
Shayna Jacobs,Shayna Jacobs,1
Adam Klasfeld,Adam Klasfeld,1
A Marie Villapena,A Marie Villapena,1
Sarah Kensigton,Sarah Kensigton,1
Rinaldo Rizzo,Rinaldo Rizzo,1
Jane Doe No. #3,Jane Doe No. #3,1
Elizabeth Williams,Elizabeth Williams,1
Special Agent Kuyrkendall,Special Agent Kuyrkendall,1
Darren Indykes,Darren Indykes,1
The Law Clerk,The Law Clerk,1
Chris L Geiger,Chris L Geiger,1
In Your Mouth,In Your Mouth,1
It'S Iggy,It'S Iggy,1
Ds Baillard,Ds Baillard,1
Jack Aj Goldberger,Jack Aj Goldberger,1
Ds Shappee,Ds Shappee,1
Kimberly S Patinore,Kimberly S Patinore,1
Derrick Dobbs,Derrick Dobbs,1
Haley'S Friend,Haley'S Friend,1
Jt Kecaney,Jt Kecaney,1
E P Sten Jeff,E P Sten Jeff,1
Mark A Rosa,Mark A Rosa,1
Andrew Kelson,Andrew Kelson,1
Kylee Marie,Kylee Marie,1
St Thomas,St Thomas,1
Jack A Goldberg,Jack A Goldberg,1
Erin Jeff,Erin Jeff,1
Det Ile Aley,Det Ile Aley,1
Easton Jeff,Easton Jeff,1
Eastern Jeff,Eastern Jeff,1
Jim St Calkins,Jim St Calkins,1
Eastlin Jeff,Eastlin Jeff,1
Kathi Lauren Murphy,Kathi Lauren Murphy,1
Fastein Jeff,Fastein Jeff,1
Britanny Beale,Britanny Beale,1
Sarah Keilen,Sarah Keilen,1
Stephen Alexander,Stephen Alexander,1
Jeff Feiman,Jeff Feiman,1
Chris L Juddy,Chris L Juddy,1
Chris E Fricke,Chris E Fricke,1
Orly Epstein,Orly Epstein,1
Jefirey E Epstein,Jefirey E Epstein,1
Det T Recakey,Det T Recakey,1
Eva L Freedman,Eva L Freedman,1
Chris L Judd,Chris L Judd,1
Valdwon Cotrin,Valdwon Cotrin,1
Melissa Eaton,Melissa Eaton,1
Juli Brabon,Juli Brabon,1
J Krauel,J Krauel,1
Fredrin Jeffrey,Fredrin Jeffrey,1
Cowboy Cadillac,Cowboy Cadillac,1
Ch De Gaulle,Ch De Gaulle,1
Alfredo Voriguez,Alfredo Voriguez,1
Costien J,Costien J,1
Bettie Boop,Bettie Boop,1
Betty Boop,Betty Boop,1
Ela C Recarey,Ela C Recarey,1
Eric C Rodriguez,Eric C Rodriguez,1
Susan Sheffing,Susan Sheffing,1
Mister Fra,Mister Fra,1
Purple Stu,Purple Stu,1
Incitus F,Incitus F,1
Lanna Combat,Lanna Combat,1
Jeff A Burns,Jeff A Burns,1
Nada Salikova,Nada Salikova,1
J Onsor,J Onsor,1
Det Reed,Det Reed,1
Eric Jerome,Eric Jerome,1
Ramaris Pina,Ramaris Pina,1
William Mossy,William Mossy,1
Ken Desk,Ken Desk,1
Howardt Jen,Howardt Jen,1
Det Riley,Det Riley,1
Ernest Jeff,Ernest Jeff,1
Im That X Sunshine,Im That X Sunshine,1
Chris L Jordan,Chris L Jordan,1
Det R Carey,Det R Carey,1
Erstein Jeff,Erstein Jeff,1
Maywell Harris,Maywell Harris,1
Sam Columbus,Sam Columbus,1
Det Recarkey,Det Recarkey,1
Tig'Ol Bit,Tig'Ol Bit,1
Jeffrey Ereen,Jeffrey Ereen,1
Eric T Gudbranson,Eric T Gudbranson,1
Dorothy H Wilken,Dorothy H Wilken,1
Keisha Jole,Keisha Jole,1
Gerald B Lefourt,Gerald B Lefourt,1
I Preg,I Preg,1
I Dont Fu,I Dont Fu,1
Ur To Goo,Ur To Goo,1
Very Funn,Very Funn,1
Ram Rod,Ram Rod,1
Ya Boy,Ya Boy,1
H E At H,H E At H,1
Im That,Im That,1
Ya Fuck You,Ya Fuck You,1
F Astein Jeff,F Astein Jeff,1
Polly Cash,Polly Cash,1
Ashley Fuc,Ashley Fuc,1
Jeffrey Kenneth Skilling,Jeffrey Kenneth Skilling,1
Wt Kerwin,Wt Kerwin,1
Evan N Jeff,Evan N Jeff,1
E Shaffer,E Shaffer,1
Jeffreye Epstein,Jeffreye Epstein,1
Joy Boy,Joy Boy,1
Vet Ney,Vet Ney,1
Rodriguez M,Rodriguez M,1
Izstien Jfk,Izstien Jfk,1
Ellin M Finley,Ellin M Finley,1
Rod M Matheson,Rod M Matheson,1
Elaine J Judy,Elaine J Judy,1
Chris C Judson,Chris C Judson,1
Will Sch,Will Sch,1
Tig 'Ol Bit,Tig 'Ol Bit,1
Set Fricke,Set Fricke,1
Eric E Fudger,Eric E Fudger,1
Luis Munoz Marin,Luis Munoz Marin,1
Benjamin Syller,Benjamin Syller,1
Chris E Reidy,Chris E Reidy,1
Sarah Shaffer,Sarah Shaffer,1
Eric F Rudge,Eric F Rudge,1
Laura D Oregro,Laura D Oregro,1
A Saha,A Saha,1
Art Kenney,Art Kenney,1
Ersin Jeff,Ersin Jeff,1
Schelleen Douglas,Schelleen Douglas,1
Nayanira Alanis,Nayanira Alanis,1
Purple Stuff,Purple Stuff,1
Vi Thomas,Vi Thomas,1
Lisa N Jet,Lisa N Jet,1
Jeffery E Erbair,Jeffery E Erbair,1
Jt Kecan,Jt Kecan,1
Patrick Evans,Patrick Evans,1
Eric C Friedman,Eric C Friedman,1
Det Pagan,Det Pagan,1
Vlove'N A Choquette V,Vlove'N A Choquette V,1
Jefferey Epstein,Jefferey Epstein,1
Joe Nicolas Galvin,Joe Nicolas Galvin,1
Sat W Burdick,Sat W Burdick,1
Spencer T Kuvin,Spencer T Kuvin,1
Ryan Lee,Ryan Lee,1
Sl Brad,Sl Brad,1
Shapfer Sarah,Shapfer Sarah,1
Det Kecan,Det Kecan,1
Kestin Jeff,Kestin Jeff,1
Andrea K Leftwich,Andrea K Leftwich,1
Epstin Jeff,Epstin Jeff,1
Lanna Beohlavek,Lanna Beohlavek,1
Jessica Cadwell,Jessica Cadwell,1
Victoria'S Secret,Victoria'S Secret,1
William J Unroch,William J Unroch,1
Linda Keen,Linda Keen,1
Chris F Recarey,Chris F Recarey,1
Alexander Hall,Alexander Hall,1
Eistein Jeff,Eistein Jeff,1
Richard Figueroa,Richard Figueroa,1
Cathy Back,Cathy Back,1
F Ptein Jeff,F Ptein Jeff,1
Joe Recaery,Joe Recaery,1
Msa Belohavc,Msa Belohavc,1
Msa Grahlweck,Msa Grahlweck,1
Asa Belohavc,Asa Belohavc,1
Rosa Tarquino,Rosa Tarquino,1
Angel Santos,Angel Santos,1
Jeffrey Esptein,Jeffrey Esptein,1
Det Joe Recaery,Det Joe Recaery,1
Asa Belohavak,Asa Belohavak,1
V Manuel,V Manuel,1
Freeman Jeffrey,Freeman Jeffrey,1
Kellensarah Lynnelle,Kellensarah Lynnelle,1
Asa Belohlvec,Asa Belohlvec,1
Clarence Maddox,Clarence Maddox,1
Fstein Jeff,Fstein Jeff,1
Mary Jaffe,Mary Jaffe,1
Luis Munoz Marin San Juan,Luis Munoz Marin San Juan,1
Angela Marie,Angela Marie,1
Brinson Knows Best,Brinson Knows Best,1
Eric L Pridgeon,Eric L Pridgeon,1
Daniel Beale,Daniel Beale,1
Elsa E Recarey,Elsa E Recarey,1
Daniel Beale Britany,Daniel Beale Britany,1
Chris L Juday,Chris L Juday,1
My Mom,My Mom,1
Agt Wilner,Agt Wilner,1
Det Recmey,Det Recmey,1
Lanna Beloblavok,Lanna Beloblavok,1
Jarome Pierre,Jarome Pierre,1
Perpion Jeff,Perpion Jeff,1
Joanna Junior,Joanna Junior,1
Toniuc Junior,Toniuc Junior,1
Eddie Jeff,Eddie Jeff,1
Eric J Fulford,Eric J Fulford,1
Kellen Sarah Lynne,Kellen Sarah Lynne,1
Sheena Nueva,Sheena Nueva,1
Chris L Ruddy,Chris L Ruddy,1
Chef Valdwon Cotrin,Chef Valdwon Cotrin,1
Det Recarly,Det Recarly,1
Charisma Edge James,Charisma Edge James,1
Rocco Lupo,Rocco Lupo,1
Roberto Maisonet,Roberto Maisonet,1
Ronald West,Ronald West,1
Charisma Edge Lamine,Charisma Edge Lamine,1
N'Diaye L,N'Diaye L,1
Lt Randolds,Lt Randolds,1
Dr Redacted,Dr Redacted,1
Alien Walker,Alien Walker,1
Shirley V Skipper-Sco,Shirley V Skipper-Sco,1
K W,K W,1
Darlene Iper,Darlene Iper,1
Lieut Bf Cong,Lieut Bf Cong,1
Lee J Loftus,Lee J Loftus,1
Ag Sessions,Ag Sessions,1
Dag Rosenstein,Dag Rosenstein,1
Skipper Scott Shirley,Skipper Scott Shirley,1
Skipper-Scott Shirley V,Skipper-Scott Shirley V,1
The Mersey,The Mersey,1
J Darden,J Darden,1
Aw Skipper Scott,Aw Skipper Scott,1
Lieut Bf,Lieut Bf,1
Epsteinjeffrey Edward,Epsteinjeffrey Edward,1
Ag Barr,Ag Barr,1
Epsteinjeffrey E,Epsteinjeffrey E,1
Alex Southern,Alex Southern,1
Jl Epstein,Jl Epstein,1
D Rios,D Rios,1
Iln Epstein,Iln Epstein,1
Beaudouin Robert Md,Beaudouin Robert Md,1
Justin Long,Justin Long,1
Nine N'Diaye,Nine N'Diaye,1
Hurwitz Hugh,Hurwitz Hugh,1
Sis E,Sis E,1
Andrea S,Andrea S,1
Mason D,Mason D,1
Charisma Edg,Charisma Edg,1
Elissa Miller,Elissa Miller,1
Lieutenant Logs,Lieutenant Logs,1
Warden N Diaye L,Warden N Diaye L,1
Ner Regional Director,Ner Regional Director,1
Facilities Manager,Facilities Manager,1
Lamin N Diaz,Lamin N Diaz,1
John Jay,John Jay,1
Ryan Conyers,Ryan Conyers,1
Shirley V Skibber-Scott,Shirley V Skibber-Scott,1
Edward Epstein,Edward Epstein,1
Lou C,Lou C,1
Lieutenant C Perez,Lieutenant C Perez,1
Epistein Ha,Epistein Ha,1
J- Epstein,J- Epstein,1
B Bc Esq,B Bc Esq,1
Lamina N'Diaye,Lamina N'Diaye,1
Shirley V Lamine,Shirley V Lamine,1
N'Diaye Skipper-Scott,N'Diaye Skipper-Scott,1
Y Watch Erations Utenant,Y Watch Erations Utenant,1
Jeffrey Ewrory,Jeffrey Ewrory,1
Clinical Nurse,Clinical Nurse,1
N' Diaye L,N' Diaye L,1
Tyson Johnson,Tyson Johnson,1
Sheriff Bradshaw,Sheriff Bradshaw,1
Todd Roark,Todd Roark,1
Associate Warden Of Programs,Associate Warden Of Programs,1
Lamnie N'Diaye,Lamnie N'Diaye,1
Cook Foreman,Cook Foreman,1
Colin Still,Colin Still,1
Mike Mills,Mike Mills,1
Tyson London,Tyson London,1
Mart Licon-Vital,Mart Licon-Vital,1
Justin B Long,Justin B Long,1
S Epstein,S Epstein,1
David Aronberg,David Aronberg,1
Sajeta Epstein,Sajeta Epstein,1
Moswery Andy,Moswery Andy,1
Material Handler Supervisor,Material Handler Supervisor,1
Aw Edge,Aw Edge,1
Marsha Fernich,Marsha Fernich,1
Jonathan Savella,Jonathan Savella,1
C Iali,C Iali,1
Shu Officer,Shu Officer,1
Scarla Harrigan,Scarla Harrigan,1
J Franklin,J Franklin,1
Epokem Sadelli,Epokem Sadelli,1
Savell Clifford,Savell Clifford,1
Colon Mass,Colon Mass,1
W Colon,W Colon,1
Sarah E Lake,Sarah E Lake,1
Colette S Peters,Colette S Peters,1
Shea Timothy,Shea Timothy,1
Warden J Petrucci,Warden J Petrucci,1
Lieutenant Rice,Lieutenant Rice,1
Nagle Robert,Nagle Robert,1
Mike Millo,Mike Millo,1
Rick Swearingen,Rick Swearingen,1
Bruce Colton,Bruce Colton,1
Marti Licon-Lopez,Marti Licon-Lopez,1
Martin Licon-Vitale,Martin Licon-Vitale,1
Kim Kardashian,Kim Kardashian,1
Judge Smith,Judge Smith,1
G Tuti,G Tuti,1
Saella Hansgn,Saella Hansgn,1
Mike Phelps,Mike Phelps,1
Alex G Tali,Alex G Tali,1
Marti Licom-Vitale,Marti Licom-Vitale,1
Michael E Horowitz,Michael E Horowitz,1
Bop-Rsdassistant Director,Bop-Rsdassistant Director,1
Facility Manager,Facility Manager,1
Lock And Security Supervisor,Lock And Security Supervisor,1
Company Technician,Company Technician,1
Company Technical Support Representative,Company Technical Support Representative,1
Michael Lambert,Michael Lambert,1
Mariel Colon,Mariel Colon,1
Officer B Bcb,Officer B Bcb,1
B Bcb,B Bcb,1
Jean Stanley,Jean Stanley,1
Indy Ve Colon,Indy Ve Colon,1
Savell Caliendo,Savell Caliendo,1
Hel Copperfield,Hel Copperfield,1
M May,M May,1
Erika Kelderhals,Erika Kelderhals,1
Esteban Savella,Esteban Savella,1
D Borky,D Borky,1
Karina Shalial,Karina Shalial,1
Joy Aassiddaa,Joy Aassiddaa,1
Plourde Lee,Plourde Lee,1
B Tali,B Tali,1
Health Services Administrator,Health Services Administrator,1
W Wm,W Wm,1
Tawadrous B,Tawadrous B,1
Andrew Neiman,Andrew Neiman,1
J Easter,J Easter,1
Jonson Neinha,Jonson Neinha,1
Smith Bmith,Smith Bmith,1
R Kipling,R Kipling,1
Tyler Son,Tyler Son,1
J Epitan,J Epitan,1
Colson Manuel C,Colson Manuel C,1
C Tali,C Tali,1
Hudge John,Hudge John,1
Cappelle Ringy,Cappelle Ringy,1
Bradley T Gross,Bradley T Gross,1
Tucker Carlson,Tucker Carlson,1
John Kennedy,John Kennedy,1
Bernard Madoff,Bernard Madoff,1
Indy Baccarat,Indy Baccarat,1
Oonodine Eson,Oonodine Eson,1
Gtali Hu,Gtali Hu,1
J Eptien,J Eptien,1
Jeffrey Epstei,Jeffrey Epstei,1
T Till,T Till,1
M Melendez,M Melendez,1
J Eskill,J Eskill,1
Richard L Swearingen,Richard L Swearingen,1
Ashley Moody,Ashley Moody,1
Jimmy Patronis,Jimmy Patronis,1
Nikki Fried,Nikki Fried,1
Colon Manuel,Colon Manuel,1
Lamine N'Diayemichael,Lamine N'Diayemichael,1
Psychology Staff,Psychology Staff,1
S Jean,S Jean,1
Samanta Honigman,Samanta Honigman,1
Steven Weissman,Steven Weissman,1
Christina Goldbaum,Christina Goldbaum,1
Indep Miller,Indep Miller,1
Lee Plourd,Lee Plourd,1
Rm Epstein,Rm Epstein,1
Mike Miller,Mike Miller,1
Lamine N'Diayelee Plourde,Lamine N'Diayelee Plourde,1
James Petrucc,James Petrucc,1
Bradley T Gros,Bradley T Gros,1
J Emkin,J Emkin,1
Epstein Epstein,Epstein Epstein,1
Ricardo Martinez,Ricardo Martinez,1
Sarah Colon,Sarah Colon,1
Elissa R Miller Psyd,Elissa R Miller Psyd,1
Inmate Epstein J,Inmate Epstein J,1
Stella Harrigan,Stella Harrigan,1
Michael Weiner,Michael Weiner,1
Drug Abuse Coordinator,Drug Abuse Coordinator,1
Drug Treatment Specialist Dts,Drug Treatment Specialist Dts,1
Physician Assistant Pa,Physician Assistant Pa,1
James Will,James Will,1
Pbt Saellin,Pbt Saellin,1
Savala Wendy,Savala Wendy,1
Li Tali,Li Tali,1
Jefrey Epstein,Jefrey Epstein,1
G Talimmelendez,G Talimmelendez,1
Plya Prize-Winner B Bc,Plya Prize-Winner B Bc,1
I Connell,I Connell,1
Aly Raisman,Aly Raisman,1
Simone Biles,Simone Biles,1
Beaudouin Robert,Beaudouin Robert,1
Northeast Regional Director,Northeast Regional Director,1
Acting Evening Watch Activities Lieutenant,Acting Evening Watch Activities Lieutenant,1
Epstein'S Attorney,Epstein'S Attorney,1
Inmate Reyes Efrain,Inmate Reyes Efrain,1
G Stoll,G Stoll,1
Supervisory Correctional Systems Specialist,Supervisory Correctional Systems Specialist,1
Correctional Systems Officer,Correctional Systems Officer,1
Correctional Officer Co,Correctional Officer Co,1
Lt Bc,Lt Bc,1
Special Investigative Services Lieutenant,Special Investigative Services Lieutenant,1
Supervisory Staff Attorney,Supervisory Staff Attorney,1
Material Handler,Material Handler,1
Laurel M Lee,Laurel M Lee,1
Indyke Colon,Indyke Colon,1
Jill Tate,Jill Tate,1
Staff Psychologist,Staff Psychologist,1
General Werden,General Werden,1
M Licon-Vitale,M Licon-Vitale,1
Y Joaquin,Y Joaquin,1
Lt B,Lt B,1
Alan Cohen,Alan Cohen,1
D Prince,D Prince,1
Erika Kellerhals,Erika Kellerhals,1
Tonya Thompson,Tonya Thompson,1
Matt Zapatosky,Matt Zapatosky,1
Devlin Barrett,Devlin Barrett,1
Debbie Wasserman Shultz,Debbie Wasserman Shultz,1
Katie Benner,Katie Benner,1
Indy R Weingason,Indy R Weingason,1
Joaqun Guzmn Loera,Joaqun Guzmn Loera,1
Family Members,Family Members,1
Maureen Ryan Comey,Maureen Ryan Comey,1
Gerard Whidbee,Gerard Whidbee,1
Joaquin El Chapo Guzman Loera,Joaquin El Chapo Guzman Loera,1
John G Koeltl,John G Koeltl,1
Robertson'S Father,Robertson'S Father,1
Chrislane Maxwell,Chrislane Maxwell,1
Philippe Jaigl,Philippe Jaigl,1
Warden Heriberto Tellez,Warden Heriberto Tellez,1
Bennet J Moskowitz,Bennet J Moskowitz,1
Louis Vuitton,Louis Vuitton,1
Rex Ling,Rex Ling,1
Roberta Ling,Roberta Ling,1
Judge Schofield,Judge Schofield,1
Plaintiff'S Sister,Plaintiff'S Sister,1
Cecille Steen,Cecille Steen,1
Cecile Dejongh,Cecile Dejongh,1
Edw Na S Mmonds,Edw Na S Mmonds,1
Rosaind Davidson,Rosaind Davidson,1
Y Fairley,Y Fairley,1
David R Ridgway,David R Ridgway,1
George S,George S,1
Mark Dec,Mark Dec,1
Kresty Rodgers,Kresty Rodgers,1
Glen Eva,Glen Eva,1
Celena Duben,Celena Duben,1
A Em Lly,A Em Lly,1
L Morriscn,L Morriscn,1
Teena Merry Mabrison,Teena Merry Mabrison,1
Chris Pack,Chris Pack,1
Mca Richard,Mca Richard,1
David Rothfus,David Rothfus,1
Anthony John Jeffs,Anthony John Jeffs,1
Bradley Allen,Bradley Allen,1
Douglas Wigdor,Douglas Wigdor,1
G Maxwe,G Maxwe,1
Natasha Milan,Natasha Milan,1
Eduardo Teodorani-Fabbri,Eduardo Teodorani-Fabbri,1
Bial K,Bial K,1
Kate Baleryd,Kate Baleryd,1
J Epste N Interests,J Epste N Interests,1
J Epste N Co,J Epste N Co,1
David Greenglass,David Greenglass,1
Judge Hellerstein,Judge Hellerstein,1
Richard Nixon,Richard Nixon,1
Pamela Bondi,Pamela Bondi,1
Kash Patel,Kash Patel,1
Michael Doss,Michael Doss,1
Stephanie Muecke,Stephanie Muecke,1
Edward Spector,Edward Spector,1
Ralph Ellison,Ralph Ellison,1
P Donofrio,P Donofrio,1
Ross Dealessi,Ross Dealessi,1
Shauwna Crossby,Shauwna Crossby,1
Christina Estrada,Christina Estrada,1
Diantka Arcos,Diantka Arcos,1
D Schoettle,D Schoettle,1
Peter Marino,Peter Marino,1
Kevin Hall,Kevin Hall,1
Yasmin Airaghi,Yasmin Airaghi,1
J Biddle,J Biddle,1
Frank Steele,Frank Steele,1
Manny Domingus,Manny Domingus,1
Fred Canova,Fred Canova,1
Gh Bla Ne Maxwell,Gh Bla Ne Maxwell,1
Kathy Elliott,Kathy Elliott,1
Sgr Ffis,Sgr Ffis,1
Donald Parkyns,Donald Parkyns,1
Geil Trump,Geil Trump,1
Richard Cohen,Richard Cohen,1
Chrissine Kennally,Chrissine Kennally,1
Ira Zscherman,Ira Zscherman,1
Matt Griffs,Matt Griffs,1
Andrew Merovetz,Andrew Merovetz,1
Teala Davis,Teala Davis,1
Kevin Bovenza,Kevin Bovenza,1
Emy Taylor,Emy Taylor,1
Larry Vidrine,Larry Vidrine,1
David R Edge,David R Edge,1
Dav D Byrne,Dav D Byrne,1
Barbara Petranek,Barbara Petranek,1
Stephen Petranek,Stephen Petranek,1
Alexander Tsiaras,Alexander Tsiaras,1
Tony Wurman,Tony Wurman,1
Jane Applegate,Jane Applegate,1
Mehmet Oz,Mehmet Oz,1
Joni Evans,Joni Evans,1
Roselynn Fontinelle,Roselynn Fontinelle,1
Colleen Difonzo,Colleen Difonzo,1
Summer Brennan,Summer Brennan,1
Flora Watson,Flora Watson,1
Peter Lornzoni,Peter Lornzoni,1
Mstalya Maylshev,Mstalya Maylshev,1
Jayarukshi Mellawa,Jayarukshi Mellawa,1
Tiffany Burns,Tiffany Burns,1
Macla Barros,Macla Barros,1
Jaya Satagopan,Jaya Satagopan,1
Tom Payette,Tom Payette,1
David Bodger,David Bodger,1
Joshewet Lewis,Joshewet Lewis,1
Gary Boxby,Gary Boxby,1
David M Podgore,David M Podgore,1
Ghislain E,Ghislain E,1
Patrick Ochin,Patrick Ochin,1
W Doulin,W Doulin,1
Andrea Mitrorich,Andrea Mitrorich,1
Shannon Pascuzzi,Shannon Pascuzzi,1
Dawn Devito,Dawn Devito,1
Virgil Wolfe,Virgil Wolfe,1
Sean Lancaster,Sean Lancaster,1
J Robertson,J Robertson,1
Sj Kerlen,Sj Kerlen,1
Thomas D Sjoblom,Thomas D Sjoblom,1
Gerald Eldeman,Gerald Eldeman,1
F Del Man,F Del Man,1
David Nodger,David Nodger,1
Kargn Casey,Kargn Casey,1
David Pedegs,David Pedegs,1
M Bedford,M Bedford,1
David Ruddy,David Ruddy,1
Jim Woody,Jim Woody,1
Francis Goodman,Francis Goodman,1
Sondra Francis,Sondra Francis,1
Sondra Biddle,Sondra Biddle,1
Doug Schuettle,Doug Schuettle,1
Joan Humphreys,Joan Humphreys,1
Richard Arendt,Richard Arendt,1
S Brock,S Brock,1
Karen Sargent,Karen Sargent,1
Dean Boal,Dean Boal,1
Edw Na S Mmons,Edw Na S Mmons,1
S Davidson,S Davidson,1
C Maxwell,C Maxwell,1
G Holsine,G Holsine,1
Arthur Hollering,Arthur Hollering,1
Tommy Quinn,Tommy Quinn,1
Angela Andrew,Angela Andrew,1
Doritin Krauss,Doritin Krauss,1
Alan Distante,Alan Distante,1
Yeeshe Quon,Yeeshe Quon,1
Carina Dubow,Carina Dubow,1
Doug Shoettle,Doug Shoettle,1
Wendy Mitchell,Wendy Mitchell,1
Bobby Mitchell,Bobby Mitchell,1
Robin Mylondo Clintz,Robin Mylondo Clintz,1
Paul Mellon,Paul Mellon,1
Oliver Sachs,Oliver Sachs,1
Gm Gilcn,Gm Gilcn,1
David R Rodriguez,David R Rodriguez,1
Clare Hazell,Clare Hazell,1
P Pereira,P Pereira,1
Jcorne Lous,Jcorne Lous,1
Janis Kevey,Janis Kevey,1
Jefferys Aunt,Jefferys Aunt,1
Mark Doe,Mark Doe,1
John Wilkes Booth,John Wilkes Booth,1
Aaron Burr,Aaron Burr,1
Miss Rva,Miss Rva,1
David Wodger,David Wodger,1
Alan Der Showitz,Alan Der Showitz,1
Epshein Interest,Epshein Interest,1
W Walter Bouin,W Walter Bouin,1
David Rodeigue,David Rodeigue,1
Edwna Simmonds,Edwna Simmonds,1
Robert Dan,Robert Dan,1
Judy Tuckerman,Judy Tuckerman,1
Jack Robertson,Jack Robertson,1
Lipsy Koryl,Lipsy Koryl,1
Dan Glenn,Dan Glenn,1
Annie Glenn,Annie Glenn,1
Nathan Fletcher,Nathan Fletcher,1
Patrick Atkinson,Patrick Atkinson,1
Derek Beck,Derek Beck,1
Doc Sherlock Andre,Doc Sherlock Andre,1
Roger Jteon,Roger Jteon,1
Ariel Rodriguez,Ariel Rodriguez,1
Andrea Mitronich,Andrea Mitronich,1
Shannon Rascuzzi,Shannon Rascuzzi,1
Tom Paythe,Tom Paythe,1
Gary Rexroads,Gary Rexroads,1
Kenneth Burns,Kenneth Burns,1
Steve Lisjcr,Steve Lisjcr,1
Gary Fowler,Gary Fowler,1
Jean Luc Dubrul,Jean Luc Dubrul,1
Tealta Drury,Tealta Drury,1
Ayal Armon,Ayal Armon,1
Jared Rodge,Jared Rodge,1
Wallace H Howell,Wallace H Howell,1
J Rodriguez,J Rodriguez,1
Jeff Scientist,Jeff Scientist,1
Raphael Reis,Raphael Reis,1
Stefani Burns,Stefani Burns,1
S Burns,S Burns,1
Justin Kosselyn,Justin Kosselyn,1
Tiffany Gramza,Tiffany Gramza,1
Niall Dennison,Niall Dennison,1
Melanie Walker,Melanie Walker,1
Cheryl Healy,Cheryl Healy,1
D Shoettle,D Shoettle,1
Russ Mitchell,Russ Mitchell,1
Pasha Dritr,Pasha Dritr,1
Jeanmichel Gathy,Jeanmichel Gathy,1
Marc Lundburg,Marc Lundburg,1
Thomas Calahan,Thomas Calahan,1
Andrea Hymel,Andrea Hymel,1
Jean Paul Blisset,Jean Paul Blisset,1
Michele Lewis,Michele Lewis,1
Freyda Wissing,Freyda Wissing,1
Robin Rosenberg,Robin Rosenberg,1
Christian Roche,Christian Roche,1
Kevin Solomon,Kevin Solomon,1
Jean Marie Couret,Jean Marie Couret,1
M Luntz,M Luntz,1
Dawn Rofano,Dawn Rofano,1
Jeffrey Israeli,Jeffrey Israeli,1
Walter Novembre,Walter Novembre,1
Jessica Ciralsky,Jessica Ciralsky,1
David Roderigue,David Roderigue,1
Matt Gibbs,Matt Gibbs,1
Alan C Greenbel,Alan C Greenbel,1
Jen Schumer,Jen Schumer,1
David Amon,David Amon,1
Helen Epston Nterests,Helen Epston Nterests,1
Peter Ryan,Peter Ryan,1
Robert Gordon,Robert Gordon,1
Daniel Rodriguez,Daniel Rodriguez,1
Tara Maxwell,Tara Maxwell,1
Lachapellemarie L,Lachapellemarie L,1
Glen Dubon,Glen Dubon,1
Gerolding Latimer,Gerolding Latimer,1
Nena Zagit,Nena Zagit,1
Roger Sloan,Roger Sloan,1
Frederic Bailette,Frederic Bailette,1
Rick Griffin,Rick Griffin,1
Joe Paciano,Joe Paciano,1
Julie Tood,Julie Tood,1
Bill Clement,Bill Clement,1
Doug Banda,Doug Banda,1
Naine Camille,Naine Camille,1
Nicole Junicermann,Nicole Junicermann,1
Shannon Jeffrey E Epstein,Shannon Jeffrey E Epstein,1
Jeanne Belnan,Jeanne Belnan,1
Qed Podegie,Qed Podegie,1
Bella Jeffrey E Epstein,Bella Jeffrey E Epstein,1
Jeannie Breanon,Jeannie Breanon,1
Sevastianova Valentina,Sevastianova Valentina,1
Donald P Parkyns,Donald P Parkyns,1
K Harry Baller,K Harry Baller,1
David R Rogers,David R Rogers,1
David Podgurs,David Podgurs,1
Frank Gimble,Frank Gimble,1
Rolph Pascale,Rolph Pascale,1
B Allen,B Allen,1
Celena Middelfart,Celena Middelfart,1
Gm Suzanna,Gm Suzanna,1
Joel Ashken,Joel Ashken,1
Catherine Beck,Catherine Beck,1
Gus Green,Gus Green,1
Daniel Rodericks,Daniel Rodericks,1
Kelly Bov No,Kelly Bov No,1
Ghislawne Maxwell,Ghislawne Maxwell,1
Murray Gellman,Murray Gellman,1
David P Podgurski,David P Podgurski,1
Alberto Pena,Alberto Pena,1
Lenna Pena,Lenna Pena,1
Lynn Forester,Lynn Forester,1
Guideden Bell,Guideden Bell,1
Aj Smallman,Aj Smallman,1
Ndrea Mitronch,Ndrea Mitronch,1
Bran Ferren,Bran Ferren,1
Helen Epstein Interests,Helen Epstein Interests,1
Carl Rodgers,Carl Rodgers,1
David Rodgeren,David Rodgeren,1
Declermont Tonne,Declermont Tonne,1
Celina Meddelefart,Celina Meddelefart,1
Roben Plant,Roben Plant,1
Joan Glenn,Joan Glenn,1
Larry Go,Larry Go,1
Eob Je,Eob Je,1
Mas Maxnoll,Mas Maxnoll,1
Shannon Pascuszi,Shannon Pascuszi,1
George Bajta,George Bajta,1
S Marshall,S Marshall,1
Michael J Johnson,Michael J Johnson,1
Marc Lumberg,Marc Lumberg,1
M Anderson,M Anderson,1
Michael J Johnsen,Michael J Johnsen,1
Darren Ira Leagsmap,Darren Ira Leagsmap,1
Dedier Azadumge,Dedier Azadumge,1
Joe Poshckow,Joe Poshckow,1
Leslie Gelb,Leslie Gelb,1
Brian Matthew,Brian Matthew,1
Lester Pollack,Lester Pollack,1
Stephen Burst,Stephen Burst,1
Chuck Manny,Chuck Manny,1
Linda Leigh,Linda Leigh,1
Jim Dowd,Jim Dowd,1
Nicole Hess,Nicole Hess,1
Sophie Riddle,Sophie Riddle,1
Heidi Freiler,Heidi Freiler,1
Kate Jeffrey E Epstein,Kate Jeffrey E Epstein,1
Jennifer Mitchell,Jennifer Mitchell,1
Tad Smith,Tad Smith,1
Bradley P Moss,Bradley P Moss,1
Jack Kosgei,Jack Kosgei,1
Ginger Southgate,Ginger Southgate,1
Lh Andrew,Lh Andrew,1
Norman Remble,Norman Remble,1
Pia Trussell,Pia Trussell,1
Pia Prussell,Pia Prussell,1
Terry Sodaro,Terry Sodaro,1
Jun Stefanides,Jun Stefanides,1
A Mitchell,A Mitchell,1
Terry Goldsmith,Terry Goldsmith,1
Deborah Cifra,Deborah Cifra,1
David Rodzfa,David Rodzfa,1
Kat E Orchard,Kat E Orchard,1
Chief Judge Friendly,Chief Judge Friendly,1
David Mcdouglas,David Mcdouglas,1
S Kerlen,S Kerlen,1
Peter Maudelson,Peter Maudelson,1
Aznarjose Maria,Aznarjose Maria,1
David Rodigue,David Rodigue,1
Sarah Rn,Sarah Rn,1
Ar Epstein,Ar Epstein,1
Anne Mulldrow,Anne Mulldrow,1
David Ridgeway,David Ridgeway,1
Joan Luc Brunel,Joan Luc Brunel,1
Deane Fleetwood,Deane Fleetwood,1
William J Clinton,William J Clinton,1
Kevin O'Donnell,Kevin O'Donnell,1
Chriss Tucker,Chriss Tucker,1
Dog Brain,Dog Brain,1
David Sl,David Sl,1
Jem Kenna,Jem Kenna,1
Roger Nolasco,Roger Nolasco,1
Lee Garrison,Lee Garrison,1
Sammy G,Sammy G,1
Ron Turkle,Ron Turkle,1
Andrea Meredith,Andrea Meredith,1
Leggate Leggance Smith,Leggate Leggance Smith,1
Pietro Mondini,Pietro Mondini,1
Gregg Hartnerss,Gregg Hartnerss,1
James Moore,James Moore,1
J Paningsoro,J Paningsoro,1
J Beer,J Beer,1
Darel Metcalfe,Darel Metcalfe,1
Shafir E,Shafir E,1
Huff C R,Huff C R,1
Killias M,Killias M,1
Diener E,Diener E,1
Diener C,Diener C,1
Declavieranne Ma,Declavieranne Ma,1
David Rodghr,David Rodghr,1
Heather Mand,Heather Mand,1
Ceolilia Steen,Ceolilia Steen,1
Monica Charlow,Monica Charlow,1
Tefany Gramza,Tefany Gramza,1
Daniel Hills,Daniel Hills,1
Alexa Wallbaum,Alexa Wallbaum,1
Joephie Biddle,Joephie Biddle,1
Sophie Pedoli,Sophie Pedoli,1
Clarke Izabel,Clarke Izabel,1
David Wilefor,David Wilefor,1
Angela E Noble,Angela E Noble,1
Mary Etienne,Mary Etienne,1
Marie Joseph Experton,Marie Joseph Experton,1
Carmen C Aguero,Carmen C Aguero,1
Carol Rodgers,Carol Rodgers,1
Jackie Kodagn,Jackie Kodagn,1
Alexia Walker,Alexia Walker,1
Este-Lin Lives,Este-Lin Lives,1
Bob Mason,Bob Mason,1
Doj Redaction,Doj Redaction,1
Millera Charles,Millera Charles,1
Go Wenp,Go Wenp,1
Mark Potter,Mark Potter,1
Anna Bryant,Anna Bryant,1
Juliet Simmonds,Juliet Simmonds,1
Ryan Orrins,Ryan Orrins,1
David Radcliffe,David Radcliffe,1
S Dubeyn,S Dubeyn,1
E G Marshall,E G Marshall,1
A Tolal,A Tolal,1
Pamela Johanaoff,Pamela Johanaoff,1
Katarzyna Kutzig,Katarzyna Kutzig,1
S Teal,S Teal,1
O Teal,O Teal,1
David R Rodale,David R Rodale,1
Pilot'S Name Not Provided,Pilot'S Name Not Provided,1
Misses Kersti Fitz,Misses Kersti Fitz,1
Galibertjean Clau,Galibertjean Clau,1
Kirsti Rogers,Kirsti Rogers,1
Larry Morrisson,Larry Morrisson,1
Garel Dumpieg,Garel Dumpieg,1
G Amxwell,G Amxwell,1
Rean Ferren,Rean Ferren,1
General Wesley Clark,General Wesley Clark,1
Kelly Bomod,Kelly Bomod,1
Hazzy Bella,Hazzy Bella,1
Cristalle M Wasche,Cristalle M Wasche,1
S Keller,S Keller,1
Ron Barrow,Ron Barrow,1
Seth Goldsmith,Seth Goldsmith,1
Peter Thomas Roth,Peter Thomas Roth,1
Paul Mitchell,Paul Mitchell,1
Hank Collins,Hank Collins,1
William Josh,William Josh,1
Steve Losikan,Steve Losikan,1
Charles Rodriguez,Charles Rodriguez,1
Pete Rother,Pete Rother,1
Tracy Cino,Tracy Cino,1
J Merrell,J Merrell,1
J Jessen,J Jessen,1
Daniel Delapa,Daniel Delapa,1
Jane'S Voice Teacher,Jane'S Voice Teacher,1
Jane'S Principal,Jane'S Principal,1
Jane'S Guidance Counselor,Jane'S Guidance Counselor,1
Paul Haldof,Paul Haldof,1
Tatiana Semiann,Tatiana Semiann,1
Andrea Mellovich,Andrea Mellovich,1
Gennaro Whitaker,Gennaro Whitaker,1
Anthony John Jetts,Anthony John Jetts,1
John Gerard O'Neill,John Gerard O'Neill,1
Nessa O'Neill,Nessa O'Neill,1
David Rodefer,David Rodefer,1
Lynn Fowler,Lynn Fowler,1
Jean Luke,Jean Luke,1
Ulysses Silipinac,Ulysses Silipinac,1
Joron Rita,Joron Rita,1
Elisabeth Andujar,Elisabeth Andujar,1
E Pst Ein,E Pst Ein,1
David Hidgins,David Hidgins,1
Clair Kirks,Clair Kirks,1
Pedro Cazadumec,Pedro Cazadumec,1
Karen Epstein,Karen Epstein,1
Mark Beck,Mark Beck,1
Nathan Myrvold,Nathan Myrvold,1
Chinbun Dick,Chinbun Dick,1
Britten Dick,Britten Dick,1
Dumpud Trump,Dumpud Trump,1
Fann Coleman,Fann Coleman,1
J Sepulveda,J Sepulveda,1
Cecile Roberts,Cecile Roberts,1
Mary Roberts,Mary Roberts,1
Miko Eusatto,Miko Eusatto,1
Joe Ngger Kalen,Joe Ngger Kalen,1
Steve Malce,Steve Malce,1
Scotty Porte,Scotty Porte,1
Ryan Fleming,Ryan Fleming,1
Immy Antin,Immy Antin,1
Cordon Purin,Cordon Purin,1
Cecilia Medina,Cecilia Medina,1
Andrew Stephens,Andrew Stephens,1
Donald Caldwell,Donald Caldwell,1
Pamela Stevens,Pamela Stevens,1
Lauren Petrella,Lauren Petrella,1
Hugh Blate,Hugh Blate,1
David Rudegers,David Rudegers,1
Ryan Cookman,Ryan Cookman,1
Kristy Alyssa,Kristy Alyssa,1
Joel Knighton,Joel Knighton,1
David Roder,David Roder,1
Melanie Stevens,Melanie Stevens,1
William Hazel,William Hazel,1
Melendo Cun,Melendo Cun,1
Jp Prince Adorcu,Jp Prince Adorcu,1
Peluca Amorosa,Peluca Amorosa,1
Steve Burgess,Steve Burgess,1
Laine Kelson,Laine Kelson,1
Jo Anne,Jo Anne,1
F E,F E,1
Mark Probst,Mark Probst,1
Tatiana Kovylsn,Tatiana Kovylsn,1
Mark Tafoya,Mark Tafoya,1
Juan Molina,Juan Molina,1
Lisa Summers,Lisa Summers,1
Eisen J A,Eisen J A,1
Quas Gs,Quas Gs,1
Rj Sternberg,Rj Sternberg,1
Valdson Cotr N,Valdson Cotr N,1
Jack Kockinger,Jack Kockinger,1
A Mitrorich,A Mitrorich,1
Cindy Lorez,Cindy Lorez,1
Jean Luc Bernard,Jean Luc Bernard,1
Richard Turgoner,Richard Turgoner,1
Juliana Jorge,Juliana Jorge,1
E Pstien,E Pstien,1
David R Degruy,David R Degruy,1
Mark L,Mark L,1
Pete Ratwell,Pete Ratwell,1
Rick Monroe-Lind,Rick Monroe-Lind,1
Michael I Danchuk,Michael I Danchuk,1
Dave Rodgers Nje,Dave Rodgers Nje,1
P Koons,P Koons,1
G Makwell,G Makwell,1
M Christman,M Christman,1
Kirstie Fergusen,Kirstie Fergusen,1
Walker Starnesm,Walker Starnesm,1
Blissetjean Paul,Blissetjean Paul,1
Burdetjean Marie,Burdetjean Marie,1
David Rodgefu,David Rodgefu,1
Miss Darrow,Miss Darrow,1
Ida Peters,Ida Peters,1
Paula Gibson,Paula Gibson,1
Jim Wilson,Jim Wilson,1
Ira Ticheman,Ira Ticheman,1
Felicia Taylor,Felicia Taylor,1
Glen Robin,Glen Robin,1
Ncl Coleman,Ncl Coleman,1
Roger Mcintire,Roger Mcintire,1
Samuel Derafas,Samuel Derafas,1
Carl Roderfer,Carl Roderfer,1
Tom Barlow,Tom Barlow,1
Barry Kennedy,Barry Kennedy,1
Buddy Kennedy,Buddy Kennedy,1
Pat Cline,Pat Cline,1
Helen H K M,Helen H K M,1
David Nodgyne,David Nodgyne,1
Bam Kuukkouglu,Bam Kuukkouglu,1
Chris Gamble,Chris Gamble,1
Dave Savage,Dave Savage,1
Serge Boquet,Serge Boquet,1
Dott E Weson,Dott E Weson,1
Sgr Ffs,Sgr Ffs,1
Seth Rudefu,Seth Rudefu,1
Ausa Alex Rossmiller,Ausa Alex Rossmiller,1
Us Marshal,Us Marshal,1
David Wilefen,David Wilefen,1
R Caen,R Caen,1
Jeffrey Ghislaine,Jeffrey Ghislaine,1
Christine Konsolian,Christine Konsolian,1
Phillip Hallgren,Phillip Hallgren,1
Patty Gil Clemos,Patty Gil Clemos,1
Patty Rodgers,Patty Rodgers,1
Clair Hazey,Clair Hazey,1
J Fcmble,J Fcmble,1
Cocoa Brown,Cocoa Brown,1
Glen Durbin,Glen Durbin,1
S Jeven,S Jeven,1
William Emison,William Emison,1
David R Clark,David R Clark,1
Cecilia Stein,Cecilia Stein,1
Jeffrey E Epsten,Jeffrey E Epsten,1
David Rodaja,David Rodaja,1
Capt Harris,Capt Harris,1
Paula Epsilon,Paula Epsilon,1
S Hellgy Lewis,S Hellgy Lewis,1
Peter Marin,Peter Marin,1
Carl Roderick,Carl Roderick,1
Mandy Gmmy,Mandy Gmmy,1
Mary Kerny,Mary Kerny,1
Elena Middleart,Elena Middleart,1
Jog Pagano Geno,Jog Pagano Geno,1
David Pedgeon,David Pedgeon,1
Andrew Meirwetch,Andrew Meirwetch,1
Alene Webr,Alene Webr,1
N Markgi,N Markgi,1
Valdson Cotn,Valdson Cotn,1
Hountage Daveg,Hountage Daveg,1
Forest Gawyer,Forest Gawyer,1
Yanet Alvarado,Yanet Alvarado,1
Jeff Cu,Jeff Cu,1
Ken David Copperfield,Ken David Copperfield,1
David Bridge,David Bridge,1
David Rodick,David Rodick,1
Lou Perkins,Lou Perkins,1
Sophie Boole,Sophie Boole,1
Murray Gell Mann,Murray Gell Mann,1
David Rodiguez,David Rodiguez,1
Detective Byrnes,Detective Byrnes,1
Yr Epstein,Yr Epstein,1
Yr Haxwot,Yr Haxwot,1
Simon Paciukonyte,Simon Paciukonyte,1
Natalia Domracheva,Natalia Domracheva,1
Anneedeli Gaffarel,Anneedeli Gaffarel,1
Laura Newman,Laura Newman,1
Alexander Reznik,Alexander Reznik,1
Tatyana Simanava,Tatyana Simanava,1
Erica Baukis,Erica Baukis,1
Cecilia Mattson,Cecilia Mattson,1
Simona Paciukonyte,Simona Paciukonyte,1
Ruslana Kurshunova,Ruslana Kurshunova,1
Marcia Lyons,Marcia Lyons,1
Bruce Lyons,Bruce Lyons,1
Christian Mussy,Christian Mussy,1
Patrick Bannier,Patrick Bannier,1
Alain Cruypelinck,Alain Cruypelinck,1
Larisa Simanava,Larisa Simanava,1
Maxwell Ghislane,Maxwell Ghislane,1
Arnaud Seigneur,Arnaud Seigneur,1
Laurie Steichen,Laurie Steichen,1
Lydia Ingram,Lydia Ingram,1
Valdson Veieracotrin,Valdson Veieracotrin,1
Jennifer Doyle,Jennifer Doyle,1
Erika Braukis,Erika Braukis,1
Dimitrij Simanava,Dimitrij Simanava,1
David Lampert,David Lampert,1
Jean Hugen,Jean Hugen,1
Nicolas Hayduk,Nicolas Hayduk,1
David R Dalfonso,David R Dalfonso,1
Andrew Liebman,Andrew Liebman,1
Michael Liegman,Michael Liegman,1
Ryan Diamond,Ryan Diamond,1
Jon Paul Frontino,Jon Paul Frontino,1
Mark Gpstein,Mark Gpstein,1
James Mitchell,James Mitchell,1
Mark Grippe,Mark Grippe,1
Senator Wyden,Senator Wyden,1
Derek Redge,Derek Redge,1
David Maxwell,David Maxwell,1
Marc Eistein,Marc Eistein,1
David Redfearn,David Redfearn,1
Jeff Schwst,Jeff Schwst,1
Biddle Cochranso,Biddle Cochranso,1
Shigemas K,Shigemas K,1
S Helley Lewis,S Helley Lewis,1
Ricardo Legoretta,Ricardo Legoretta,1
Kelly Spamm,Kelly Spamm,1
Tom Pritchard,Tom Pritchard,1
Esther Dyson,Esther Dyson,1
Stephen Jay Gould,Stephen Jay Gould,1
Ken Dychtwald,Ken Dychtwald,1
Susan Pierce,Susan Pierce,1
Dott E Wilson,Dott E Wilson,1
Frank Nodarse,Frank Nodarse,1
Banu Kucukkoylu,Banu Kucukkoylu,1
Mike And Pat,Mike And Pat,1
Rodgers David,Rodgers David,1
Andrey Raimbault,Andrey Raimbault,1
Melinda Lunt,Melinda Lunt,1
Gwendolyne Black,Gwendolyne Black,1
Shelly Anne Lewis,Shelly Anne Lewis,1
Mandy Glisson,Mandy Glisson,1
Jean Merkel,Jean Merkel,1
Jean Merkel Gathy,Jean Merkel Gathy,1
Wwalter Bou N,Wwalter Bou N,1
A Dixon,A Dixon,1
Ella Dershowitz,Ella Dershowitz,1
Cecil J Steen,Cecil J Steen,1
David Lodefus,David Lodefus,1
Jal La Hashemi,Jal La Hashemi,1
David Hudepohl,David Hudepohl,1
David R Rhodes,David R Rhodes,1
P Edersnen,P Edersnen,1
Cecilia Stern,Cecilia Stern,1
Patsy Rodgers,Patsy Rodgers,1
Paul Edsall,Paul Edsall,1
Gloria Claire Hazel,Gloria Claire Hazel,1
Paula Edsall,Paula Edsall,1
Bam Kucukkooglu,Bam Kucukkooglu,1
Bogdan Ducan,Bogdan Ducan,1
Nick S Mmonds,Nick S Mmonds,1
J Epste N,J Epste N,1
Paul Gundyl,Paul Gundyl,1
Jodi Scolardi,Jodi Scolardi,1
Sarah Coggins,Sarah Coggins,1
Steve Bassett,Steve Bassett,1
Larry Derose,Larry Derose,1
Kelly Mailey,Kelly Mailey,1
Banu Kucukoylu,Banu Kucukoylu,1
Nicole Marais,Nicole Marais,1
Polina Proshkina,Polina Proshkina,1
Irwin Hurst,Irwin Hurst,1
Joan Teelucksingh,Joan Teelucksingh,1
Edward Tuttle,Edward Tuttle,1
Alaexia Wallert,Alaexia Wallert,1
Marguerite Krikharr,Marguerite Krikharr,1
Helena Khazanova,Helena Khazanova,1
Carol Nadeau,Carol Nadeau,1
Charlotte Lewis,Charlotte Lewis,1
John Delaney,John Delaney,1
Rhett Roy,Rhett Roy,1
Edward Archer,Edward Archer,1
Kate Belaerud,Kate Belaerud,1
Christ Ne Maxwell,Christ Ne Maxwell,1
Valasion Cotrin,Valasion Cotrin,1
Jchaml N,Jchaml N,1
David Rodrigue,David Rodrigue,1
Jemmy Taylor,Jemmy Taylor,1
Magalee Blychon,Magalee Blychon,1
Michael Liepmann,Michael Liepmann,1
Giovanni Lopez,Giovanni Lopez,1
Jose Luiz Tiburcio,Jose Luiz Tiburcio,1
Nagib C Pell,Nagib C Pell,1
David Ledefus,David Ledefus,1
President Andres Pastrana,President Andres Pastrana,1
Lauren Kw Nter,Lauren Kw Nter,1
David Redafe,David Redafe,1
Perry Stein,Perry Stein,1
Sadie Gurman,Sadie Gurman,1
Alex Leary,Alex Leary,1
Emma Colton,Emma Colton,1
Hannah Rabinowitz,Hannah Rabinowitz,1
David Richgers,David Richgers,1
Joel Pashcon,Joel Pashcon,1
Joel Pash,Joel Pash,1
Leo Tintay,Leo Tintay,1
Gwenolyn Pash,Gwenolyn Pash,1
Shelly Levis,Shelly Levis,1
David Rudefus,David Rudefus,1
Lisa Anasrsons,Lisa Anasrsons,1
Scott Biddle,Scott Biddle,1
Frances Larding,Frances Larding,1
Scan Lancaster,Scan Lancaster,1
Judd Uckert,Judd Uckert,1
Gva Andersson,Gva Andersson,1
Rupert Jack Pasil Cather,Rupert Jack Pasil Cather,1
Scott G Goodrich,Scott G Goodrich,1
Well Sunnie Goodrich,Well Sunnie Goodrich,1
Jack Pasil Gabriel,Jack Pasil Gabriel,1
Eric Rodgers,Eric Rodgers,1
Nicole Akesu,Nicole Akesu,1
Arthur Rodger,Arthur Rodger,1
Eva Cox,Eva Cox,1
Nicole Wiese,Nicole Wiese,1
Gary Blackwell,Gary Blackwell,1
Steve Lybber,Steve Lybber,1
Frank Corbett,Frank Corbett,1
David R Rishling,David R Rishling,1
Josh Levin,Josh Levin,1
Aaron Mak,Aaron Mak,1
Jonathan L Fischer,Jonathan L Fischer,1
Glen Gub,Glen Gub,1
Jok Dan Dylan,Jok Dan Dylan,1
Jimmy Elliot,Jimmy Elliot,1
Mandy Gilson,Mandy Gilson,1
Margaret Wheeler,Margaret Wheeler,1
Clarke Bostly,Clarke Bostly,1
Alan Dashowitz,Alan Dashowitz,1
Jenny Pashkow,Jenny Pashkow,1
Gwenlyn Sherer,Gwenlyn Sherer,1
El Bello,El Bello,1
David Roden,David Roden,1
Sarah J Kellen,Sarah J Kellen,1
My Twian,My Twian,1
Pandora Maxwell,Pandora Maxwell,1
Pamela Meiselman,Pamela Meiselman,1
Karin Models,Karin Models,1
Sophie Crabbe,Sophie Crabbe,1
Paula Epsicen,Paula Epsicen,1
Larry Webbke,Larry Webbke,1
Ed Amato,Ed Amato,1
Jim Moore,Jim Moore,1
David Rudge,David Rudge,1
Donald Ayer,Donald Ayer,1
Bianco J,Bianco J,1
Julio A Castillo,Julio A Castillo,1
Ingrid S Mc Cawley,Ingrid S Mc Cawley,1
Chauntae Davies,Chauntae Davies,1
Paul M Krieger,Paul M Krieger,1
Philippe Jaiglif,Philippe Jaiglif,1
Officer Leah Harmon,Officer Leah Harmon,1
Langan P,Langan P,1
Schmitt E,Schmitt E,1
Durose M,Durose M,1
Harris Ajr,Harris Ajr,1
Hanson Rk,Hanson Rk,1
Morton-Bourgon K,Morton-Bourgon K,1
Cortoni F,Cortoni F,1
Coache M,Coache M,1
Jane Doe No. 4,Jane Doe No. 4,1
Marijke Chartouni,Marijke Chartouni,1
John Gambino,John Gambino,1
Martin Weintraub,Martin Weintraub,1
Victim 2,Victim 2,1
Victim 3,Victim 3,1
Hanan Favsa,Hanan Favsa,1
Kristen Carannate,Kristen Carannate,1
Van Thout,Van Thout,1
Ghislaine Maxwell'S Husband,Ghislaine Maxwell'S Husband,1
Bernadette Martin,Bernadette Martin,1
Mouktar Abliazov,Mouktar Abliazov,1
Michael G Scavelli,Michael G Scavelli,1
Jomes Brochin,Jomes Brochin,1
Brislane Maxwell,Brislane Maxwell,1
Phyllis Goldfarb,Phyllis Goldfarb,1
Eli Dubosar,Eli Dubosar,1
Ted Stevens,Ted Stevens,1
Emmet Sullivan,Emmet Sullivan,1
Joaqun 'El Chapo' Guzmn Loera,Joaqun 'El Chapo' Guzmn Loera,1
Richard Berman,Richard Berman,1
Jeremy Thundercloud,Jeremy Thundercloud,1
Magistrate Judge Freeman,Magistrate Judge Freeman,1
Assistant Secretary For Health,Assistant Secretary For Health,1
Sarah Nathan,Sarah Nathan,1
Kate Sheey,Kate Sheey,1
Alan Feuer,Alan Feuer,1
Alvin Q Nettle,Alvin Q Nettle,1
Jeffrey J Sloman,Jeffrey J Sloman,1
Judge Pitman,Judge Pitman,1
Doe 2,Doe 2,1
Joshua Adam Schulte,Joshua Adam Schulte,1
Alisa N Wang,Alisa N Wang,1
Andrew St Laurent,Andrew St Laurent,1
D John Sauer,D John Sauer,1
Di Re,Di Re,1
Gen Y,Gen Y,1
Gen Z,Gen Z,1
Gen Alpha,Gen Alpha,1
Jeffrey Epstein'S,Jeffrey Epstein'S,1
Mailee Conley,Mailee Conley,1
Professor Green,Professor Green,1
Bernisa Mejla,Bernisa Mejla,1
Dennis Khilkevitch,Dennis Khilkevitch,1
Chen De Yian,Chen De Yian,1
Jay Howell,Jay Howell,1
Sara Kropf,Sara Kropf,1
Professor Alan Dershowitz,Professor Alan Dershowitz,1
Lord Justice Scott Baker,Lord Justice Scott Baker,1
Anand Doobay,Anand Doobay,1
Judge Roman,Judge Roman,1
The Plaintiff,The Plaintiff,1
Epstein'S Brother,Epstein'S Brother,1
Epstein'S Friend,Epstein'S Friend,1
Noble Lee,Noble Lee,1
Michelle Licata,Michelle Licata,1
Princess Diana,Princess Diana,1
Kristen Carranante,Kristen Carranante,1
Joaquin El Chapo Guzmn Loera,Joaquin El Chapo Guzmn Loera,1
Engelmayer J,Engelmayer J,1
Judge Crotty,Judge Crotty,1
Lilly Ann Sansbeez,Lilly Ann Sansbeez,1
Christine Walsh,Christine Walsh,1
Patrick Malone,Patrick Malone,1
Assistant Us Attorney,Assistant Us Attorney,1
French Prime Minister,French Prime Minister,1
Minister Of Justice,Minister Of Justice,1
Prosecutor General,Prosecutor General,1
Mark Wolf,Mark Wolf,1
Little Bear,Little Bear,1
Attorney General Barr,Attorney General Barr,1
Anouska De Georgiou,Anouska De Georgiou,1
Defendant'S Co-Signers,Defendant'S Co-Signers,1
Victims 1-3,Victims 1-3,1
Sig Mccawley,Sig Mccawley,1
Theresa J Helm,Theresa J Helm,1
Paul A Crotty,Paul A Crotty,1
Brian Dempsey,Brian Dempsey,1
Alexander Zmikhnovskiy,Alexander Zmikhnovskiy,1
Ilya Yurov,Ilya Yurov,1
Teri Gibbs,Teri Gibbs,1
Jane Doe 6,Jane Doe 6,1
Judge Jones,Judge Jones,1
Henri Leclerc,Henri Leclerc,1
Eric Plouvier,Eric Plouvier,1
Mme Delmas Marty,Mme Delmas Marty,1
Emmanuel Henning,Emmanuel Henning,1
Michael Ofsowitz,Michael Ofsowitz,1
Kimberly Lerner,Kimberly Lerner,1
Jennifer Aroz,Jennifer Aroz,1
Thomas Nagel,Thomas Nagel,1
E Nesbitt Kuyrkendall,E Nesbitt Kuyrkendall,1
I Anna,I Anna,1
Minor Victims-1-3,Minor Victims-1-3,1
Rose Prater,Rose Prater,1
Stacey Richmond,Stacey Richmond,1
Judge Esther Salas,Judge Esther Salas,1
His Father,His Father,1
Accusers -,Accusers -,1
Minor Victims 1-3,Minor Victims 1-3,1
Nickerson J,Nickerson J,1
John Denko,John Denko,1
Faron W Segotta,Faron W Segotta,1
Mike L Mier,Mike L Mier,1
Jeffery E Epstein,Jeffery E Epstein,1
Teresa Hernandez,Teresa Hernandez,1
Philippe Jaillet,Philippe Jaillet,1
Andrew Flinkelman,Andrew Flinkelman,1
Jp Morgan Chase Bank,Jp Morgan Chase Bank,1
Kristen Cai,Kristen Cai,1
Grady Macphee,Grady Macphee,1
Geoffrey Berman,Geoffrey Berman,1
Daniel H Weiner,Daniel H Weiner,1
Daniel Ruzumna,Daniel Ruzumna,1
Jane Doe No. 2,Jane Doe No. 2,1
Wifredo A Ferrer,Wifredo A Ferrer,1
Dexter A Lee,Dexter A Lee,1
Eduardo I Snchez,Eduardo I Snchez,1
Taubman Bobby,Taubman Bobby,1
Tavoulareas Billy,Tavoulareas Billy,1
Nicket Tavoulareas,Nicket Tavoulareas,1
Peter Tavoulareas,Peter Tavoulareas,1
Tate Rupert,Tate Rupert,1
Taylor Emmy,Taylor Emmy,1
Taubman Alfred,Taubman Alfred,1
Taylor Felicia,Taylor Felicia,1
Taylor Pamela,Taylor Pamela,1
Taylor Sebastian,Taylor Sebastian,1
Taymor Julie,Taymor Julie,1
Elliot Taymor,Elliot Taymor,1
Tennenbaum Harry,Tennenbaum Harry,1
Teodorani-Fabbri Eduardo,Teodorani-Fabbri Eduardo,1
Theilmann Baroness Francesca,Theilmann Baroness Francesca,1
"Alleged ""Victim-3""","Alleged ""Victim-3""",1
Kenneth Wynder,Kenneth Wynder,1
Andrew Brown,Andrew Brown,1
Lloyd Grossman,Lloyd Grossman,1
Marjorie Gubelmann,Marjorie Gubelmann,1
Tony Guccioni,Tony Guccioni,1
Christian Gudefin,Christian Gudefin,1
Solina Guedroit,Solina Guedroit,1
Nicolas Guedroit,Nicolas Guedroit,1
Alessandro Guerini Maraldi,Alessandro Guerini Maraldi,1
Cornelia Guest,Cornelia Guest,1
Bert Fle,Bert Fle,1
Sabrina Guiness,Sabrina Guiness,1
Hugo Guinness,Hugo Guinness,1
Luca Guissalni,Luca Guissalni,1
Ira Gumberg,Ira Gumberg,1
Susan Guttfreund,Susan Guttfreund,1
John Guttfreund,John Guttfreund,1
Pippa Hall,Pippa Hall,1
Jen Halpern,Jen Halpern,1
Clementine Hambro,Clementine Hambro,1
George Hamilton,George Hamilton,1
Cohen Peter,Cohen Peter,1
Colle Jeffrey,Colle Jeffrey,1
Cooke Clive,Cooke Clive,1
Cotterell Harry,Cotterell Harry,1
Coleman Jo,Coleman Jo,1
Collins Phil,Collins Phil,1
Oriane Collins,Oriane Collins,1
Henrietta Conrad,Henrietta Conrad,1
Rachel Cordle,Rachel Cordle,1
Martine De Courcel,Martine De Courcel,1
Nicholas Coleridge,Nicholas Coleridge,1
Georgia Coleridge,Georgia Coleridge,1
Susannah Sten Ber Constantine,Susannah Sten Ber Constantine,1
Rupert Cordle,Rupert Cordle,1
Camilla Cordle,Camilla Cordle,1
Marina Cowdray,Marina Cowdray,1
Fernando De Cordova Hohenlohe,Fernando De Cordova Hohenlohe,1
Colin Cowie,Colin Cowie,1
Junot Philippe,Junot Philippe,1
Experton Marie Josenh,Experton Marie Josenh,1
Lagardere Betty,Lagardere Betty,1
Madame Lemercier,Madame Lemercier,1
Danielle Sassoon,Danielle Sassoon,1
Sylvia Ephraim,Sylvia Ephraim,1
Nicolas Landsman Roos,Nicolas Landsman Roos,1
Eileen Hickery,Eileen Hickery,1
Marc Bullough,Marc Bullough,1
Mick Lane,Mick Lane,1
George Kocher,George Kocher,1
Geoffrey Kent,Geoffrey Kent,1
Karen Lonsdale,Karen Lonsdale,1
Bear Stearns,Bear Stearns,1
Graves J,Graves J,1
Edouard De Rothschild,Edouard De Rothschild,1
Evelyn De Rothschild,Evelyn De Rothschild,1
Caroline Roumugere,Caroline Roumugere,1
Hon Lucinda Royle,Hon Lucinda Royle,1
Natalie Rucellial,Natalie Rucellial,1
Della Rudnick,Della Rudnick,1
Michelle Russel,Michelle Russel,1
Marina Ian Rust,Marina Ian Rust,1
Tim Rustov,Tim Rustov,1
Rutalnd Duke And Duch-Ess,Rutalnd Duke And Duch-Ess,1
Eric Perri Ruttenberg,Eric Perri Ruttenberg,1
Nicholas Ryder,Nicholas Ryder,1
Amy Sacco,Amy Sacco,1
Jeffrey Sachs,Jeffrey Sachs,1
Edmund Saffra,Edmund Saffra,1
Wayne Safro,Wayne Safro,1
Wafic Said,Wafic Said,1
Jamie Sainsbury,Jamie Sainsbury,1
Eric Salama,Eric Salama,1
Carella Alun-Jones,Carella Alun-Jones,1
Roberta Amon,Roberta Amon,1
Maurice Amon,Maurice Amon,1
Jeremy Alun-Jones,Jeremy Alun-Jones,1
Deborah Alun-Jones,Deborah Alun-Jones,1
Lisa Anastos,Lisa Anastos,1
Senor Vicente Alvarez,Senor Vicente Alvarez,1
Lulu Anderson,Lulu Anderson,1
Robert Appleby,Robert Appleby,1
Alex Appleby,Alex Appleby,1
Phillippe Amon,Phillippe Amon,1
Maite Arango,Maite Arango,1
Rendon Galvis,Rendon Galvis,1
Hurst Anne,Hurst Anne,1
Hurst Robert J,Hurst Robert J,1
Hussain Ayla,Hussain Ayla,1
Hussey Simon,Hussey Simon,1
Hutley Henry,Hutley Henry,1
Hutley Lulu Edward,Hutley Lulu Edward,1
Hutton Lauren,Hutton Lauren,1
Hymas Ivan,Hymas Ivan,1
Ind Charlie,Ind Charlie,1
Inzerillo Gerard J,Inzerillo Gerard J,1
Ireland George,Ireland George,1
Irvine Eddie,Irvine Eddie,1
Isamel Abdullahi,Isamel Abdullahi,1
Isham Chris,Isham Chris,1
Jackson Michael,Jackson Michael,1
Jacobson Julian,Jacobson Julian,1
Jagger Mick,Jagger Mick,1
Nancy Thomas,Nancy Thomas,1
Dulcena Cur,Dulcena Cur,1
Frederick Fred Adler,Frederick Fred Adler,1
Cath Adler,Cath Adler,1
Bill Archer,Bill Archer,1
Linda Aslanian,Linda Aslanian,1
Jon Bannenberg,Jon Bannenberg,1
Ehud Barak,Ehud Barak,1
Tom Barrack,Tom Barrack,1
Bandar Prince,Bandar Prince,1
Varecia Roberts,Varecia Roberts,1
Ramon Gonzalez,Ramon Gonzalez,1
Ruben Martinez,Ruben Martinez,1
Mike Semons,Mike Semons,1
Helley Lewis,Helley Lewis,1
Larsen Janet,Larsen Janet,1
Laurie Jonathan,Laurie Jonathan,1
Lawton Paul,Lawton Paul,1
Lazar Christophe,Lazar Christophe,1
Lazar Marie,Lazar Marie,1
Lavlada Laura Db De,Lavlada Laura Db De,1
Le Bon Simon,Le Bon Simon,1
Le Bon Jasmine,Le Bon Jasmine,1
Le Fur Jean-Yves,Le Fur Jean-Yves,1
Le Mara Willie,Le Mara Willie,1
Lawford Christopher,Lawford Christopher,1
Lawford Jean,Lawford Jean,1
Lea Piers,Lea Piers,1
Leeds Jeffrey,Leeds Jeffrey,1
Lefcourt Jerry,Lefcourt Jerry,1
Lester Dominick,Lester Dominick,1
Levine Philip,Levine Philip,1
Liman Doug,Liman Doug,1
Lindeman-Barnet Sloan,Lindeman-Barnet Sloan,1
Lindeman-Barnet Roger,Lindeman-Barnet Roger,1
Wyntik Wayne,Wyntik Wayne,1
Bard Perry,Bard Perry,1
Sternberg Esther,Sternberg Esther,1
Tom Maggie,Tom Maggie,1
Victor Steve,Victor Steve,1
Devito Dawn,Devito Dawn,1
Goldman Francis,Goldman Francis,1
Goldsmith Gerald,Goldsmith Gerald,1
Gaje Christophe,Gaje Christophe,1
Glick Howard,Glick Howard,1
Gold Bob,Gold Bob,1
Goodman Bob,Goodman Bob,1
Gray Vicki,Gray Vicki,1
Grixnove Svetlana,Grixnove Svetlana,1
Guggenheim Eileen,Guggenheim Eileen,1
Harold Mollin,Harold Mollin,1
Hashemi Jalila,Hashemi Jalila,1
Hedberg Gregory Margaret,Hedberg Gregory Margaret,1
Heil Paula,Heil Paula,1
Hunter Joey,Hunter Joey,1
Indyke Darren K,Indyke Darren K,1
Sandy Pittman,Sandy Pittman,1
Richard Plepler,Richard Plepler,1
Diane Denis Plouvier,Diane Denis Plouvier,1
Jeffrey Podolsky,Jeffrey Podolsky,1
George Polk,George Polk,1
Edoardo Polli,Edoardo Polli,1
Emmanuelle Polu,Emmanuelle Polu,1
Isabelle Polu,Isabelle Polu,1
Clary Polu,Clary Polu,1
Ivanisevic Porrin,Ivanisevic Porrin,1
Pliny Porter,Pliny Porter,1
Pascal Porthault,Pascal Porthault,1
Emmanuelle Porthault,Emmanuelle Porthault,1
Remi Isabel Porthault,Remi Isabel Porthault,1
Meryl Poster,Meryl Poster,1
Muffie Potter,Muffie Potter,1
Electra Prestin,Electra Prestin,1
Catherine Prevost,Catherine Prevost,1
Charles H Price,Charles H Price,1
Thomas Pritzker,Thomas Pritzker,1
Sonia Pupolo,Sonia Pupolo,1
Judy Price,Judy Price,1
Elroy Princess,Elroy Princess,1
Nick Pritzker,Nick Pritzker,1
Rodney Propp,Rodney Propp,1
Laudomia Pucci,Laudomia Pucci,1
Marc Puig,Marc Puig,1
Taria Puig,Taria Puig,1
David Puttman,David Puttman,1
Chris Pymont,Chris Pymont,1
Alan Quartucci,Alan Quartucci,1
Topper Quinn,Topper Quinn,1
Allison Nathan,Allison Nathan,1
Kimberly Espinoza,Kimberly Espinoza,1
Epstein Mark,Epstein Mark,1
Farkas Andrew,Farkas Andrew,1
Farkas Jonathan D,Farkas Jonathan D,1
Foster Taylor,Foster Taylor,1
Gany Eric,Gany Eric,1
Gelf-Man Murray,Gelf-Man Murray,1
Gitman Kenneth,Gitman Kenneth,1
Maxine Tobias,Maxine Tobias,1
Bruce Cope,Bruce Cope,1
Dean Calakos,Dean Calakos,1
J R Gaynor,J R Gaynor,1
Susan Kent,Susan Kent,1
Michael Krumholtz,Michael Krumholtz,1
J Meltzer,J Meltzer,1
Bruce Moskowitz,Bruce Moskowitz,1
Lindemann Adam Elizabeth,Lindemann Adam Elizabeth,1
Lindemann George Freida,Lindemann George Freida,1
Lindsay Alex Jacyn,Lindsay Alex Jacyn,1
Lindsey Ludovic,Lindsey Ludovic,1
Lindsey Blake,Lindsey Blake,1
Linley David,Linley David,1
Liongos Babis,Liongos Babis,1
Lister Paul,Lister Paul,1
Livanos Arrietta,Livanos Arrietta,1
Lo Cascio Robert,Lo Cascio Robert,1
Loeb Alex,Loeb Alex,1
Lonsdale Richard,Lonsdale Richard,1
Lorenzoti Eva Vivre,Lorenzoti Eva Vivre,1
Lorimer John Lottie,Lorimer John Lottie,1
Louthan Guy J,Louthan Guy J,1
Love Courtney,Love Courtney,1
Lowell Ivana,Lowell Ivana,1
Loyd Mark,Loyd Mark,1
Lucas Colin,Lucas Colin,1
Mack Carol Earl,Mack Carol Earl,1
Moseley Brian,Moseley Brian,1
Roberts Theresa,Roberts Theresa,1
Romualdez Daniel,Romualdez Daniel,1
Sanchez Carlos,Sanchez Carlos,1
Eshed Elisa,Eshed Elisa,1
Evani Duud Efrat,Evani Duud Efrat,1
Gil Avi,Gil Avi,1
Gutman Arik,Gutman Arik,1
Neima Yakhof,Neima Yakhof,1
Olmert Ehud,Olmert Ehud,1
Defendant Noel,Defendant Noel,1
Defendant Thomas,Defendant Thomas,1
Nrc Thomas,Nrc Thomas,1
Qadriyyah Hill-Lora,Qadriyyah Hill-Lora,1
M Dixon,M Dixon,1
Jagger Hatti,Jagger Hatti,1
Jarecki Nancy,Jarecki Nancy,1
Jeffries Tim,Jeffries Tim,1
Jameel Mohammad,Jameel Mohammad,1
Jarecki Niki,Jarecki Niki,1
Johnson Richard,Johnson Richard,1
Johnson Lucy,Johnson Lucy,1
Jones Ann,Jones Ann,1
Josephson Barry,Josephson Barry,1
Karelia Kalliopi,Karelia Kalliopi,1
Michael Rena,Michael Rena,1
Kastner Ron,Kastner Ron,1
Katz Anton,Katz Anton,1
Robin Plant,Robin Plant,1
Elizabeth Saltzman,Elizabeth Saltzman,1
Mia Samuels,Mia Samuels,1
Jon Corrie Sandelmar,Jon Corrie Sandelmar,1
Guy Fi Sangster,Guy Fi Sangster,1
Ben Sangster,Ben Sangster,1
Julio Mario Santo Domingo,Julio Mario Santo Domingo,1
M Espirito Santo,M Espirito Santo,1
Prince Solman Saud,Prince Solman Saud,1
Randall Scarbo,Randall Scarbo,1
Gianmarco Schiatti,Gianmarco Schiatti,1
Helen Tim Schifter,Helen Tim Schifter,1
Simon Santa Sebag Montefiore,Simon Santa Sebag Montefiore,1
Christine Seilern,Christine Seilern,1
Isabel De Sejournet,Isabel De Sejournet,1
Benny Shabtai,Benny Shabtai,1
Brenda Shad,Brenda Shad,1
Andre Angie Shearer,Andre Angie Shearer,1
Chris And Maura Shore,Chris And Maura Shore,1
Bobby Shriver,Bobby Shriver,1
Maria Shriver,Maria Shriver,1
Arellano Victor,Arellano Victor,1
Arion Joaquin Fernandez De,Arion Joaquin Fernandez De,1
Arion Fernando,Arion Fernando,1
Armstrong Arthur Cathy,Armstrong Arthur Cathy,1
Aron Herv Marine,Aron Herv Marine,1
Ash Lorinda,Ash Lorinda,1
Ashley Allegra Hicks,Ashley Allegra Hicks,1
Ashley Nick Ari,Ashley Nick Ari,1
Assaf Charlotte Vittorio,Assaf Charlotte Vittorio,1
Astaire Simon,Astaire Simon,1
Astor Viscount William,Astor Viscount William,1
Atkin Helene,Atkin Helene,1
Atkin Mike Aml,Atkin Mike Aml,1
Aznar Jose,Aznar Jose,1
Baddeley Jean,Baddeley Jean,1
Bahrke Peter,Bahrke Peter,1
Baker Danny,Baker Danny,1
Bakhtiar Shariar,Bakhtiar Shariar,1
John Keliv,John Keliv,1
Gary Kernev,Gary Kernev,1
Rhonda King,Rhonda King,1
Shelley Ahoff,Shelley Ahoff,1
Dick Cowley,Dick Cowley,1
Sam Domb,Sam Domb,1
Garnero Mario B,Garnero Mario B,1
Rob Bourne,Rob Bourne,1
Sharon Hubyak,Sharon Hubyak,1
Alala Azzedine,Alala Azzedine,1
Enstein Jeffrey,Enstein Jeffrey,1
Crabbe Sophie,Crabbe Sophie,1
Cudro Alistair,Cudro Alistair,1
Curry R Boykin,Curry R Boykin,1
Cutter Amanda,Cutter Amanda,1
Branka Christopher,Branka Christopher,1
D'Abo Henri,D'Abo Henri,1
Dabbach Amr A,Dabbach Amr A,1
Dahl Sophie,Dahl Sophie,1
Darrin Drake,Darrin Drake,1
Dartmouth William,Dartmouth William,1
Davies Jeff,Davies Jeff,1
D'Abo Jennifer,D'Abo Jennifer,1
D'Alessie Garman,D'Alessie Garman,1
D'Arenberg Prince Pierre,D'Arenberg Prince Pierre,1
D'Uzes Jacques De Crussol,D'Uzes Jacques De Crussol,1
Davies David,Davies David,1
Davis Michael,Davis Michael,1
Day Nick,Day Nick,1
De Andrade Marcelo,De Andrade Marcelo,1
Dana Hammond,Dana Hammond,1
Sharon Handler,Sharon Handler,1
Ernst Hanover,Ernst Hanover,1
Chantal Hanover,Chantal Hanover,1
Brook Hanson,Brook Hanson,1
Lord Hanson,Lord Hanson,1
Lady Hanson,Lady Hanson,1
Rob Hanson,Rob Hanson,1
Marie Hapsburg,Marie Hapsburg,1
Victoria Harvey,Victoria Harvey,1
Isabelle Harvie-Watt,Isabelle Harvie-Watt,1
Nick Haslam,Nick Haslam,1
Craig Hatkoff,Craig Hatkoff,1
Jane Hatkoff,Jane Hatkoff,1
Marc De Hauteville,Marc De Hauteville,1
Henry Hay,Henry Hay,1
Patricia Hay,Patricia Hay,1
Raggie Hayworth,Raggie Hayworth,1
Clare Hazell-Jeagh,Clare Hazell-Jeagh,1
Barry Hearn,Barry Hearn,1
Susan Hearn,Susan Hearn,1
Allison Stern,Allison Stern,1
Leonard Stracher,Leonard Stracher,1
Kate Stracher,Kate Stracher,1
Stuart Sundlun,Stuart Sundlun,1
James Sunley,James Sunley,1
Amanda Sunley,Amanda Sunley,1
Michael Stevens,Michael Stevens,1
Charlie Stopford-Sackville,Charlie Stopford-Sackville,1
Harry Sutherland,Harry Sutherland,1
Peter Svenlinson,Peter Svenlinson,1
Sophie Swire,Sophie Swire,1
Lucy Ewen Sykes,Lucy Ewen Sykes,1
Hugo Swire,Hugo Swire,1
Jenny Swire,Jenny Swire,1
Mark Swire,Mark Swire,1
Paul Taaffe,Paul Taaffe,1
Karim Tabet,Karim Tabet,1
Cristina Tabet,Cristina Tabet,1
Simon Talbot Williams,Simon Talbot Williams,1
David Tang,David Tang,1
Lucy Wastnag,Lucy Wastnag,1
Yariv Zahoul,Yariv Zahoul,1
Yugoslavia Prince Michel Of,Yugoslavia Prince Michel Of,1
Zawauri Waleed,Zawauri Waleed,1
Ziikha Bettina,Ziikha Bettina,1
Yates Andrew,Yates Andrew,1
Zecher Blbi,Zecher Blbi,1
Julia Walters,Julia Walters,1
Zipp Brian,Zipp Brian,1
Young Toby,Young Toby,1
Yugoslavia Serge De,Yugoslavia Serge De,1
Zeff Mark,Zeff Mark,1
Younger Tracy,Younger Tracy,1
Lee Greg,Lee Greg,1
Zacks Gordon,Zacks Gordon,1
Dionne Ryan,Dionne Ryan,1
Yugoslavia Dimitri,Yugoslavia Dimitri,1
Zales Alexi,Zales Alexi,1
Zeiler John,Zeiler John,1
Zangrillo Paige,Zangrillo Paige,1
Zevi Dino,Zevi Dino,1
Geffert Scott,Geffert Scott,1
Evans Chris,Evans Chris,1
Evehart Angie,Evehart Angie,1
Faber David,Faber David,1
Faber Sally,Faber Sally,1
Brook Johnson,Brook Johnson,1
Faibairn Charlotte,Faibairn Charlotte,1
Hamish Fraser,Hamish Fraser,1
Fairfax The Hon Rupert,Fairfax The Hon Rupert,1
Fairweather Natasha,Fairweather Natasha,1
Fairweather Catherine,Fairweather Catherine,1
Lady Patrick,Lady Patrick,1
Fakhre Armado,Fakhre Armado,1
Fakhre Danny,Fakhre Danny,1
Falletans Olivier De,Falletans Olivier De,1
Fall Meredith,Fall Meredith,1
Fallah Christina,Fallah Christina,1
Jon Robe,Jon Robe,1
Faulkner Terence,Faulkner Terence,1
Feeley Fiona,Feeley Fiona,1
Fekkai Frederic,Fekkai Frederic,1
Dave Macmillan,Dave Macmillan,1
Bella Macmillan,Bella Macmillan,1
Philip Mallinckrodt,Philip Mallinckrodt,1
Alessandro Manfredini,Alessandro Manfredini,1
Ira C Magaziner,Ira C Magaziner,1
Josh Mailman,Josh Mailman,1
John Manconi,John Manconi,1
Eddie Mangone,Eddie Mangone,1
Jennifer Maquire,Jennifer Maquire,1
Harry Malek,Harry Malek,1
Didi Malek,Didi Malek,1
Mandela Malenga,Mandela Malenga,1
Mache Malenga,Mache Malenga,1
Eddie Manners,Eddie Manners,1
Giovanni Mahler,Giovanni Mahler,1
Sean Mahoney,Sean Mahoney,1
Marjorie Malina,Marjorie Malina,1
Shelly Malkin,Shelly Malkin,1
Tony Malkin,Tony Malkin,1
Miss Lucy Manners,Miss Lucy Manners,1
Martin Tim,Martin Tim,1
Debbie Stewart,Debbie Stewart,1
O'Neil Nessa,O'Neil Nessa,1
Outred Anthony,Outred Anthony,1
Ray John,Ray John,1
Coples Alan,Coples Alan,1
Henry Kravls,Henry Kravls,1
Robin Leach,Robin Leach,1
Nick Lease,Nick Lease,1
Cindy Lopez Buklarewicz,Cindy Lopez Buklarewicz,1
Melinda Luftz,Melinda Luftz,1
John Welsh Box,John Welsh Box,1
Karen Erdalko,Karen Erdalko,1
C Thomas Mcmillen,C Thomas Mcmillen,1
Thomas C Mcmillen,Thomas C Mcmillen,1
Louis Albert De Broglie,Louis Albert De Broglie,1
Chris Alison Brown,Chris Alison Brown,1
James Lucinda Bruce,James Lucinda Bruce,1
Tania Bryer,Tania Bryer,1
Christoper Amanda Brooks,Christoper Amanda Brooks,1
Jules Burney,Jules Burney,1
Joan Juliet Buck,Joan Juliet Buck,1
Jimmy Jane Buffet,Jimmy Jane Buffet,1
Miranda Brooks,Miranda Brooks,1
Bartie Bull,Bartie Bull,1
Martin Burtril,Martin Burtril,1
Hamish And Emma Bullough,Hamish And Emma Bullough,1
Candice Bushnell,Candice Bushnell,1
Oxenberg Christina,Oxenberg Christina,1
Marc Yaggi,Marc Yaggi,1
Paini Nicole,Paini Nicole,1
Palau Marcia,Palau Marcia,1
Palmer Tomkinson Tara,Palmer Tomkinson Tara,1
Palumbo James,Palumbo James,1
Palumbo Peter,Palumbo Peter,1
Panah-Izadi Nader,Panah-Izadi Nader,1
Pank Victoria,Pank Victoria,1
Alby Carlo,Alby Carlo,1
Parker Jackie,Parker Jackie,1
Parsons Carolina,Parsons Carolina,1
Paschen Elise,Paschen Elise,1
Pashcow Joel,Pashcow Joel,1
Pastrana Andres,Pastrana Andres,1
Patricof Alan,Patricof Alan,1
Paulson John,Paulson John,1
Pashcow Stacey,Pashcow Stacey,1
Pavoncelli Cosima,Pavoncelli Cosima,1
Trump Robert Blaine,Trump Robert Blaine,1
Tucker Chris,Tucker Chris,1
Turlington Christy,Turlington Christy,1
Turnbull Governor Charles,Turnbull Governor Charles,1
Turner Jenny,Turner Jenny,1
Turner Miles Creswell,Turner Miles Creswell,1
Tyssen Chessy Francesca,Tyssen Chessy Francesca,1
Urbiola Jorge,Urbiola Jorge,1
Vahabzadeh Iraj And Linda,Vahabzadeh Iraj And Linda,1
Van Hauen Sophie,Van Hauen Sophie,1
Van William Straubenzee,Van William Straubenzee,1
Varsavsky Martin,Varsavsky Martin,1
Velasquez Patricia,Velasquez Patricia,1
Verdin Julia,Verdin Julia,1
Verdin-Mulot Annie Jp,Verdin-Mulot Annie Jp,1
Villani Carmine S,Villani Carmine S,1
Villeneuve Jacques,Villeneuve Jacques,1
Vittadini Emanuele A,Vittadini Emanuele A,1
Gertler Eric,Gertler Eric,1
Getty Pia And Chris,Getty Pia And Chris,1
Gibbs Emma,Gibbs Emma,1
Gibson Caroline,Gibson Caroline,1
Gillifilan Andrew,Gillifilan Andrew,1
Gillford Lord Lady,Gillford Lord Lady,1
Gillmour Andrew Emma,Gillmour Andrew Emma,1
Ginsberg Gary,Ginsberg Gary,1
Gittis Howard,Gittis Howard,1
Giussani Luca,Giussani Luca,1
Glanville Mary,Glanville Mary,1
Glass Charlie,Glass Charlie,1
Glentworth Edmund Emily,Glentworth Edmund Emily,1
Goess Pilar,Goess Pilar,1
Goldberg Ellen,Goldberg Ellen,1
Goldsmith Isabel,Goldsmith Isabel,1
Golinkin Sandy,Golinkin Sandy,1
Gomez Thomas,Gomez Thomas,1
Patrick De Baecque,Patrick De Baecque,1
Jean Paulette Dedieu,Jean Paulette Dedieu,1
Cass Ted Derby Earl Cntess,Cass Ted Derby Earl Cntess,1
Debbie Dickenson,Debbie Dickenson,1
Milly De Cabrol,Milly De Cabrol,1
Alen De Cadenat,Alen De Cadenat,1
Marc Antoine And Cath Dietrich,Marc Antoine And Cath Dietrich,1
Luca Del Bono,Luca Del Bono,1
Paul Laura Dietrich,Paul Laura Dietrich,1
Hermine De Clermont-Tonnerre,Hermine De Clermont-Tonnerre,1
Ros Jonathan Derby,Ros Jonathan Derby,1
Anouckle De Georgiou,Anouckle De Georgiou,1
Adam Defl,Adam Defl,1
Charlotte Di Vita,Charlotte Di Vita,1
Dina Fouard Chartouni Deluca,Dina Fouard Chartouni Deluca,1
Johnathan Dimelby,Johnathan Dimelby,1
Je Claire Hazel,Je Claire Hazel,1
Paul Epsen,Paul Epsen,1
Ns More,Ns More,1
Cecilia Szalman,Cecilia Szalman,1
Ganero Mario,Ganero Mario,1
Jonathan Mermagon,Jonathan Mermagon,1
Justin Metcalf,Justin Metcalf,1
Melanie Metcalf,Melanie Metcalf,1
Jullan Metcalf,Jullan Metcalf,1
Julian Metcalfe,Julian Metcalfe,1
Melanie Metcalfe,Melanie Metcalfe,1
Justin Metcalfe,Justin Metcalfe,1
Joane Metcalfe,Joane Metcalfe,1
Robin Melz,Robin Melz,1
Tony Meyer,Tony Meyer,1
Fev Micklethwait,Fev Micklethwait,1
John Micklethwait,John Micklethwait,1
Gianluca Milani,Gianluca Milani,1
George Milford Haven,George Milford Haven,1
Clare Milford Haven,Clare Milford Haven,1
Sarah Milford Haven,Sarah Milford Haven,1
Nicole Miller,Nicole Miller,1
Kim Talpale Miller,Kim Talpale Miller,1
Cheryl Mills,Cheryl Mills,1
Carie Minot,Carie Minot,1
Bell Minot,Bell Minot,1
George Minot,George Minot,1
Susan Minot,Susan Minot,1
Kevin Mischer,Kevin Mischer,1
Daniela Modaffari,Daniela Modaffari,1
Cico Moncada,Cico Moncada,1
Douglas A Schoettle,Douglas A Schoettle,1
Monty Shadow,Monty Shadow,1
David Shaeffer,David Shaeffer,1
Richard Snyder,Richard Snyder,1
Laura Yorke,Laura Yorke,1
Melissa Solomon,Melissa Solomon,1
Dottie Sowell,Dottie Sowell,1
Warren Specter,Warren Specter,1
Caroline Stark,Caroline Stark,1
Kim Steel,Kim Steel,1
Andrew Stein,Andrew Stein,1
Ann Stock,Ann Stock,1
Linda Stone,Linda Stone,1
Lawrence S Stroll,Lawrence S Stroll,1
Ambassador Wilson,Ambassador Wilson,1
Balazs Andro,Balazs Andro,1
Bamford Sir Anthony And Lady C,Bamford Sir Anthony And Lady C,1
Bands Doug,Bands Doug,1
Baldwin Ale,Baldwin Ale,1
Bamford Georgealice,Bamford Georgealice,1
Bannister Clive,Bannister Clive,1
Banon Javier,Banon Javier,1
Barham Nicholas Gretal,Barham Nicholas Gretal,1
Barnes Peter,Barnes Peter,1
Barnett Craig,Barnett Craig,1
Bastone Hillary,Bastone Hillary,1
Batstone Hillary,Batstone Hillary,1
Elizabeth B Prelogar,Elizabeth B Prelogar,1
Tim Batstone,Tim Batstone,1
Natasha Benson,Natasha Benson,1
Steven Benson,Steven Benson,1
Bill Berkman,Bill Berkman,1
Debbie Bismarck,Debbie Bismarck,1
Bola Von Bismarck,Bola Von Bismarck,1
Lorenzo Baumer,Lorenzo Baumer,1
Baron Bentinck,Baron Bentinck,1
Tara Bernard,Tara Bernard,1
Vanessa Von Bismarck,Vanessa Von Bismarck,1
Lord Beaumont,Lord Beaumont,1
Lady Beaumont,Lady Beaumont,1
Nicolas Berggruen,Nicolas Berggruen,1
Martyn Birchall,Martyn Birchall,1
Robin Birley,Robin Birley,1
Jean Marc Bisson,Jean Marc Bisson,1
Tamara Beckwith,Tamara Beckwith,1
Lisa Belzberg,Lisa Belzberg,1
Jean Paul Bjorlin,Jean Paul Bjorlin,1
Thomas H Quinn,Thomas H Quinn,1
Stan Schaeffer,Stan Schaeffer,1
Stuart Pivar,Stuart Pivar,1
Lewis S Ranieri,Lewis S Ranieri,1
Ed Razek,Ed Razek,1
Dara Preece,Dara Preece,1
Daniel Reynolds,Daniel Reynolds,1
Oliver Sacks,Oliver Sacks,1
Hawk Sawyer,Hawk Sawyer,1
Ted Cruz,Ted Cruz,1
Charlie Kit Money Kryle,Charlie Kit Money Kryle,1
Cesar Montemayor,Cesar Montemayor,1
Riccardo Monti,Riccardo Monti,1
Deborah Moore,Deborah Moore,1
Juliet Chris Moore,Juliet Chris Moore,1
Geoffrey Moore,Geoffrey Moore,1
Stephen Morris,Stephen Morris,1
Nick Lucy Morris,Nick Lucy Morris,1
Giai Averell Mortimer,Giai Averell Mortimer,1
Peter Morton,Peter Morton,1
Robert Morton,Robert Morton,1
Alan Mruvka,Alan Mruvka,1
Donald Munro,Donald Munro,1
Rupert Murdoch,Rupert Murdoch,1
Kate Murray Phillipson,Kate Murray Phillipson,1
Murray Philipson,Murray Philipson,1
Tertiouscla Murray Threlpland,Tertiouscla Murray Threlpland,1
Jean Pierre Murray,Jean Pierre Murray,1
Mark Villafana,Mark Villafana,1
Pedro Diniz,Pedro Diniz,1
Dale Dlerassi,Dale Dlerassi,1
Alex Dolbey,Alex Dolbey,1
Suzie Dolbey,Suzie Dolbey,1
Diandra Douglas,Diandra Douglas,1
Alegra Donne,Alegra Donne,1
Minnie Driver,Minnie Driver,1
Anthony V Dubb,Anthony V Dubb,1
Peter Dubbens,Peter Dubbens,1
Glen Dublin,Glen Dublin,1
Jeremy Drax,Jeremy Drax,1
Bernard Dreesmann,Bernard Dreesmann,1
Louis Dublin,Louis Dublin,1
Tiffany Dublin,Tiffany Dublin,1
Judge Sweeney,Judge Sweeney,1
William Gomme,William Gomme,1
Emma Gomme,Emma Gomme,1
Jacob Gordon,Jacob Gordon,1
Juliet Gore,Juliet Gore,1
Steve Gottlieb,Steve Gottlieb,1
Dimitri Goulandris,Dimitri Goulandris,1
Lorenzo Grabau,Lorenzo Grabau,1
Francoise Graff,Francoise Graff,1
David Granby,David Granby,1
Jacques Grange,Jacques Grange,1
Jamie Grant,Jamie Grant,1
Princess Olga Of Greece,Princess Olga Of Greece,1
Mc Greece,Mc Greece,1
Pavlos Greece,Pavlos Greece,1
Deborah Green,Deborah Green,1
Jeremy Green,Jeremy Green,1
Judy Green,Judy Green,1
Geordie Gregg,Geordie Gregg,1
Katherine Gregg,Katherine Gregg,1
Natasha Grenfell,Natasha Grenfell,1
Ted Griffen,Ted Griffen,1
Nina Griscom,Nina Griscom,1
Pamela Gross,Pamela Gross,1
Jimmy Finkelst,Jimmy Finkelst,1
Bernard B Bock,Bernard B Bock,1
Theodoli Catherine,Theodoli Catherine,1
Tholstrup Moegens,Tholstrup Moegens,1
Tholstrup Paola,Tholstrup Paola,1
Thompson Barnaby,Thompson Barnaby,1
Tisch David,Tisch David,1
Tisch Meryl And Jimmy,Tisch Meryl And Jimmy,1
Tish Anne Andrew,Tish Anne Andrew,1
Titopupolo Sonia,Titopupolo Sonia,1
Todhunter Emily Olypitts,Todhunter Emily Olypitts,1
Toledo Ignacio Alvarez De,Toledo Ignacio Alvarez De,1
Tollman Bea,Tollman Bea,1
Tollman Brett,Tollman Brett,1
Tollman Syrie Gavin,Tollman Syrie Gavin,1
Tollman Wyne,Tollman Wyne,1
Toub Veronica Busson,Toub Veronica Busson,1
Treacy Philip,Treacy Philip,1
Trump Blaine Robert,Trump Blaine Robert,1
Trump Ivana,Trump Ivana,1
Trump Ivanka,Trump Ivanka,1
Arki Busson,Arki Busson,1
Alain Cadenet De,Alain Cadenet De,1
Charlie Butter,Charlie Butter,1
Jason Calacanis,Jason Calacanis,1
Terri Button,Terri Button,1
Robert Byng,Robert Byng,1
Marioarladne Caiyo-Platero,Marioarladne Caiyo-Platero,1
Roddy Cambell,Roddy Cambell,1
Alistar Cambell,Alistar Cambell,1
Giancarlo Camerana,Giancarlo Camerana,1
Naomi Campbell,Naomi Campbell,1
Brooke Emilio Campo Del,Brooke Emilio Campo Del,1
Andrew De Candole,Andrew De Candole,1
Nicholas A C Candy,Nicholas A C Candy,1
Nicky Caledon,Nicky Caledon,1
Pearson Hon Charles,Pearson Hon Charles,1
Pease Simon Clem,Pease Simon Clem,1
Pedrini Lorenzo,Pedrini Lorenzo,1
Pedrini Tito,Pedrini Tito,1
Pekeler Marcus,Pekeler Marcus,1
Peltz Harlan,Peltz Harlan,1
Perlman Ronald,Perlman Ronald,1
Petangi Helius,Petangi Helius,1
Peters John,Peters John,1
Peterson Holly,Peterson Holly,1
Peterson Riki,Peterson Riki,1
Pham Linh-Dan Andrew,Pham Linh-Dan Andrew,1
Picasso Olivier Alice,Picasso Olivier Alice,1
Picciotto Michael,Picciotto Michael,1
Pittman Bob Veronique,Pittman Bob Veronique,1
Pickering Jane William Nic,Pickering Jane William Nic,1
Pignatelli Frederico,Pignatelli Frederico,1
Pigozzi Jean,Pigozzi Jean,1
Walter Isaacson,Walter Isaacson,1
Randy James,Randy James,1
Myieng Jampanol,Myieng Jampanol,1
Gloria Jarecki,Gloria Jarecki,1
Pamela Johanoff,Pamela Johanoff,1
Lily Johnson,Lily Johnson,1
Elizabeth Libit Johnson,Elizabeth Libit Johnson,1
Sen John Kerry,Sen John Kerry,1
Jack Kessler,Jack Kessler,1
Kristina Kincald,Kristina Kincald,1
Magali Blachon,Magali Blachon,1
Gary Baura Flowers,Gary Baura Flowers,1
Lynn Jojo Fontanilla,Lynn Jojo Fontanilla,1
Steve Gaston,Steve Gaston,1
Tompat Sawyers,Tompat Sawyers,1
Manners Tarssa,Manners Tarssa,1
Manzano Jose Luis,Manzano Jose Luis,1
Manzano Aleiandra,Manzano Aleiandra,1
Mappin John,Mappin John,1
Margolis Eric,Margolis Eric,1
Marks Stephan,Marks Stephan,1
Marks Alisa,Marks Alisa,1
Marocco Manilo,Marocco Manilo,1
Marocco Pia,Marocco Pia,1
Marterler Astrid,Marterler Astrid,1
Martins Peter,Martins Peter,1
Marzotto Matteo,Marzotto Matteo,1
Marsh Jeremy,Marsh Jeremy,1
Mason Christopher,Mason Christopher,1
Massimo Parisi,Massimo Parisi,1
Mattsson Carolina,Mattsson Carolina,1
Mavroleon Caitlin,Mavroleon Caitlin,1
Mavroleon Basil,Mavroleon Basil,1
Mavroleon Catarina,Mavroleon Catarina,1
Mavroleon Carlos,Mavroleon Carlos,1
John M Martel,John M Martel,1
Vera M Scanlon,Vera M Scanlon,1
Katielynn Townsend,Katielynn Townsend,1
Francesca Piperato,Francesca Piperato,1
Andrew Feldman,Andrew Feldman,1
Helena Feltix,Helena Feltix,1
David Anne Fell,David Anne Fell,1
Leonardo Beatrice Ferragamo,Leonardo Beatrice Ferragamo,1
Hugo Ferranti,Hugo Ferranti,1
Brian Ferry,Brian Ferry,1
Martin Fiennes,Martin Fiennes,1
Ralph Fiennes,Ralph Fiennes,1
Suzzana Fiennes,Suzzana Fiennes,1
Chuck Fifer,Chuck Fifer,1
Christopher Charlotte Figg,Christopher Charlotte Figg,1
Charles Finch,Charles Finch,1
Howard Finkelstein,Howard Finkelstein,1
Princess Firyal,Princess Firyal,1
Dan Fisher,Dan Fisher,1
Alec Thomas,Alec Thomas,1
Adam A Richman,Adam A Richman,1
Nel Coleman,Nel Coleman,1
T Husmann,T Husmann,1
Boba Mcintyre,Boba Mcintyre,1
Samuel Perkaus,Samuel Perkaus,1
David Williams-Ellis,David Williams-Ellis,1
Serena Williams-Ellis,Serena Williams-Ellis,1
Tim Windsor-Taylor,Tim Windsor-Taylor,1
Helen Windsor-Taylor,Helen Windsor-Taylor,1
Andy Wong,Andy Wong,1
Theodore Wong,Theodore Wong,1
Marq Worcester,Marq Worcester,1
Marc Worcester,Marc Worcester,1
Rebecca Willls,Rebecca Willls,1
Steve Winn,Steve Winn,1
Elizabeth Winston,Elizabeth Winston,1
Emily Woods,Emily Woods,1
Carrie Woods,Carrie Woods,1
Jim Wyatt,Jim Wyatt,1
Alex Wilmot-Sitwell,Alex Wilmot-Sitwell,1
Fi Wilmot-Sitwell,Fi Wilmot-Sitwell,1
Carter Wilson,Carter Wilson,1
Manfred Windisch Grazot,Manfred Windisch Grazot,1
George Wipple,George Wipple,1
Carol Wolper,Carol Wolper,1
Trinny Woodall,Trinny Woodall,1
Alexa Woodward,Alexa Woodward,1
Shaun Woodward,Shaun Woodward,1
Camilia Woodward,Camilia Woodward,1
Steve Wyatt,Steve Wyatt,1
Cate Wyatt,Cate Wyatt,1
Mai Yamani,Mai Yamani,1
Nadler Emmanuel,Nadler Emmanuel,1
Nagel Adam,Nagel Adam,1
Nagel William,Nagel William,1
Nardi Doit M Jacope,Nardi Doit M Jacope,1
Nastasse Ille,Nastasse Ille,1
Negrete Jelitza,Negrete Jelitza,1
Nell Andrew,Nell Andrew,1
Newman Hetty,Newman Hetty,1
Newman John,Newman John,1
Ng Ellye,Ng Ellye,1
Niarchos Constantine,Niarchos Constantine,1
Nickerson William Jayne,Nickerson William Jayne,1
Nishio Yoshi,Nishio Yoshi,1
Noel Allx,Noel Allx,1
Noel Hon Thomas,Noel Hon Thomas,1
Noel Vanessa,Noel Vanessa,1
Noha Cecilia,Noha Cecilia,1
Noonan Tim,Noonan Tim,1
Nuttall Harry,Nuttall Harry,1
Kristen Caf,Kristen Caf,1
Timothy W Tim Newcombe,Timothy W Tim Newcombe,1
Bob Oatman,Bob Oatman,1
Selma Querlani,Selma Querlani,1
Michael Ovitz,Michael Ovitz,1
Mark Packer,Mark Packer,1
Lisa Phillips,Lisa Phillips,1
Larry Newman,Larry Newman,1
Cristalle Wasche,Cristalle Wasche,1
Jim Whitehead,Jim Whitehead,1
Herb Wolman,Herb Wolman,1
Katelynn Townsend,Katelynn Townsend,1
Manoli Mavroleon,Manoli Mavroleon,1
Bluey Mavroleon,Bluey Mavroleon,1
Nicholas Barbara Mavroleon,Nicholas Barbara Mavroleon,1
Anne Maxwell Laurens,Anne Maxwell Laurens,1
Christine Maxwell Malina,Christine Maxwell Malina,1
Debbie Maxwell,Debbie Maxwell,1
Phillip Maxwell,Phillip Maxwell,1
E Maxwell,E Maxwell,1
Ian Tara Maxwell,Ian Tara Maxwell,1
Kevin And Pandora Maxwell,Kevin And Pandora Maxwell,1
Sure Chief,Sure Chief,1
Tracy Mattice,Tracy Mattice,1
Andrew Wa,Andrew Wa,1
Barbara Blaine,Barbara Blaine,1
David Blaine,David Blaine,1
Tony Blair,Tony Blair,1
Mike Bloomberg,Mike Bloomberg,1
Blogs Blacker,Blogs Blacker,1
Jill Blacker,Jill Blacker,1
Serena Boardman,Serena Boardman,1
Johnie Boden,Johnie Boden,1
Sophie Boden,Sophie Boden,1
Daniel Bodini,Daniel Bodini,1
Edward De Boisgelin,Edward De Boisgelin,1
Pierre De Boisquilbert,Pierre De Boisquilbert,1
Anabelle Bond,Anabelle Bond,1
Andrea Bonomi,Andrea Bonomi,1
Giota Bonomi,Giota Bonomi,1
Nicholas Bookis,Nicholas Bookis,1
Mark Booth,Mark Booth,1
Lauren Booth,Lauren Booth,1
Christina A Boothe,Christina A Boothe,1
Paulo Borgese,Paulo Borgese,1
Michael Borrico,Michael Borrico,1
Eric J Sarraga,Eric J Sarraga,1
Peter Dubin,Peter Dubin,1
Duchess Of York,Duchess Of York,1
Duke Of York,Duke Of York,1
Francesco Ducrey-Giordano,Francesco Ducrey-Giordano,1
Paul Duesing,Paul Duesing,1
Miranda Dunbar Johnson,Miranda Dunbar Johnson,1
Steph Dunbar Johnson,Steph Dunbar Johnson,1
Griffin Dunne,Griffin Dunne,1
Philip Dunne,Philip Dunne,1
Dominice Dunne,Dominice Dunne,1
Anh Dunna,Anh Dunna,1
Luigi Durso,Luigi Durso,1
John Duthie,John Duthie,1
Charlotte Duthie,Charlotte Duthie,1
Umar Dzhabrailou,Umar Dzhabrailou,1
Bernie Ecclestone,Bernie Ecclestone,1
Paul Eckon,Paul Eckon,1
Lucinda Edsel,Lucinda Edsel,1
Flick Mook,Flick Mook,1
Foman Bobby Jeanette,Foman Bobby Jeanette,1
Forbes Zandy,Forbes Zandy,1
Forbes Chris Kip Astrid,Forbes Chris Kip Astrid,1
Forbes Steve Sabine,Forbes Steve Sabine,1
Ford Katie,Ford Katie,1
Ford Tom Richard Buckley,Ford Tom Richard Buckley,1
Forman John,Forman John,1
Forman Johnathan,Forman Johnathan,1
Formby Nicola,Formby Nicola,1
Forte Rocco Aliai,Forte Rocco Aliai,1
Fox Andrew,Fox Andrew,1
Fox William Lucinda,Fox William Lucinda,1
Fraisser Violet,Fraisser Violet,1
Francesco De La Garda,Francesco De La Garda,1
Francey Kathy,Francey Kathy,1
Fraysse Isabel,Fraysse Isabel,1
Freud Mathew,Freud Mathew,1
Lucy Wastnage,Lucy Wastnage,1
Fellcity Waterman,Fellcity Waterman,1
Victoria Watson,Victoria Watson,1
Veronica Webb,Veronica Webb,1
Lord Weidenfeld,Lord Weidenfeld,1
Jason Weimberg,Jason Weimberg,1
Bob Weinstein,Bob Weinstein,1
Harriet Weintraub,Harriet Weintraub,1
Ruth Westheimer,Ruth Westheimer,1
Lally Weymouth,Lally Weymouth,1
White Somers,White Somers,1
White Victoria,White Victoria,1
Michael White,Michael White,1
Victoria White O'Gara,Victoria White O'Gara,1
Alan Whitworth,Alan Whitworth,1
Wendy Whitworth,Wendy Whitworth,1
Jim Wiat,Jim Wiat,1
Anouska Wienberg,Anouska Wienberg,1
Mark Wienberg,Mark Wienberg,1
Marion Wiesel,Marion Wiesel,1
Liionel Wigram,Liionel Wigram,1
Lydia Wigram,Lydia Wigram,1
Lionel Wigram,Lionel Wigram,1
Alexandra Williams,Alexandra Williams,1
Nick Williams,Nick Williams,1
Carol Ganl,Carol Ganl,1
Weinstein J,Weinstein J,1
Vittorelli Dott Marco,Vittorelli Dott Marco,1
Vivian Smith Charles,Vivian Smith Charles,1
Von Habsburg Francesca,Von Habsburg Francesca,1
Vittoz Martine,Vittoz Martine,1
Von Hase Bettina,Von Hase Bettina,1
Vittoz Patrick,Vittoz Patrick,1
Wachtmeister Eric,Wachtmeister Eric,1
Vittoz Yvonnic,Vittoz Yvonnic,1
Wagner David,Wagner David,1
Wainright Rupert,Wainright Rupert,1
Waksal Sam,Waksal Sam,1
Wallace Mike,Wallace Mike,1
Walters Barbara,Walters Barbara,1
Ward Kevin,Ward Kevin,1
Warner Ozzie,Warner Ozzie,1
Warnford-Davis Mandy,Warnford-Davis Mandy,1
Wasserman Casey Laura,Wasserman Casey Laura,1
Wassong David,Wassong David,1
Spencer R Horn,Spencer R Horn,1
David Frost,David Frost,1
Lady Carina Frost,Lady Carina Frost,1
Nina Furstenburg Buravelli,Nina Furstenburg Buravelli,1
Mariella Frostrup,Mariella Frostrup,1
Edwina Fyson,Edwina Fyson,1
Cosmo Fry,Cosmo Fry,1
Amanda Fry,Amanda Fry,1
Teresa Fulhurst,Teresa Fulhurst,1
Heinrich Furstenberg,Heinrich Furstenberg,1
Milana Furstenberg,Milana Furstenberg,1
Alex Furstenbug,Alex Furstenbug,1
Alexandra V Furstenbug,Alexandra V Furstenbug,1
Esteban Juan Ganoza,Esteban Juan Ganoza,1
Jeremy Garson,Jeremy Garson,1
Nacho Gaspar,Nacho Gaspar,1
Harriett Gaul,Harriett Gaul,1
Ludmila Garcia,Ludmila Garcia,1
Tim Geary,Tim Geary,1
Adam Gardner,Adam Gardner,1
Michael Garland,Michael Garland,1
Jack Gelardin,Jack Gelardin,1
Catriona German-Ribon,Catriona German-Ribon,1
Edwards Andrew Tracy,Edwards Andrew Tracy,1
Elian Johnathan,Elian Johnathan,1
Elias Brian,Elias Brian,1
Ellasch Johan Amanda,Ellasch Johan Amanda,1
Elingworth Charlie Amanda,Elingworth Charlie Amanda,1
Ellenbogen Eric,Ellenbogen Eric,1
Elliot Ben,Elliot Ben,1
Elliot Gail Joe Coffey,Elliot Gail Joe Coffey,1
Ellison Mandy Ralph,Ellison Mandy Ralph,1
Elwes Anabel,Elwes Anabel,1
Epstein Ed,Epstein Ed,1
Erba Noona,Erba Noona,1
Espirito Santo Manuel And Ros,Espirito Santo Manuel And Ros,1
Estlin Jean-Marc,Estlin Jean-Marc,1
Estrada Juffali Chris-Tina,Estrada Juffali Chris-Tina,1
Mitrovich Andrea,Mitrovich Andrea,1
Rueda Joseph Florena,Rueda Joseph Florena,1
Joseph Florina Rueda,Joseph Florina Rueda,1
Kellen Sarah,Kellen Sarah,1
Kelly Brian,Kelly Brian,1
Tim Newcombe,Tim Newcombe,1
Cheryl Palmer,Cheryl Palmer,1
Joe Degeno,Joe Degeno,1
Ehud Forman,Ehud Forman,1
Eve Andersson,Eve Andersson,1
David Cook,David Cook,1
Bossom Hon Bruce,Bossom Hon Bruce,1
Bracchetti Peretti Ferdinando,Bracchetti Peretti Ferdinando,1
Bram Ben,Bram Ben,1
Branson Richard,Branson Richard,1
Boucherie Sylvianne,Boucherie Sylvianne,1
Bracchetti Hugo,Bracchetti Hugo,1
Brand Tony,Brand Tony,1
Briatore Flavio,Briatore Flavio,1
Bourke Rick,Bourke Rick,1
Braine Caroline,Braine Caroline,1
Brandolini D'Adda,Brandolini D'Adda,1
Bowles Hamish,Bowles Hamish,1
Braine Katie,Braine Katie,1
Brandolini Nuno,Brandolini Nuno,1
Brandt Peter,Brandt Peter,1
Broadhurst Julia,Broadhurst Julia,1
Kargh Casey,Kargh Casey,1
Lambert Zhang,Lambert Zhang,1
Andrew J Ceresney,Andrew J Ceresney,1
Nicole L Saltzman,Nicole L Saltzman,1
Joel Pasithay,Joel Pasithay,1
Maxwell Marcella,Maxwell Marcella,1
Mayhew John,Mayhew John,1
Mazandi Yassi,Mazandi Yassi,1
Mazzoti Mateo,Mazzoti Mateo,1
Mc Allanor,Mc Allanor,1
Mcalpine Alistair Romilly,Mcalpine Alistair Romilly,1
Mcdonald John,Mcdonald John,1
Mcfarland Anthony,Mcfarland Anthony,1
Mckenzie Raymond,Mckenzie Raymond,1
Mclancy Cas,Mclancy Cas,1
Mclane Shannon,Mclane Shannon,1
Mcleod Jock Pru,Mcleod Jock Pru,1
Meister Todd,Meister Todd,1
Menzies Kate,Menzies Kate,1
Merison Guy Caroline,Merison Guy Caroline,1
Merivale-Austen Bruce,Merivale-Austen Bruce,1
Mendoza Neil,Mendoza Neil,1
Larry Toblason,Larry Toblason,1
Bob Trossie,Bob Trossie,1
Mary Trust,Mary Trust,1
Peg Upland,Peg Upland,1
Tony Vajukas,Tony Vajukas,1
Linda Wachner,Linda Wachner,1
Francis Wahl,Francis Wahl,1
Jerry Merrit,Jerry Merrit,1
Mark Middleton,Mark Middleton,1
Lesly Wexner,Lesly Wexner,1
O'Donnell Carletto,O'Donnell Carletto,1
Otsen Camille,Otsen Camille,1
Oppenheim Marella,Oppenheim Marella,1
Oswald William Arabella,Oswald William Arabella,1
O'Neill Louis,O'Neill Louis,1
Omar Ralph,Omar Ralph,1
Orchard Vaughn-Edward Katie,Orchard Vaughn-Edward Katie,1
Oates Simon,Oates Simon,1
Ong Bs Christina,Ong Bs Christina,1
Oates Tom,Oates Tom,1
Ong Melissa,Ong Melissa,1
Ojora Yinka,Ojora Yinka,1
Oppenheim Laurie,Oppenheim Laurie,1
Orlando Fabrice,Orlando Fabrice,1
Osbourne Rachel,Osbourne Rachel,1
Otto Beo Edvige,Otto Beo Edvige,1
Owen Edmunds Tom Kate,Owen Edmunds Tom Kate,1
Jane Rosenberg,Jane Rosenberg,1
Nicolas Tyler Landsman Roos,Nicolas Tyler Landsman Roos,1
Rebekah Allen Donaleski,Rebekah Allen Donaleski,1
Jessica Rose Lonergan,Jessica Rose Lonergan,1
Hunter'S Lessee,Hunter'S Lessee,1
Georgette Klinger,Georgette Klinger,1
Le Madre,Le Madre,1
Nicholas Roos,Nicholas Roos,1
Eric Sagara,Eric Sagara,1
Cox Madison,Cox Madison,1
Hoffman Paul,Hoffman Paul,1
Andrew Rohrabch,Andrew Rohrabch,1
Maurene Ryan Coney,Maurene Ryan Coney,1
Caruth Sophie,Caruth Sophie,1
Castaneda Debbie,Castaneda Debbie,1
Cecil Mark,Cecil Mark,1
Carello Sara Massimo,Carello Sara Massimo,1
Carvalho Michel Charlene,Carvalho Michel Charlene,1
Cator Alby And Victoria,Cator Alby And Victoria,1
Caray William Carina,Caray William Carina,1
Casagrande Guido,Casagrande Guido,1
Cecil Mark Mini,Cecil Mark Mini,1
Cerina Fabrizio,Cerina Fabrizio,1
Carlbom Camila,Carlbom Camila,1
Case Simon,Case Simon,1
Cecil Stephenson Aurelia,Cecil Stephenson Aurelia,1
Carrera Barbara,Carrera Barbara,1
Case George Pauline,Case George Pauline,1
Carutti Gian Carlo,Carutti Gian Carlo,1
David Relga,David Relga,1
Joe Pagands,Joe Pagands,1
Myra Duran,Myra Duran,1
Jonathan Pamd,Jonathan Pamd,1
Hefner Bob,Hefner Bob,1
Heiden Lisa,Heiden Lisa,1
Helmeken Freddie,Helmeken Freddie,1
Helen And Tim Shifter,Helen And Tim Shifter,1
Helvin Marie,Helvin Marie,1
Herbert Jason,Herbert Jason,1
Hermes Olga Olaf,Hermes Olga Olaf,1
Herrero Juan Helen,Herrero Juan Helen,1
Hersov Robert Kim,Hersov Robert Kim,1
Heseltine Annabel,Heseltine Annabel,1
Peter Butler,Peter Butler,1
Heseltine Rupert,Heseltine Rupert,1
David Flintwood,David Flintwood,1
Hill Anthony,Hill Anthony,1
Himmelstein Howard,Himmelstein Howard,1
Hirsch Jeff,Hirsch Jeff,1
Hissom Robert Andrea,Hissom Robert Andrea,1
Hoffman Dustin,Hoffman Dustin,1
Hoffman Hetty,Hoffman Hetty,1
Alexander A Acosta,Alexander A Acosta,1
Esperanza Sobrino,Esperanza Sobrino,1
Andrew Solomon,Andrew Solomon,1
Peter Soros,Peter Soros,1
Jaime Marina De Soto,Jaime Marina De Soto,1
Hamilton South,Hamilton South,1
Carlos Souza,Carlos Souza,1
Hugo Squire,Hugo Squire,1
Edward St Bris,Edward St Bris,1
Caroline Stanburry,Caroline Stanburry,1
Koo Stark,Koo Stark,1
Thomas Starzewski,Thomas Starzewski,1
Chris Steenkamp,Chris Steenkamp,1
Jeffrey Steiner,Jeffrey Steiner,1
Chris Nina Steinkampf,Chris Nina Steinkampf,1
Andrew Stengel,Andrew Stengel,1
Rick Mary Stengel,Rick Mary Stengel,1
Rachline Nicholas,Rachline Nicholas,1
Radziwill Carole,Radziwill Carole,1
Rankin Gavin,Rankin Gavin,1
Rappaport Don,Rappaport Don,1
Rattazzi Isabel,Rattazzi Isabel,1
Raynes Patty,Raynes Patty,1
Reardan Kate,Reardan Kate,1
Reyna Michael,Reyna Michael,1
Reynal Miguel,Reynal Miguel,1
Reza Ali,Reza Ali,1
Ritblat Nick Rebecca Willis,Ritblat Nick Rebecca Willis,1
Ritson Thomas Rupert,Ritson Thomas Rupert,1
Rivers Joan,Rivers Joan,1
Robert Joseph Jill,Robert Joseph Jill,1
Roberts Deb,Roberts Deb,1
Robiant Edmondo Di Maya,Robiant Edmondo Di Maya,1
Robinski Kasiapod,Robinski Kasiapod,1
Robinson Jo Lisa Shields,Robinson Jo Lisa Shields,1
Rocksavage David,Rocksavage David,1
Jimmy Cavne,Jimmy Cavne,1
Daniel Chou,Daniel Chou,1
Silas Delson,Silas Delson,1
George Derby,George Derby,1
Catherine Dershowitz,Catherine Dershowitz,1
Alan Engle,Alan Engle,1
Don Edelman,Don Edelman,1
Gerald Epstein,Gerald Epstein,1
Glen Cuba,Glen Cuba,1
Jok Dan Dvan,Jok Dan Dvan,1
Jim Elliot,Jim Elliot,1
Jem Mandy Gibson,Jem Mandy Gibson,1
Jimmy Whatsis,Jimmy Whatsis,1
Marilyn Whetst,Marilyn Whetst,1
Doug Schottle,Doug Schottle,1
Claudia Hartz,Claudia Hartz,1
Alan Dashowski,Alan Dashowski,1
Manoy D,Manoy D,1
Winston Pashkow,Winston Pashkow,1
Whitney Sherry,Whitney Sherry,1
Ellis Freedman,Ellis Freedman,1
Grumbridge Malcolm,Grumbridge Malcolm,1
Lemainc Pierre,Lemainc Pierre,1
Marden Scott,Marden Scott,1
Sarah Nurse,Sarah Nurse,1
Miranda Bob,Miranda Bob,1
Moss Brian,Moss Brian,1
Carolin Coleman,Carolin Coleman,1
Nessom Mauri,Nessom Mauri,1
Oliver Keith,Oliver Keith,1
Paul Cox,Paul Cox,1
Kevin Oliver,Kevin Oliver,1
Hakan Medwell,Hakan Medwell,1
Pisar Samuel,Pisar Samuel,1
Posen Felix,Posen Felix,1
Shaw Derek,Shaw Derek,1
Shelly Aboff,Shelly Aboff,1
Tony Busby,Tony Busby,1
Travis Paul,Travis Paul,1
Tuttle Jim,Tuttle Jim,1
White Justin,White Justin,1
Pierre Jerome,Pierre Jerome,1
Mark Katzenellenbogen,Mark Katzenellenbogen,1
Sarah Keeling,Sarah Keeling,1
Rory Kegan,Rory Kegan,1
Amanda Keidan,Amanda Keidan,1
Jon Keidan,Jon Keidan,1
George Kelier,George Kelier,1
Caroline Kellett Fraysse,Caroline Kellett Fraysse,1
Leo-Arthur Kelmenson,Leo-Arthur Kelmenson,1
Gail Kelmenson,Gail Kelmenson,1
Andrew Kennedy Cuomo,Andrew Kennedy Cuomo,1
Kerry Kennedy Cuomo,Kerry Kennedy Cuomo,1
Ted Kennedy,Ted Kennedy,1
Ethel Kennedy,Ethel Kennedy,1
Jo Kennedy,Jo Kennedy,1
Edward Kennedy,Edward Kennedy,1
Bobby Kennedy,Bobby Kennedy,1
Mary Kennedy,Mary Kennedy,1
Sol Kersner,Sol Kersner,1
Antoine Khayat,Antoine Khayat,1
Jana Khayat,Jana Khayat,1
George Khayat,George Khayat,1
Jemma Kidd,Jemma Kidd,1
Abby King,Abby King,1
Bobbi C Sterheim,Bobbi C Sterheim,1
Nicolas T Roos,Nicolas T Roos,1
Kathleen Hawks Sawyer,Kathleen Hawks Sawyer,1
Kimberley Espinosa,Kimberley Espinosa,1
Tovah Noel,Tovah Noel,1
Alison Julie Nathan,Alison Julie Nathan,1
Kirwin Taylor,Kirwin Taylor,1
Koch David,Koch David,1
Kudrow Alistar,Kudrow Alistar,1
Lambert David,Lambert David,1
Kirwin Taylor Peter,Kirwin Taylor Peter,1
Kohl Astrid,Kohl Astrid,1
Lal Dalamal,Lal Dalamal,1
Lambert Edward,Lambert Edward,1
Kissinger Henry A,Kissinger Henry A,1
Kotick Rohan,Kotick Rohan,1
Kotze Alex Von,Kotze Alex Von,1
Lalaunis Demetra,Lalaunis Demetra,1
Lang Caroline,Lang Caroline,1
Klee Rupert,Klee Rupert,1
Kravetz Anna,Kravetz Anna,1
Lambert Christopher,Lambert Christopher,1
Lange Dieter,Lange Dieter,1
Klesch Johannes,Klesch Johannes,1
Krooth Caryn,Krooth Caryn,1
Lambos Duff,Lambos Duff,1
Bill Maronet,Bill Maronet,1
Mike Pazulo,Mike Pazulo,1
Larry Mogens,Larry Mogens,1
Alan Stonek,Alan Stonek,1
John Bodie,John Bodie,1
Anthony Barrett,Anthony Barrett,1
Jonathan Barrett,Jonathan Barrett,1
Jerry Beck,Jerry Beck,1
Albert Beramou,Albert Beramou,1
Sophie Birdle-Hakim,Sophie Birdle-Hakim,1
Nadia Blondin,Nadia Blondin,1
Coco Brown,Coco Brown,1
David Borden,David Borden,1
Kelly Boyino,Kelly Boyino,1
Swed Wagner,Swed Wagner,1
Charlie Wagner,Charlie Wagner,1
Bob Culum,Bob Culum,1
Ready Bill,Ready Bill,1
Rolfe Gail,Rolfe Gail,1
Ronson Lisa,Ronson Lisa,1
Ronson Gerald,Ronson Gerald,1
Rose Charlie Burder Amanda,Rose Charlie Burder Amanda,1
Rosen Andrew,Rosen Andrew,1
Rosen Denis Sylvia,Rosen Denis Sylvia,1
Rosencrantz Claudia,Rosencrantz Claudia,1
Rosenfeld Donald,Rosenfeld Donald,1
Rose Wendy Jo,Rose Wendy Jo,1
Rosenstein Rob,Rosenstein Rob,1
Rosenthal Jane,Rosenthal Jane,1
Roth Peter Thomas Noreen,Roth Peter Thomas Noreen,1
Rothchild Jessica,Rothchild Jessica,1
Rothchild Hannah,Rothchild Hannah,1
Rothenburg Rich,Rothenburg Rich,1
Rotherwick Tania Robin,Rotherwick Tania Robin,1
Shuster Susie,Shuster Susie,1
Siegal Peggy,Siegal Peggy,1
Siegel William Bill,Siegel William Bill,1
Sleghart William,Sleghart William,1
Silver Ron,Silver Ron,1
Silverman Nancy Henry,Silverman Nancy Henry,1
Simon Bran,Simon Bran,1
Simpson Caruth Sophie,Simpson Caruth Sophie,1
Sindi Rena Sami,Sindi Rena Sami,1
Slayton Bobby,Slayton Bobby,1
Smith Osborne,Smith Osborne,1
Smith Peterson Noona,Smith Peterson Noona,1
Smith James,Smith James,1
Snyder Maria,Snyder Maria,1
Soames Rupert Milly,Soames Rupert Milly,1
L Hand,L Hand,1
Jessica Hoffman,Jessica Hoffman,1
Ben Holland-Martin,Ben Holland-Martin,1
James Hollond,James Hollond,1
Adam Tierney Horne,Adam Tierney Horne,1
Nina Hovenian,Nina Hovenian,1
Shaunt Hovanian,Shaunt Hovanian,1
Howard J Kaplan,Howard J Kaplan,1
Lucy Hawgego Johnson,Lucy Hawgego Johnson,1
Peter Hrst,Peter Hrst,1
Laura Hunt,Laura Hunt,1
Kit Georgina Hunter Gordon,Kit Georgina Hunter Gordon,1
Carlyn Laurie Hunter,Carlyn Laurie Hunter,1
Jon Mary Kaye Huntsman,Jon Mary Kaye Huntsman,1
Nick Kim Hurd,Nick Kim Hurd,1
Liz Hurley,Liz Hurley,1
Lanna Behlolovich,Lanna Behlolovich,1
Vikram Chatwal,Vikram Chatwal,1
Gianfranco Cicogna,Gianfranco Cicogna,1
Guiseppi Cipriani,Guiseppi Cipriani,1
Lucy Clive,Lucy Clive,1
John Chenevix-Trench,John Chenevix-Trench,1
Lucy Chenevix-Trench,Lucy Chenevix-Trench,1
Marina Cicogna,Marina Cicogna,1
Pietro Cicognani,Pietro Cicognani,1
Alejandra Cicognani,Alejandra Cicognani,1
Gustavo Cisneros,Gustavo Cisneros,1
Patty Cisneros,Patty Cisneros,1
Amadeo Claverino,Amadeo Claverino,1
Larry Coben,Larry Coben,1
Gianluca Cicogna,Gianluca Cicogna,1
Isabel Claverino,Isabel Claverino,1
John Alice Fay Cleese,John Alice Fay Cleese,1
Mandy Cochrane,Mandy Cochrane,1
Gecondda Cicogna,Gecondda Cicogna,1
Linska Clerach,Linska Clerach,1
Graham Clempson,Graham Clempson,1
Emma Clempson,Emma Clempson,1
Dalit Cohen,Dalit Cohen,1
Ott Cynthia,Ott Cynthia,1
Pinto Alberto,Pinto Alberto,1
Vieira Cotrin Valdson,Vieira Cotrin Valdson,1
John Wiley,John Wiley,1
San Pedro,San Pedro,1
Jessica R Lonergan,Jessica R Lonergan,1
Nicolas T Landsman-Roos,Nicolas T Landsman-Roos,1
Eric Sagarra,Eric Sagarra,1
Andrew Ahrbach,Andrew Ahrbach,1
Andrew Walker,Andrew Walker,1
Abousleiman Joanna,Abousleiman Joanna,1
Aldridge Saffron,Aldridge Saffron,1
Adam Nick,Adam Nick,1
Alexander Pam,Alexander Pam,1
Agag Alejandro,Agag Alejandro,1
Algranti Giacomo,Algranti Giacomo,1
Agnew Marie Claire John,Agnew Marie Claire John,1
Allan Paul,Allan Paul,1
Alal Azzedine,Alal Azzedine,1
Allan Nick Sarah,Allan Nick Sarah,1
Albermarle Rufus Sally,Albermarle Rufus Sally,1
Althorp Charlie,Althorp Charlie,1
Danielle R Sassoon,Danielle R Sassoon,1
Paul Tharp,Paul Tharp,1
Lic Nadelson,Lic Nadelson,1
Patricia Velesquez,Patricia Velesquez,1
Kelly Barrios,Kelly Barrios,1
Jonathan Falder,Jonathan Falder,1
Adriana M,Adriana M,1
David Groot,David Groot,1
Laiya Donfry,Laiya Donfry,1
Ed Mollicone,Ed Mollicone,1
George Mertens,George Mertens,1
Jorge Mertons,Jorge Mertons,1
M J E,M J E,1
My Goldsmith,My Goldsmith,1
M K S Wexno,M K S Wexno,1
Joseph Receray,Joseph Receray,1
David Andrew,David Andrew,1
Mike Muthfuckin Shelly,Mike Muthfuckin Shelly,1
Kathryn A Meyers,Kathryn A Meyers,1
Keith J Brett,Keith J Brett,1
Krister Ahlstrom,Krister Ahlstrom,1
Madelaine K Albright,Madelaine K Albright,1
Paul Arthur Allaire,Paul Arthur Allaire,1
Graham Allison,Graham Allison,1
Edmond Alphandery,Edmond Alphandery,1
Dwayne O Andreas,Dwayne O Andreas,1
Stelios Argyros,Stelios Argyros,1
Michael Armacost,Michael Armacost,1
Jarzy Baczynsk,Jarzy Baczynsk,1
Euan Baird,Euan Baird,1
Piero Bassetti,Piero Bassetti,1
Riley P Bechtel,Riley P Bechtel,1
Erik Belfrage,Erik Belfrage,1
C Fred Bergsten,C Fred Bergsten,1
Susan V Berresford,Susan V Berresford,1
Carl Bildt,Carl Bildt,1
Lord Conrad M Black,Lord Conrad M Black,1
Geoffrey T Boisi,Geoffrey T Boisi,1
Ana Patricia Botin,Ana Patricia Botin,1
Jacques Bougie,Jacques Bougie,1
Jorge Braga De Macedo,Jorge Braga De Macedo,1
Lord Brittan,Lord Brittan,1
Harold Brown,Harold Brown,1
John H Bryan,John H Bryan,1
Zbigniew Brzezinski,Zbigniew Brzezinski,1
Robin Buchanan,Robin Buchanan,1
James E Burke,James E Burke,1
Sven Burmester,Sven Burmester,1
George Herbert Walker Bush,George Herbert Walker Bush,1
D Wayne Calloway,D Wayne Calloway,1
Kurt Campbell,Kurt Campbell,1
Frank C Carlucci,Frank C Carlucci,1
Herve De Carmoy,Herve De Carmoy,1
Gerhard Casper,Gerhard Casper,1
Toni-Semplicem Bella,Toni-Semplicem Bella,1
Mary Jane,Mary Jane,1
Ir Eptin,Ir Eptin,1
Ron Barton,Ron Barton,1
Je Eptin,Je Eptin,1
Donna Taravella,Donna Taravella,1
B Maxwell,B Maxwell,1
J Coch,J Coch,1
Jo Jo,Jo Jo,1
Vanessa Halley,Vanessa Halley,1
Bob Meister,Bob Meister,1
Magic David,Magic David,1
Sun Cant Shine All The Time,Sun Cant Shine All The Time,1
L Mixwell,L Mixwell,1
Rob Epstein,Rob Epstein,1
Eric Dubin,Eric Dubin,1
Dan Klores,Dan Klores,1
Larry Hirosaki,Larry Hirosaki,1
Dat Freakin' Rican,Dat Freakin' Rican,1
Jana Eaton,Jana Eaton,1
Jeff Schultz,Jeff Schultz,1
Darleen Gadre,Darleen Gadre,1
Murray Gellmann,Murray Gellmann,1
Larry Wilson,Larry Wilson,1
Sarah Kelson,Sarah Kelson,1
Andrea Munika,Andrea Munika,1
Jenn A,Jenn A,1
Nikkl I,Nikkl I,1
George Dowsen,George Dowsen,1
Dana Burn,Dana Burn,1
Alex Needs That Hair From Zoro,Alex Needs That Hair From Zoro,1
Terry Goddard,Terry Goddard,1
John Brockman,John Brockman,1
Y L,Y L,1
Dan Burns,Dan Burns,1
Rhidian Non,Rhidian Non,1
Leslie Waxner,Leslie Waxner,1
Lew Rone Krauss,Lew Rone Krauss,1
Doug Dad,Doug Dad,1
Joan Luc,Joan Luc,1
George Johnson,George Johnson,1
Debora Paula,Debora Paula,1
Jim Nottoff,Jim Nottoff,1
Lil T,Lil T,1
Lil Ray,Lil Ray,1
Morton Zuckermann,Morton Zuckermann,1
Dan Szarzenski,Dan Szarzenski,1
Joe Di Giovanni,Joe Di Giovanni,1
Frank Jennes,Frank Jennes,1
Dan Tischen,Dan Tischen,1
Larry Goldsmith,Larry Goldsmith,1
Judith F Censor,Judith F Censor,1
Jon Red,Jon Red,1
Theodore C Leopold,Theodore C Leopold,1
Guy Frontin,Guy Frontin,1
Bridget Bentz,Bridget Bentz,1
Amy Hanaway,Amy Hanaway,1
Melanie Mena,Melanie Mena,1
Randy Dowin,Randy Dowin,1
Ghislaine Maxwll,Ghislaine Maxwll,1
Willliam Tucker,Willliam Tucker,1
Mort Beckerman,Mort Beckerman,1
A Maxwell,A Maxwell,1
Wyatt Teresa,Wyatt Teresa,1
Melissa Munoz,Melissa Munoz,1
Jean Dubuffet,Jean Dubuffet,1
Eduardo Teodoren,Eduardo Teodoren,1
Tatiana Ruiz,Tatiana Ruiz,1
Ethan Britney,Ethan Britney,1
Lee Radziwill,Lee Radziwill,1
Jim Kaufman,Jim Kaufman,1
Laura Codman,Laura Codman,1
Ogden Codman,Ogden Codman,1
Edith Wharton,Edith Wharton,1
Ace Higgins Calero,Ace Higgins Calero,1
Elissa Haines,Elissa Haines,1
Leon Luc,Leon Luc,1
Laiya Doney,Laiya Doney,1
Wendy Desmaris,Wendy Desmaris,1
Sexy Girl,Sexy Girl,1
Ted Myster,Ted Myster,1
Howard Stern,Howard Stern,1
Steve Fishman,Steve Fishman,1
Ryan Lizza,Ryan Lizza,1
Adam Sternbergh,Adam Sternbergh,1
Mel Brooks,Mel Brooks,1
S Stephanic Burns,S Stephanic Burns,1
N Murray Gell Mann,N Murray Gell Mann,1
Sa Mighdolls,Sa Mighdolls,1
Ronnie Lomez,Ronnie Lomez,1
Deborah Dale Pucillo,Deborah Dale Pucillo,1
Lawrence Summers,Lawrence Summers,1
Tim O'Meilia,Tim O'Meilia,1
M S Necole Hesse,M S Necole Hesse,1
Amy Brise,Amy Brise,1
Wendy Desmarais,Wendy Desmarais,1
Lana Belohloavek,Lana Belohloavek,1
Jean Lee,Jean Lee,1
Jerry Cohen,Jerry Cohen,1
David Goldsmith,David Goldsmith,1
Jess Stoly,Jess Stoly,1
Jackie Depaula,Jackie Depaula,1
Vanessa Modely,Vanessa Modely,1
Andrgana Mucinska,Andrgana Mucinska,1
Paul Wolfowitz,Paul Wolfowitz,1
Richard Pearle,Richard Pearle,1
President Bush,President Bush,1
Phillip Pughjacoll,Phillip Pughjacoll,1
Sharon J Bock,Sharon J Bock,1
De Nitt,De Nitt,1
Joseph E Recary,Joseph E Recary,1
Bj Hammond,Bj Hammond,1
Lil Green Men,Lil Green Men,1
Alan Stopek,Alan Stopek,1
Alan Bontz,Alan Bontz,1
Chae Chae,Chae Chae,1
Wake Up Th,Wake Up Th,1
My Name Is,My Name Is,1
Super Rad,Super Rad,1
Girl From,Girl From,1
Another Da,Another Da,1
The Fight,The Fight,1
Be Quiet A,Be Quiet A,1
Oh Sammy-P,Oh Sammy-P,1
Dat Freaki,Dat Freaki,1
Miss Mary,Miss Mary,1
L Language Barrie,L Language Barrie,1
Maer Roshan,Maer Roshan,1
Dianne Cook,Dianne Cook,1
Stislaine Maxwell,Stislaine Maxwell,1
Sarah Keller,Sarah Keller,1
Sean Puffy Combs,Sean Puffy Combs,1
Heath Ledger,Heath Ledger,1
Mike Haleyos,Mike Haleyos,1
Peggy Siged,Peggy Siged,1
Arthur Liu,Arthur Liu,1
Naoia Marcinkova,Naoia Marcinkova,1
Gov Dowsey,Gov Dowsey,1
Debbie Ameritex,Debbie Ameritex,1
Jean Wlc,Jean Wlc,1
Cal H,Cal H,1
Adriana Marcinkova,Adriana Marcinkova,1
Jeffry Olson,Jeffry Olson,1
Jenny C,Jenny C,1
Condy Andriano,Condy Andriano,1
Larry Pilot,Larry Pilot,1
Orebero Laura,Orebero Laura,1
Hassan Khan,Hassan Khan,1
Sir Martin Sorrell,Sir Martin Sorrell,1
Ronald D Southern,Ronald D Southern,1
Myles Staunton,Myles Staunton,1
David Stockman,David Stockman,1
Peter Straarup,Peter Straarup,1
Barry F Sullivan,Barry F Sullivan,1
Peter Sutherland,Peter Sutherland,1
Tsuyoshi Takagi,Tsuyoshi Takagi,1
Akihiko Tanaka,Akihiko Tanaka,1
Naoki Tanaka,Naoki Tanaka,1
Luis Tellez,Luis Tellez,1
John Thain,John Thain,1
Jacques Thierry,Jacques Thierry,1
G Richard Thoman,G Richard Thoman,1
Lester C Throw,Lester C Throw,1
Niels Thygesen,Niels Thygesen,1
Harri Tiido,Harri Tiido,1
Loukas Tsoukalis,Loukas Tsoukalis,1
Wilson H Taylor,Wilson H Taylor,1
Laura D'Andrea Tyson,Laura D'Andrea Tyson,1
Laszlo Urban,Laszlo Urban,1
Mario Vargas Llosa,Mario Vargas Llosa,1
George Vassiliou,George Vassiliou,1
Franco Venturini,Franco Venturini,1
Friedrich Verzetnitsch,Friedrich Verzetnitsch,1
Sarasin Viraphol,Sarasin Viraphol,1
Paul A Volcker,Paul A Volcker,1
Marko Voljc,Marko Voljc,1
Joris Voorhoeve,Joris Voorhoeve,1
Panagis Vourloumis,Panagis Vourloumis,1
Adrianna Mucinska,Adrianna Mucinska,1
Marc Stal,Marc Stal,1
Linda Louis,Linda Louis,1
Mercedes Deforio,Mercedes Deforio,1
Isbyar Benjamin Skinner,Isbyar Benjamin Skinner,1
Nicolas Clements,Nicolas Clements,1
Erica Anderson,Erica Anderson,1
Dave Bois,Dave Bois,1
Ace Hernandez Garcia,Ace Hernandez Garcia,1
Sat Kirkpatrick,Sat Kirkpatrick,1
Andrew Stewart,Andrew Stewart,1
Christiana Orpiano,Christiana Orpiano,1
Slightly Steph,Slightly Steph,1
Mellisa Hunes,Mellisa Hunes,1
Lauren Strohl,Lauren Strohl,1
Martin Norat,Martin Norat,1
Haley Robinson,Haley Robinson,1
Sara Keller,Sara Keller,1
J E Ecs,J E Ecs,1
Jim Daly,Jim Daly,1
Shayna Casperson,Shayna Casperson,1
Jessica Simpson,Jessica Simpson,1
Hilary Duff,Hilary Duff,1
Britney Spears,Britney Spears,1
D Wurcel,D Wurcel,1
My Aunt,My Aunt,1
My Father,My Father,1
Christina Tepee,Christina Tepee,1
Katherine Fernandez Rundle,Katherine Fernandez Rundle,1
Rick Lincoln,Rick Lincoln,1
Peter Elwell,Peter Elwell,1
Hc Clark,Hc Clark,1
David Kennedy,David Kennedy,1
B Harrison,B Harrison,1
Miss Sarah,Miss Sarah,1
Miss Dawn,Miss Dawn,1
Janusz Kanacek,Janusz Kanacek,1
Daddy'S Lil' Girl,Daddy'S Lil' Girl,1
Harry Potter,Harry Potter,1
Claudus Mctavern,Claudus Mctavern,1
Court Wilde,Court Wilde,1
R Cecily,R Cecily,1
Sgt K Burfield,Sgt K Burfield,1
Vic Nicholas Calso,Vic Nicholas Calso,1
Dana Barnes,Dana Barnes,1
Lesley Waxno,Lesley Waxno,1
Harry Dollar,Harry Dollar,1
S Chori,S Chori,1
Kerry Connolly,Kerry Connolly,1
Dana Buraws,Dana Buraws,1
Hw Handy,Hw Handy,1
G Fronstin,G Fronstin,1
Chris T Lucas,Chris T Lucas,1
Dana Lane,Dana Lane,1
George F Baker,George F Baker,1
Stanley Fischer,Stanley Fischer,1
George M C Fisher,George M C Fisher,1
Richard B Fisher,Richard B Fisher,1
Richard W Fisher,Richard W Fisher,1
Jorgen Fitschen,Jorgen Fitschen,1
Thomas S Foley,Thomas S Foley,1
L Yves Fortier,L Yves Fortier,1
Paolo Fresco,Paolo Fresco,1
Stephen Friedman,Stephen Friedman,1
Michael Fuchs,Michael Fuchs,1
Hiroaki Fujii,Hiroaki Fujii,1
Shinji Fukukawa,Shinji Fukukawa,1
Gabriele Galatardi Di Genola,Gabriele Galatardi Di Genola,1
Richard N Gardner,Richard N Gardner,1
Lord Gareth-Jones,Lord Gareth-Jones,1
Leslie H Geib,Leslie H Geib,1
John A Georges,John A Georges,1
David R Gergen,David R Gergen,1
Louis V Gerstner,Louis V Gerstner,1
Lord Gilbert,Lord Gilbert,1
Frene Ginwala,Frene Ginwala,1
Joseph T Gorman,Joseph T Gorman,1
Allan E Gotlieb,Allan E Gotlieb,1
William C Graham,William C Graham,1
William H Gray,William H Gray,1
Jeffrey W Greenberg,Jeffrey W Greenberg,1
Maurice R Greenberg,Maurice R Greenberg,1
General Lord Guthrie,General Lord Guthrie,1
Toyoo Gyohten,Toyoo Gyohten,1
Robert D Haas,Robert D Haas,1
Uwe Haasen,Uwe Haasen,1
Carl Hahn,Carl Hahn,1
Sirkka Hmlinen,Sirkka Hmlinen,1
Lee H Hamilton,Lee H Hamilton,1
Stuart Harris,Stuart Harris,1
William A Haseltine,William A Haseltine,1
Victor Ferris,Victor Ferris,1
Lois Kennoy,Lois Kennoy,1
Jeffrey F Einstein,Jeffrey F Einstein,1
Lorraine Kraus,Lorraine Kraus,1
Chief Valdwon Cotrin,Chief Valdwon Cotrin,1
Tatiana Kateju,Tatiana Kateju,1
Linda Heilmachever,Linda Heilmachever,1
Marvin Davidson,Marvin Davidson,1
Alvin Einbender,Alvin Einbender,1
Luba Sunday,Luba Sunday,1
Matt Zelek,Matt Zelek,1
Jeff Staley,Jeff Staley,1
William Kelly,William Kelly,1
Leighton Chandler,Leighton Chandler,1
George Dobson,George Dobson,1
Leighran Chandler,Leighran Chandler,1
N Eaton,N Eaton,1
Altmar Nickie A,Altmar Nickie A,1
James Staley,James Staley,1
Sophia Staley,Sophia Staley,1
Alexa Staley,Alexa Staley,1
Suzanne Eaton,Suzanne Eaton,1
Jess Stelcy,Jess Stelcy,1
Conchitta Sarnoff,Conchitta Sarnoff,1
Bryan Zackery,Bryan Zackery,1
Abe Gosman,Abe Gosman,1
Paula Heil,Paula Heil,1
Girl From Ipameta,Girl From Ipameta,1
Frank Mccloud,Frank Mccloud,1
Tom Gluffrida,Tom Gluffrida,1
Barry Sifdiik,Barry Sifdiik,1
Elisa Cramer,Elisa Cramer,1
Bruce E Reinhart,Bruce E Reinhart,1
Douglas M Mcintosh,Douglas M Mcintosh,1
Jason A Mcgrath,Jason A Mcgrath,1
Robert Critton,Robert Critton,1
J C,J C,1
F M H,F M H,1
Barry Gross,Barry Gross,1
Detective Joe Recarey,Detective Joe Recarey,1
Lanna Belovia,Lanna Belovia,1
Team Lee,Team Lee,1
Tom Vrastiak,Tom Vrastiak,1
Thomas Vrastiek,Thomas Vrastiek,1
H Epstein,H Epstein,1
Margie L,Margie L,1
Jm Epstein,Jm Epstein,1
Maik Saks,Maik Saks,1
Vanessa Moody,Vanessa Moody,1
Domingo F Cavallo,Domingo F Cavallo,1
John H Chafee,John H Chafee,1
Morris Chang,Morris Chang,1
Richard B Cheney,Richard B Cheney,1
William Jefferson Clinton,William Jefferson Clinton,1
Cho Suck-Rai,Cho Suck-Rai,1
Marshall A Cohen,Marshall A Cohen,1
William T Coleman,William T Coleman,1
Timothy C Collins,Timothy C Collins,1
Richard Conroy,Richard Conroy,1
Richard N Cooper,Richard N Cooper,1
E Gerald Corrigan,E Gerald Corrigan,1
Alain Cotta,Alain Cotta,1
Michael J Critelli,Michael J Critelli,1
Lester Crystal,Lester Crystal,1
Gerald L Curtis,Gerald L Curtis,1
Kenneth Dam,Kenneth Dam,1
Lynn E Davis,Lynn E Davis,1
Baron Paul De Keersmacker,Baron Paul De Keersmacker,1
Lodewijck De Vink,Lodewijck De Vink,1
Roberto F De Ocampo,Roberto F De Ocampo,1
Andre' Desmarais,Andre' Desmarais,1
John M Deutch,John M Deutch,1
Vladimir Dlouhy,Vladimir Dlouhy,1
Peter C Dobell,Peter C Dobell,1
Wendy K Dobson,Wendy K Dobson,1
Husnu Dogan,Husnu Dogan,1
Jessica P Einhorn,Jessica P Einhorn,1
Hrh Prince El Hassan Bin Talal,Hrh Prince El Hassan Bin Talal,1
Bill Emmott,Bill Emmott,1
Roger A Enrico,Roger A Enrico,1
Robert F Erbur,Robert F Erbur,1
William T Esrey,William T Esrey,1
Dianne Feinstein,Dianne Feinstein,1
Martin S Feldstein,Martin S Feldstein,1
Dana Bunes,Dana Bunes,1
Andrew Deos,Andrew Deos,1
Raymond J Macdonald,Raymond J Macdonald,1
Rick Heers,Rick Heers,1
Zachary Bryan,Zachary Bryan,1
Angelic One,Angelic One,1
Jean Le,Jean Le,1
Mike O'Neil,Mike O'Neil,1
Michael O'Neill,Michael O'Neill,1
Just Remem,Just Remem,1
Jack S,Jack S,1
Dorothy Ma,Dorothy Ma,1
Ugly Ken H,Ugly Ken H,1
As Autumn,As Autumn,1
Hank China,Hank China,1
Simply Com,Simply Com,1
The Bastar,The Bastar,1
George Dawson,George Dawson,1
Bob Harrison,Bob Harrison,1
Jill Reiter,Jill Reiter,1
Natalia Marcinkova,Natalia Marcinkova,1
John Sykes,John Sykes,1
Mike Pezzulo,Mike Pezzulo,1
Jonitha Mackenzie,Jonitha Mackenzie,1
Nicholas The Damned,Nicholas The Damned,1
Nicole Radabaugh,Nicole Radabaugh,1
Ivan Robles,Ivan Robles,1
Easter Saffrey,Easter Saffrey,1
Ethan Brimley,Ethan Brimley,1
Ronnica Limax,Ronnica Limax,1
Ispyar Leslie Jamin Skiller,Ispyar Leslie Jamin Skiller,1
Mel-Y Ssa,Mel-Y Ssa,1
Larry Lisoski,Larry Lisoski,1
Pete Rathgeb,Pete Rathgeb,1
Joanna S,Joanna S,1
Alyssa R,Alyssa R,1
Robert D Putnam,Robert D Putnam,1
Franklin D Raines,Franklin D Raines,1
Charles B Rangel,Charles B Rangel,1
Lee R Raymond,Lee R Raymond,1
Paul Revay,Paul Revay,1
Gunter Rexrodt,Gunter Rexrodt,1
Hartley Richardson,Hartley Richardson,1
Rozanne L Ridgeway,Rozanne L Ridgeway,1
Charles S Robb,Charles S Robb,1
Gianfelice Rocca,Gianfelice Rocca,1
John D Rockefeller,John D Rockefeller,1
Sergio Romano,Sergio Romano,1
William V Roth,William V Roth,1
David M Rubenstein,David M Rubenstein,1
Luis Rubio,Luis Rubio,1
William D Ruckershaus,William D Ruckershaus,1
H Onno Ruding,H Onno Ruding,1
Donald H Rumsfeld,Donald H Rumsfeld,1
Arthur F Ryan,Arthur F Ryan,1
Rusdu Saracoglu,Rusdu Saracoglu,1
Silvio Scaglia,Silvio Scaglia,1
Henry B Schacht,Henry B Schacht,1
Jorgen Schleimann,Jorgen Schleimann,1
Guido Schmidt-Chiari,Guido Schmidt-Chiari,1
Kurt L Schmoke,Kurt L Schmoke,1
Pedro Schwartz,Pedro Schwartz,1
Prince Karel Of Schwarzenb,Prince Karel Of Schwarzenb,1
William Scranton,William Scranton,1
Raymond C H Seitz,Raymond C H Seitz,1
Maurizio Sell,Maurizio Sell,1
Jaime Serra,Jaime Serra,1
Roberto Egydio Setuba,Roberto Egydio Setuba,1
Donna Shalala,Donna Shalala,1
Albert Shanker,Albert Shanker,1
George P Shultz,George P Shultz,1
C J Silas,C J Silas,1
Stefano Silvestri,Stefano Silvestri,1
Lord Simon Of Highbury,Lord Simon Of Highbury,1
Gordon Smith,Gordon Smith,1
Anthony M Solomon,Anthony M Solomon,1
Rw Sonnenfeldt,Rw Sonnenfeldt,1
Mk Kirkwell,Mk Kirkwell,1
Mike Kirkwell,Mike Kirkwell,1
Herbert Glass,Herbert Glass,1
Howard Siira,Howard Siira,1
Mary Siira,Mary Siira,1
Areana Masirovska,Areana Masirovska,1
George Dowson,George Dowson,1
Jeff Schaniz,Jeff Schaniz,1
R Maxwell,R Maxwell,1
Ryan Ortell,Ryan Ortell,1
Bill Hamm,Bill Hamm,1
Denis M Murphy,Denis M Murphy,1
Joy Leftkowitz,Joy Leftkowitz,1
Jay Wiseman,Jay Wiseman,1
Guy Baldwin,Guy Baldwin,1
Christina Abernathy,Christina Abernathy,1
Amy Goldsmith,Amy Goldsmith,1
Vertice Osman,Vertice Osman,1
M Monschants,M Monschants,1
Carol Jones,Carol Jones,1
Roger Rowen,Roger Rowen,1
Tom Glufrrida,Tom Glufrrida,1
Larry Sidtik,Larry Sidtik,1
M-E-G Meg,M-E-G Meg,1
Simon Schuster,Simon Schuster,1
Herbert Haus,Herbert Haus,1
Asha Je,Asha Je,1
Nice Heana,Nice Heana,1
Mj Epstein,Mj Epstein,1
Ronnie Lomax,Ronnie Lomax,1
Veronica Montez,Veronica Montez,1
J D Coleman,J D Coleman,1
Jackin Martin,Jackin Martin,1
Leticia Dunn,Leticia Dunn,1
Cece Wang,Cece Wang,1
Mohan Murjani,Mohan Murjani,1
Wendy Belzberg,Wendy Belzberg,1
Alicia Ridentova,Alicia Ridentova,1
Bruce Houston,Bruce Houston,1
Melissa Hancs,Melissa Hancs,1
Larry Visocki,Larry Visocki,1
Jeffrey Barton,Jeffrey Barton,1
Elmer C Gudger,Elmer C Gudger,1
Michele D Pagan,Michele D Pagan,1
Jose M Abejon,Jose M Abejon,1
L Tatum,L Tatum,1
Brittney Beal,Brittney Beal,1
Asa Belohlavic,Asa Belohlavic,1
Atty Guy Fronstin,Atty Guy Fronstin,1
Atty Alan Dershowitz,Atty Alan Dershowitz,1
M Judelson,M Judelson,1
Elissa Haney,Elissa Haney,1
Shawn Adison,Shawn Adison,1
The Game,The Game,1
Brigitte Bardot,Brigitte Bardot,1
Ashley Capps,Ashley Capps,1
Micke L,Micke L,1
Ava Lania,Ava Lania,1
Steve Burns,Steve Burns,1
Lawrence Kreuss,Lawrence Kreuss,1
Lawrence Krauel,Lawrence Krauel,1
Judge Mcsorely,Judge Mcsorely,1
Joseph Rueda,Joseph Rueda,1
Florena Rueda,Florena Rueda,1
Rushit Metlawa,Rushit Metlawa,1
Bill Peadon,Bill Peadon,1
Nicole Hessey,Nicole Hessey,1
Cherie Lynch,Cherie Lynch,1
Larry Visosky,Larry Visosky,1
Nyleen Jampani,Nyleen Jampani,1
Carlos Sanchez,Carlos Sanchez,1
John Schantz,John Schantz,1
Peter Beck,Peter Beck,1
Nadia Marcinkowski,Nadia Marcinkowski,1
Copra Hold,Copra Hold,1
On Lee,On Lee,1
Larry Niroshi,Larry Niroshi,1
Gary Roxburgh,Gary Roxburgh,1
Det Captain Gudger,Det Captain Gudger,1
Margedar Defor,Margedar Defor,1
Howard Dezso,Howard Dezso,1
Ellen M Finly,Ellen M Finly,1
Rob H Matheson,Rob H Matheson,1
Nesbitt Kurkendall,Nesbitt Kurkendall,1
Tim Slater,Tim Slater,1
Junior Ortiz,Junior Ortiz,1
Gary Nikolits,Gary Nikolits,1
Michael Janin,Michael Janin,1
Carmen Sloan,Carmen Sloan,1
Capt Fricke,Capt Fricke,1
Johanna Fjoberg,Johanna Fjoberg,1
Chris Condom,Chris Condom,1
Veltria Oliver,Veltria Oliver,1
Sharon Bock,Sharon Bock,1
Ann Hailey,Ann Hailey,1
Janna Belovek,Janna Belovek,1
Jeffie Cecil,Jeffie Cecil,1
Jeff Holman,Jeff Holman,1
Eri Goldsmith,Eri Goldsmith,1
Recarey Joseph A,Recarey Joseph A,1
George Baldsmith,George Baldsmith,1
Fuck Haterz La,Fuck Haterz La,1
Alina Raytberg,Alina Raytberg,1
Jane Hertzko,Jane Hertzko,1
Angela Graf,Angela Graf,1
Haley Robison,Haley Robison,1
Count Marice Lippens,Count Marice Lippens,1
Winston Lord,Winston Lord,1
E Peter Lougheed,E Peter Lougheed,1
Cees Maas,Cees Maas,1
Ahmad Syafill Maarif,Ahmad Syafill Maarif,1
H Harrison Mccain,H Harrison Mccain,1
Hugh L Mccoll,Hugh L Mccoll,1
William J Mcdonough,William J Mcdonough,1
Whitney Macmillan,Whitney Macmillan,1
Robert S Mcnamara,Robert S Mcnamara,1
Antonio Mader,Antonio Mader,1
Jessica T Mathews,Jessica T Mathews,1
Abel Matutes,Abel Matutes,1
Francis Maud,Francis Maud,1
Sir Deryck C Maughan,Sir Deryck C Maughan,1
Jay Mazur,Jay Mazur,1
Peter Mitterbauer,Peter Mitterbauer,1
Kiichi Miyazawa,Kiichi Miyazawa,1
Thierry De Montbrial,Thierry De Montbrial,1
Sir Mark Moody-Stuart,Sir Mark Moody-Stuart,1
Jiro Murase,Jiro Murase,1
Yuang Ming,Yuang Ming,1
Mario Monti,Mario Monti,1
Yoshiji Nogami,Yoshiji Nogami,1
Lucio A Noto,Lucio A Noto,1
Joseph S Nye,Joseph S Nye,1
Shijuro Ogata,Shijuro Ogata,1
Michel Oksenberg,Michel Oksenberg,1
Andrzej Olechowski,Andrzej Olechowski,1
Michael O'Neil,Michael O'Neil,1
Lucas Papademos,Lucas Papademos,1
Schelto Patijn,Schelto Patijn,1
James A Pattison,James A Pattison,1
William Perry,William Perry,1
Michael E J Phelps,Michael E J Phelps,1
Colin L Powell,Colin L Powell,1
Alessandro Profumo,Alessandro Profumo,1
Joseph Recarkey,Joseph Recarkey,1
Preston Highdoll,Preston Highdoll,1
Harry Baller,Harry Baller,1
Erwin Roy,Erwin Roy,1
Chad Bonta,Chad Bonta,1
Peter Kapopoulos,Peter Kapopoulos,1
Shayna Casdorpf,Shayna Casdorpf,1
Sf Fatrim,Sf Fatrim,1
Frank Sinatra,Frank Sinatra,1
Sunni Banschbach,Sunni Banschbach,1
Adreana Marcinkova,Adreana Marcinkova,1
Areana Munsinska,Areana Munsinska,1
Chris Noth,Chris Noth,1
Rose Keegan,Rose Keegan,1
Kyle Maclachlan,Kyle Maclachlan,1
Woody Harrelson,Woody Harrelson,1
Luis Fernandez De La Reguera,Luis Fernandez De La Reguera,1
Willem Dafoe,Willem Dafoe,1
Matt Dillon,Matt Dillon,1
Jim Jarmusch,Jim Jarmusch,1
Steve Buscemi,Steve Buscemi,1
Julian Schnabel,Julian Schnabel,1
Sid Vicious,Sid Vicious,1
Bob Crane,Bob Crane,1
Pat Crane,Pat Crane,1
Chris Connelly,Chris Connelly,1
Rob Byrnes,Rob Byrnes,1
Marco Rdz,Marco Rdz,1
Baiby Lana,Baiby Lana,1
Barry F Krischer,Barry F Krischer,1
Dennis Block,Dennis Block,1
Helisa Mance,Helisa Mance,1
M Lipstein,M Lipstein,1
Dand Copperhold,Dand Copperhold,1
Jannie Saunders,Jannie Saunders,1
Jorry Goldsmith,Jorry Goldsmith,1
Hervan Pels,Hervan Pels,1
Yoshimasa Hayashi,Yoshimasa Hayashi,1
Charles B Heck,Charles B Heck,1
David J Hennigar,David J Hennigar,1
Carla A Hills,Carla A Hills,1
Richard Holbrooke,Richard Holbrooke,1
Robert D Hormats,Robert D Hormats,1
Murray Horn,Murray Horn,1
Hyun Hong-Choo,Hyun Hong-Choo,1
James R Houghton,James R Houghton,1
Claude Imbert,Claude Imbert,1
Bobby R Inman,Bobby R Inman,1
Joichi Ito,Joichi Ito,1
Max Jakobson,Max Jakobson,1
Baron Daniel Janssen,Baron Daniel Janssen,1
Sir Michael Jenkins,Sir Michael Jenkins,1
Trinidad Jimenez,Trinidad Jimenez,1
Josef Joffe,Josef Joffe,1
James A Johnson,James A Johnson,1
Samuel C Johnson,Samuel C Johnson,1
W Thomas Johnson,W Thomas Johnson,1
Han Sung-Joo,Han Sung-Joo,1
Vernon E Jordan,Vernon E Jordan,1
Karl Kaiser,Karl Kaiser,1
Donald R Keough,Donald R Keough,1
Henry A Kissinger,Henry A Kissinger,1
Sir John Kerr,Sir John Kerr,1
Kim Kihwan,Kim Kihwan,1
Il Sa Kong,Il Sa Kong,1
Kim Kyung-Won,Kim Kyung-Won,1
Aotaro Kobayashi,Aotaro Kobayashi,1
Akira Kojima,Akira Kojima,1
Marie-Josee Kravis,Marie-Josee Kravis,1
Thomas G Labrecque,Thomas G Labrecque,1
Manfred Lahnstein,Manfred Lahnstein,1
Count Otto Lambsdorff,Count Otto Lambsdorff,1
Kurt Lauk,Kurt Lauk,1
Anne Lauvergeon,Anne Lauvergeon,1
Kenneth L Lay,Kenneth L Lay,1
Jim Leach,Jim Leach,1
Cees Van Lede,Cees Van Lede,1
Lee In-Ho,Lee In-Ho,1
Gerald Levin,Gerald Levin,1
Bernard Lewis,Bernard Lewis,1
Lanna Betohlavek,Lanna Betohlavek,1
Wake Up The Dead,Wake Up The Dead,1
Jan Luc,Jan Luc,1
George Mitchel,George Mitchel,1
Lucian Mellawa,Lucian Mellawa,1
Ms Redacted,Ms Redacted,1
Jonn Lucke,Jonn Lucke,1
Anderson Cooper,Anderson Cooper,1
Lindsay Lohan,Lindsay Lohan,1
Katie Couric,Katie Couric,1
Jada Pinkett Smith,Jada Pinkett Smith,1
Suri Cruise,Suri Cruise,1
Billy Barou,Billy Barou,1
Sarah Ruth Orsak,Sarah Ruth Orsak,1
Sharon Lyn Boltne,Sharon Lyn Boltne,1
Sean Cassidy,Sean Cassidy,1
Janet Kinsella,Janet Kinsella,1
George Debon,George Debon,1
Razek Ed,Razek Ed,1
William Mook,William Mook,1
Bill Mook,Bill Mook,1
Mercedes Ditrop,Mercedes Ditrop,1
Mrnmrshumpa Ge,Mrnmrshumpa Ge,1
Penis Breath,Penis Breath,1
Mv Je,Mv Je,1
Barry Visoski,Barry Visoski,1
Gary Roxburg,Gary Roxburg,1
Ghislaine Makwell,Ghislaine Makwell,1
Maya Dubin,Maya Dubin,1
Mark L Epstein,Mark L Epstein,1
Jill Tf,Jill Tf,1
Karen Gordon,Karen Gordon,1
Cathy Alexander,Cathy Alexander,1
Kathie Orchard,Kathie Orchard,1
Miss Kopinc,Miss Kopinc,1
Luis Espinosa,Luis Espinosa,1
Jean Luk Brunel,Jean Luk Brunel,1
Janna Belohlavek,Janna Belohlavek,1
Miss Fm,Miss Fm,1
R Epstein,R Epstein,1
Joseph Recary,Joseph Recary,1
Hayley Robson,Hayley Robson,1
Mike Harrell,Mike Harrell,1
Mark Eistein,Mark Eistein,1
Tim Valentine,Tim Valentine,1
Bill Hartmann,Bill Hartmann,1
Larry Viskoaki,Larry Viskoaki,1
Chris Da Choppa,Chris Da Choppa,1
Heather Carlton,Heather Carlton,1
Guy R Lewis,Guy R Lewis,1
Nancy Vorpe Quinlan,Nancy Vorpe Quinlan,1
Melissa Hanes,Melissa Hanes,1
Marvin David-Son,Marvin David-Son,1
Alvin Einbinder,Alvin Einbinder,1
Sarah Stanley,Sarah Stanley,1
Alexa Stanley,Alexa Stanley,1
Clodus Mctavern,Clodus Mctavern,1
Christina Orplano,Christina Orplano,1
D Derek,D Derek,1
Lanna Bellohavek,Lanna Bellohavek,1
Ciedus Mctavern,Ciedus Mctavern,1
Lynne Brooks,Lynne Brooks,1
Alina Roytberg,Alina Roytberg,1
Jane Hershios,Jane Hershios,1
Angela Groff,Angela Groff,1
June Havoc,June Havoc,1
Donna Karan,Donna Karan,1
Henri Bendel,Henri Bendel,1
Narciso Rodriguez,Narciso Rodriguez,1
Jill Kim,Jill Kim,1
Agnes Bruckner,Agnes Bruckner,1
Dolce Gabbana,Dolce Gabbana,1
Katherine M,Katherine M,1
Mark L Wenans,Mark L Wenans,1
Latasha Lowe,Latasha Lowe,1
Joshua Markin,Joshua Markin,1
Alfedo A Rodriguez,Alfedo A Rodriguez,1
Caroline Ambroise,Caroline Ambroise,1
Nell Riley Kiraly,Nell Riley Kiraly,1
Ronnic Lomax,Ronnic Lomax,1
Rlpm Colon,Rlpm Colon,1
Madeline Casey,Madeline Casey,1
Jeff Scientz,Jeff Scientz,1
Jeff Herman,Jeff Herman,1
David Norr,David Norr,1
Principal Rick Heers,Principal Rick Heers,1
Michael Brian,Michael Brian,1
Dana Butrus,Dana Butrus,1
Bailey Robson,Bailey Robson,1
Mercedes De Jesus,Mercedes De Jesus,1
Howard De Jesus,Howard De Jesus,1
Donna F Shalala,Donna F Shalala,1
Lawrence Krocuss,Lawrence Krocuss,1
Tim Paverit,Tim Paverit,1
Lato'Sha Lowe,Lato'Sha Lowe,1
Luria Krauss,Luria Krauss,1
Adam Distelbrink,Adam Distelbrink,1
Burt Ocariz,Burt Ocariz,1
Carolyn Andrews,Carolyn Andrews,1
Evans Habeebian,Evans Habeebian,1
Nicholas Carlson,Nicholas Carlson,1
Jerry Goldsaith,Jerry Goldsaith,1
Dominick Dunne,Dominick Dunne,1
Steven Hoffenberg,Steven Hoffenberg,1
Ronald Gardner,Ronald Gardner,1
Courtney Sailor,Courtney Sailor,1
Sarah Ferguson,Sarah Ferguson,1
Johanna Sjoerels,Johanna Sjoerels,1
Ya Epshtein,Ya Epshtein,1
Ma Brown,Ma Brown,1
James Jackson,James Jackson,1
Max Fisher,Max Fisher,1
Gerald Ford,Gerald Ford,1
Frank Lutz,Frank Lutz,1
Yassir Arafat,Yassir Arafat,1
Mahmoud Abbas,Mahmoud Abbas,1
Apathetic Human,Apathetic Human,1
Receray Joseph,Receray Joseph,1
Glenn Kutsovsky,Glenn Kutsovsky,1
Steve Scott,Steve Scott,1
Danto Fereathi,Danto Fereathi,1
Larry Vissaki,Larry Vissaki,1
Sue Hamilton,Sue Hamilton,1
Kathrine M,Kathrine M,1
Csi Pavlik,Csi Pavlik,1
Preston Higginbottom,Preston Higginbottom,1
Sharon R,Sharon R,1
I Heart Garrett,I Heart Garrett,1
Jennifer Without The Riffer,Jennifer Without The Riffer,1
Isaac Benjamin Tyler,Isaac Benjamin Tyler,1
Ofc Nicholas Garcia,Ofc Nicholas Garcia,1
Ben Laun,Ben Laun,1
Sam Luc,Sam Luc,1
Justin Sanchor,Justin Sanchor,1
Frederick Fokkel,Frederick Fokkel,1
Andrea Muniska,Andrea Muniska,1
Adriana Muscinska,Adriana Muscinska,1
John Lurz,John Lurz,1
Myya Dubin,Myya Dubin,1
Sophia Stanley,Sophia Stanley,1
Scott Rothstein,Scott Rothstein,1
Cledus Mct,Cledus Mct,1
Jay The Az,Jay The Az,1
Big Chris,Big Chris,1
Thizz Or Die,Thizz Or Die,1
Natascha Malte,Natascha Malte,1
Brooke De Ocampo,Brooke De Ocampo,1
Shayna Jasmine Ui,Shayna Jasmine Ui,1
John Epstein,John Epstein,1
Robert Mathew,Robert Mathew,1
Mike Duval,Mike Duval,1
Tony Diaz,Tony Diaz,1
Joseph A Recarey,Joseph A Recarey,1
Jim Lucas,Jim Lucas,1
Lanna Filocomo,Lanna Filocomo,1
M Guajardo,M Guajardo,1
Tami Donaldson,Tami Donaldson,1
Nick Sorenson,Nick Sorenson,1
Nick Sorensen,Nick Sorensen,1
Tony V,Tony V,1
Alessi Marie,Alessi Marie,1
Alessi John,Alessi John,1
Desmarais Wendy D,Desmarais Wendy D,1
Larry S Epstein,Larry S Epstein,1
I Heart,I Heart,1
Murphys Mike Jones,Murphys Mike Jones,1
Laurie Lamerson,Laurie Lamerson,1
Michellle D Pagan,Michellle D Pagan,1
Big Dawg,Big Dawg,1
Keith Kelly,Keith Kelly,1
John C Cassidy,John C Cassidy,1
Sha Killen,Sha Killen,1
Cj Devery,Cj Devery,1
Cohn Cagleton,Cohn Cagleton,1
Valo Son Cotrin,Valo Son Cotrin,1
Manuela Sjoetter,Manuela Sjoetter,1
Allie Feldman,Allie Feldman,1
Alex Nephew,Alex Nephew,1
Carolyn Norris,Carolyn Norris,1
Jennifer Potter,Jennifer Potter,1
Kara Ross,Kara Ross,1
Michele Herbert,Michele Herbert,1
Sharyn Mann,Sharyn Mann,1
Mary Gordon,Mary Gordon,1
Leonard Gordon,Leonard Gordon,1
Sybil Shainwald,Sybil Shainwald,1
Al Larson,Al Larson,1
Michele Tagliani,Michele Tagliani,1
Tegla Davies,Tegla Davies,1
Gary Green,Gary Green,1
Michael Bebon,Michael Bebon,1
Wendy Frank,Wendy Frank,1
Woody Heller,Woody Heller,1
Nina Shapiro,Nina Shapiro,1
Alison Schneider,Alison Schneider,1
Patricia Ca,Patricia Ca,1
M Michael,M Michael,1
Chicken Slayer,Chicken Slayer,1
Queen Of Hls Duble Wide,Queen Of Hls Duble Wide,1
Ashley Fucking Davis,Ashley Fucking Davis,1
Jeffrey Luc,Jeffrey Luc,1
Last First,Last First,1
Amanda Laslo,Amanda Laslo,1
Nicole Hause,Nicole Hause,1
Victim'S Father,Victim'S Father,1
Joann Joorberg,Joann Joorberg,1
Meleah Paul,Meleah Paul,1
Jason Elder,Jason Elder,1
Melissa Harris,Melissa Harris,1
Hen - Fei,Hen - Fei,1
Nadia Marcenkova,Nadia Marcenkova,1
Chrri Kiisz,Chrri Kiisz,1
Phat Fatty,Phat Fatty,1
Det Kraul,Det Kraul,1
Dan Rodgers,Dan Rodgers,1
Bill Haan,Bill Haan,1
El Brillo,El Brillo,1
Nicole Marie,Nicole Marie,1
M Costaury,M Costaury,1
Adina Nguo,Adina Nguo,1
Emad Hanna,Emad Hanna,1
Bella Klein,Bella Klein,1
Helan Kim,Helan Kim,1
Michelle Comper,Michelle Comper,1
Jenn Doyle,Jenn Doyle,1
Keith Blumberg,Keith Blumberg,1
Mark Lumberg,Mark Lumberg,1
Karolyn Kalsy,Karolyn Kalsy,1
Ir Shavitz,Ir Shavitz,1
Gerald Edelman,Gerald Edelman,1
Andrea Musiska,Andrea Musiska,1
George Diaz,George Diaz,1
Maureen Cameron,Maureen Cameron,1
Miss Carolyn,Miss Carolyn,1
Belef Knuckles,Belef Knuckles,1
Dusty Wusty,Dusty Wusty,1
Lord Infamous,Lord Infamous,1
Eric K,Eric K,1
Mandy Biorklin,Mandy Biorklin,1
Linda Heilnacher,Linda Heilnacher,1
Jean We,Jean We,1
Ostrousley Anna,Ostrousley Anna,1
Recerey Joseph,Recerey Joseph,1
Diana Steelwood,Diana Steelwood,1
Last Benham,Last Benham,1
Jeffrey E Finley,Jeffrey E Finley,1
Joanna M,Joanna M,1
Eric Stephan,Eric Stephan,1
Anthony Figueroa,Anthony Figueroa,1
Lower Back,Lower Back,1
Kaytlyn Ma,Kaytlyn Ma,1
I Cant G,I Cant G,1
Paige Erin Johnson,Paige Erin Johnson,1
Robin Lovery,Robin Lovery,1
Carlos Darlz,Carlos Darlz,1
M J F,M J F,1
Sharon Cookson,Sharon Cookson,1
Lesley Wexner,Lesley Wexner,1
Joan We,Joan We,1
Dave Roggers,Dave Roggers,1
Larry Visinski,Larry Visinski,1
D Wersal,D Wersal,1
David Coppeahold,David Coppeahold,1
Jess Stanley,Jess Stanley,1
Dont Take Life Seriously You Wont Get Out Alive,Dont Take Life Seriously You Wont Get Out Alive,1
Beautifulhe Says I Am,Beautifulhe Says I Am,1
Judge Stern,Judge Stern,1
Mike Tyson,Mike Tyson,1
Jeffrey T Leeds,Jeffrey T Leeds,1
Robin Williams,Robin Williams,1
X Rip It And Dip It X,X Rip It And Dip It X,1
George Geyer,George Geyer,1
Dana Butas,Dana Butas,1
Dalia H Weiss,Dalia H Weiss,1
Julian Adams,Julian Adams,1
De La,De La,1
Officer Nicholas Caristo,Officer Nicholas Caristo,1
Whitest Puerto Rican,Whitest Puerto Rican,1
Eric Ross,Eric Ross,1
Lanna Leigh Belolavek,Lanna Leigh Belolavek,1
Mixmaster Mike,Mixmaster Mike,1
Dj Neight,Dj Neight,1
Karel Vuursteen,Karel Vuursteen,1
Antonio Garrigues Walker,Antonio Garrigues Walker,1
Jusuf Wanandi,Jusuf Wanandi,1
Goro Watanabe,Goro Watanabe,1
Koji Watanabe,Koji Watanabe,1
Glenn E Watts,Glenn E Watts,1
Serge Weinberg,Serge Weinberg,1
Heinrich Weiss,Heinrich Weiss,1
Henry Wendt,Henry Wendt,1
Arne Wessberg,Arne Wessberg,1
Marina V N Whitman,Marina V N Whitman,1
Norbert Wieczorek,Norbert Wieczorek,1
Lr Wilson,Lr Wilson,1
Robert N Wilson,Robert N Wilson,1
Robert C Winters,Robert C Winters,1
Paul D Wolfowitz,Paul D Wolfowitz,1
Taio Yakushiji,Taio Yakushiji,1
Tadashi Yamamoto,Tadashi Yamamoto,1
Emilio Ybarra,Emilio Ybarra,1
Noriyuki Yonemura,Noriyuki Yonemura,1
Bunroku Yoshino,Bunroku Yoshino,1
Lorenzo H Zambrano,Lorenzo H Zambrano,1
Ernesto Zedillo,Ernesto Zedillo,1
Mortimer Zuckerman,Mortimer Zuckerman,1
Robert B Zoellick,Robert B Zoellick,1
Bruce Babbitt,Bruce Babbitt,1
Thomas Foley,Thomas Foley,1
Jean Duc,Jean Duc,1
Micheal Orwite,Micheal Orwite,1
Mercedes De Torres,Mercedes De Torres,1
Nathan Hyrnold,Nathan Hyrnold,1
Christine Baccard,Christine Baccard,1
Sarah Kattan,Sarah Kattan,1
Andrea Mosinska,Andrea Mosinska,1
Larry Visoeki,Larry Visoeki,1
Miss Barr,Miss Barr,1
Jess Study,Jess Study,1
